set_id	source1_entity_id	other_entity_id	error_type	country	s1_name	s1_address	other_name	other_address	in_candidates
1	S1-235485364	S2-173497338	false_negative	India	Kathiravan Enterprises Corporation	16/473 Vyjayanthi Appartments Madhavan Nair Road, Near Bhajana Kovil, Calicut, Kozhikode, Kerala	KATHIRAVAN ENTERPRISES		1
1	S1-235485364	S3-420169484	false_negative	India	Kathiravan Enterprises Corporation	16/473 Vyjayanthi Appartments Madhavan Nair Road, Near Bhajana Kovil, Calicut, Kozhikode, Kerala	Kathiravan Énterprises Corporation		1
1	S1-161452717	S3-628587440	blocking_miss	India	Utech Trading	27, Shivaji Marg Najafgarh Road, New Delhi, Delhi	utechtrading.com	27, New Delhi, दिल्ली	0
1	S1-544019441	S2-742004627	blocking_miss	US	Cardiology Clinic Inc.	2750 Havenwood Drive, Unit Unit B, City Of Oshkosh, WI	cclinic.com	2750 HAVRNWOOD DR, OSHKOSH, WI	0
1	S1-454591625	S2-559238308	blocking_miss	India	Surya Tech Private Limited	Fifth, 506 Satya One Complex, Drive In Road, Ahmadabad City, Ahmedabad, Gujarat	સૂર્ય ટેક પ્રાઇવેટ લિમિટેડ	AHMEDABAD, H.NO 719 FIFTH, AHMADABAD, Gujarat	0
1	S1-454591625	S2-58545865	false_negative	India	Surya Tech Private Limited	Fifth, 506 Satya One Complex, Drive In Road, Ahmadabad City, Ahmedabad, Gujarat	Limited Surya Tech Partners	H.NO 719 FIFTH, AHMADABAD, AHMEDABAD, Gujarat	1
1	S1-454591625	S3-866539847	blocking_miss	India	Surya Tech Private Limited	Fifth, 506 Satya One Complex, Drive In Road, Ahmadabad City, Ahmedabad, Gujarat	M/s surya tech private 1imited		0
1	S1-174441042	S2-50919296	false_negative	India	Affluence & Brothers Private Limited	B/2 Mahavir Dham, Opp Bmc Hospital, Off Devi Dayal Road, Mulund-West, Mumbai, Mumbai City, Maharashtra	Affluence & 8róthers Private Limited	B/2/7 MAHAVIR DHAM, OPP BMC HOSPITAL, OFF DEVI DAYAL ROAD, MULUND-WEST, MUMBAI, Maharashtra	1
1	S1-625129973	S3-550380926	false_positive	India	Garima Developers (India) Center	Hyderabad, Telangana, Hyderabad, 301-B, Mahaveer Residency, Plot 376-C, Phase 3, Road No 82, Jubilee Hills, Film Nagar	Garima Developers (India) Center Group	Block C-#360 310-B, Mahaveer Residency, Plot 376-C, Phase 3, Road No 82, Jubilee Hills, Film Nagar, Hyderabad, TG	1
1	S1-625129973	S3-880239134	false_negative	India	Garima Developers (India) Center	Hyderabad, Telangana, Hyderabad, 301-B, Mahaveer Residency, Plot 376-C, Phase 3, Road No 82, Jubilee Hills, Film Nagar	GDC	301-B, Hyderabad, Telangana, Hyderabad, Mahaveer Residency, Plot 376-C, Phase 3, Road No 82, Jubilee Hills, Film Nagar	1
1	S1-477271977	S3-521929418	blocking_miss	India	City Impex Private Limited	H No. 2-9-164, Vikas Nagar, Hanamkonda, Warangal Urban, Telangana	City Impex Private	Door No 2-9-164, Nalgonda, TG	0
1	S1-477271977	S3-970188836	blocking_miss	India	City Impex Private Limited	H No. 2-9-164, Vikas Nagar, Hanamkonda, Warangal Urban, Telangana	సిటీ ఇంపెక్స్ ప్రైవేట్ లిమిటెడ్	TG, Warangal Urban, Hyderabad, H.no 2-9-164	0
1	S1-930643517	S2-308606591	false_negative	US	Chambers Health Center	576 Riverstone Drive, Salem, SC	Chambers Hea1th Center	57 RIVERSTONE DR, PO BOX 1649, SALEM, SC	1
1	S1-930643517	S2-856000269	false_negative	US	Chambers Health Center	576 Riverstone Drive, Salem, SC	CHAMBERS HENCOCEH CENTER	57 RIVERSTONE DR, SALEM, SC	1
1	S1-436743322	S3-865494325	false_negative	US	Viis Inc	175 Ellebrook Lane, Radcliff, KY	Inc Vs	175 Ellebrok Ln, Radcliff, Kentucky	1
1	S1-807555702	S2-62463451	blocking_miss	US	Lucero Oyj Clinic	MO, 216 3rd Street, Desoto	lucerooyjclinic.com	MO, DE SOTO CP, #216 THIRD STREET	0
1	S1-615161329	S3-959510326	false_negative	US	Uptown Coffee	Unit UNIT 1, Salem City, 212 Academy Street, VA	Uptown Coffee Corporation		1
1	S1-442740304	S2-278475883	false_negative	India	High Engineering Private Limited	H.No. 227/22, Housing Board Colony, Faridabad, Haryana	High Engineering Private		0
1	S1-442740304	S3-888041002	false_negative	India	High Engineering Private Limited	H.No. 227/22, Housing Board Colony, Faridabad, Haryana	High Engineering Private Limited Enterprises		0
1	S1-323528295	S2-451943694	blocking_miss	India	Sun Properties Private Limited	H No.4-3-561/3/A, Opp. Endowment Commissioners Office, Tilak Road, Boggulkunta, Hyderabad, Telangana	సన్ ప్రాపర్టీస్ ప్రైవేట్ లిమిటెడ్	H NO.4-3-561/3/A, HYDERABAD, Telangana	0
1	S1-99151563	S2-565705981	false_negative	India	Massey Masala Private Limited	Chaman Complex, 1St Floor, Beside Axis Bank, Sevoke Road, Siliguri, Darjeeling, West Bengal	Massey Masla Private Limited	CHAMAN COMPLEX, 1ST FLOOR, BESIDE AXIS BANK, SEVOKE ROAD, SILIGURI, West Bengal	1
1	S1-286618715	S2-932122659	blocking_miss	US	Beacon Publishing	3199 Thompson Avenue, Kingman, AZ	BEACON SERVICES Enterprises		0
1	S1-286618715	S3-328087007	false_negative	US	Beacon Publishing	3199 Thompson Avenue, Kingman, AZ	Beacon Publishing		1
1	S1-504756188	S3-796386379	false_positive	India	Kritva Mushroom Private Limited	Plot No. Kh. 22/1, Vill Bamnoli Po Dhulsiras, New Delhi, South West Delhi, Delhi	Critva Mushroom Private	Pgot No. Kh. 22/1, New Delhi, South West Delhi, DL	1
1	S1-213973805	S3-929239662	false_negative	US	Signature Aviation Inc	268 Franciscan Drive, Vallejo, CA	Signature Aviation Incorporated		1
1	S1-924328537	S3-370380552	false_negative	US	Family Health LLC	1007 Donoho Street, Clarksville, TX	Family Health LLC Foundation	Clarksville, Texas, 4007 Donoho St	1
1	S1-330789535	S3-168952359	blocking_miss	India	Jai Ventures Private Limited	Plot No - 242, Krishna Kaberi Enclave Ps-Airfield, (Sishu Mandir Road, Hitech), Bhubaneswar, Khordha, Orissa	ଜୟ ଭେଞ୍ଚର୍ସ୍ ପ୍ରାଇଭେଟ୍ ଲିମିଟେଡ୍	Plot No - 242, Khordha, OD	0
1	S1-330789535	S3-793379939	blocking_miss	India	Jai Ventures Private Limited	Plot No - 242, Krishna Kaberi Enclave Ps-Airfield, (Sishu Mandir Road, Hitech), Bhubaneswar, Khordha, Orissa	Jai Ventures Private Limited		0
1	S1-977173666	S3-766024832	blocking_miss	US	Brown Anchor Interiors Inc.	1706 2nd Street, Austin, MN	Pyragildjax	2nd St, Austin, Minnesota	0
1	S1-515897712	S3-372106628	blocking_miss	US	Prairie Pioneer North LLC	Broken Arrow, 1709 Maple Avenue, OK	Prairie Pioneer		0
1	S1-707219438	S2-219088039	false_positive	India	Satviki Finance	C/O- Kallol Banerjee., 125/1, Rabindra Nagar, Serampore, Hooghly, West Bengal	Satviki Finance Group	DOOR NO 016 C/O- KALLOL BANERJEE., 125/1, RABINDRA NAGAR, SERAMPORE, West Bengal	1
1	S1-369307238	S3-59873704	false_negative	US	Pris Gibson Controls	238 Romeria Drive, City Of El Paso, TX	Synumbra	238 Romeria Drive, City Of El Paso, Texas	1
1	S1-293587497	S3-332450977	false_negative	India	Kant Consultants Private Limited	Bangalore, Bangalore North, Karnataka, 2Nd Floor, Shiva Farm, Vrushabhavathi Nagar, Kamakshipalya, 11Th Cross, Magadi Main Road, # 136	Kant Consultants Private Limited		1
1	S1-417873418	S3-705105040	false_negative	India	Vision Consulting Private Limited	2-91/12/4/Nr, Plot No. 4, Doc Bhavan, 4 & Amp, 5Th Floor, Kondapur, Shaikpet, Hyderabad, Telangana	విజన్ కన్సల్టింగ్ ప్రైవేట్ లిమిటెడ్	2-91/12/4/Nr, Shaikpet, Hyderabad, Andhra Pradesh	0
1	S1-876109995	S3-827983001	false_negative	US	Pierre Interstate Ramaco Center	912 Eloise Lane, Cleburne, TX	Violyra	0912 Eloise Lane, Cleburne, Texas	1
1	S1-556055674	S3-981632894	false_negative	India	Kinjal International School Private Limited	314/32, 4Th Street, Gokulam Colony, Tenkasi, Tirunelveli, Tamil Nadu	KINJAL INTERNATIONAL SCHOOL PRIVATE (LIMITED)		1
1	S1-252736827	S3-50822044	blocking_miss	India	Red Construction	Flat No 406, Mukund Apartment, Palm Grove Road, Victoria Layout, Bangalore, Karnataka	Red Conttreuction		0
1	S1-252736827	S3-598056795	blocking_miss	India	Red Construction	Flat No 406, Mukund Apartment, Palm Grove Road, Victoria Layout, Bangalore, Karnataka	ರೆಡ್ ಕನ್‌ಸ್ಟ್ರಕ್ಷನ್	Flat No 406, Bangalore, KA	0
1	S1-977830597	S2-491081019	false_negative	India	Speed Welfare Society	Plot No 23 Vaishalinagar Co Op H Society Near Gayatrinagar Society Saijpur, Bogha, Ahmedabad, Gujarat	SPEED WELFARE	H.NO 2-23 VAISHALINAGAR CO OP H SOCIETY NEAR GAYATRINAGAR SOCIETY SAIJPUR, BOGHA, AHMEDABAD, Gujarat	1
1	S1-467228222	S3-654130741	false_negative	US	Q 9 Pioneer Mines P.C.	12420 43rd Avenue, Vancouver, WA	Q 9 Pi0neer	Washington, Vancouver, 43rd Avenue	1
1	S1-467228222	S3-985636702	false_negative	US	Q 9 Pioneer Mines P.C.	12420 43rd Avenue, Vancouver, WA	Q 9 Mines P.C. Center	1242 43rd Ave, Vancouver, Washington	1
1	S1-666928438	S2-343755107	false_negative	India	Producer Nks Reclaim Private Limited	Unit No. X-30, Phase-Ii Okhla Industrial Area, Delhi, South Delhi, Delhi	PRODUCER NKS RECLAIM PMIVMCLGTE LIMITED		1
1	S1-666928438	S3-856313349	blocking_miss	India	Producer Nks Reclaim Private Limited	Unit No. X-30, Phase-Ii Okhla Industrial Area, Delhi, South Delhi, Delhi	Mirakelosyn	Unit No. X-30, South Delhi, DL	0
1	S1-614711574	S2-892156888	singleton_false_merge	India	Itl Traders Private Limited	C.A Add:2941/218 Tri Nagar, New Delhi, North Delhi, Delhi	Itl Traders Limited Private		1
1	S1-767730884	S2-264580131	false_negative	US	Silver Coffee	220 Victoria Street, WI, City Of Appleton	Viomira	00220 VICTORIA STREET, <NULL>, CITY OF APPLETON, WI	1
1	S1-465978211	S2-423611296	false_negative	US	Ridgeline	302 Third Street, Greenfield, IA	Ridgeline LP		0
1	S1-289817991	S3-984299460	false_negative	India	Abb Lab Public Limited	H No.16, Shanti Vihar, Colony, Dhakola, Ambala, Haryana	Abb Lab Public	H No.18, Shanti Vihar, Colony, Dhakola, Ambala, HR	1
1	S1-390197757	S3-896985187	blocking_miss	US	Port Clinton Family Physicians	Port Clinton, Unit 67, OH, 5640 Twin Beach Road	Port C1inton Family Physicians		0
1	S1-991758505	S3-849627497	false_negative	US	Pediatric Dentistry Complete Clinic	2519 Heritage Circle, Statesville, NC	Pediatric Dentistry Complete Clinic Corporation	2774-2776 Heritage Cir, Statesville, North Carolina	1
1	S1-737033771	S2-363886527	blocking_miss	US	OYM Information	3891 Chatsworth Drive, Mason, OH	oyminformation.com	389 CHATSWORTH DRIVE, MASON, OH	0
1	S1-737033771	S2-569216781	blocking_miss	US	OYM Information	3891 Chatsworth Drive, Mason, OH	oyminformation.com	CHATSWORTH DRIVE, MASON, OH	0
1	S1-280047886	S3-512568748	false_positive	India	Aardee Memorial Trust	31, Pawan Vihar, Vaishnav Nagar, Near B.R. Birla Public School, Chopasani, Road, Jodhpur, Rajasthan	Aardee Memorial Trust Industries	राजस्थान, 40, Jodhpur	1
1	S1-258983805	S3-105838394	false_negative	India	Maa Engineering Private Limited	Algoria Govt Colony, Noapara, P.S- Duttapukur, Paschim Khilkapur, Kolkata, Parganas North, West Bengal	Maa ইঞ্জিনিয়ারিং Private Limited	Hn 49 Algoria Govt Colony, Kolkata, Parganas North, WB	1
1	S1-258983805	S3-156263777	false_negative	India	Maa Engineering Private Limited	Algoria Govt Colony, Noapara, P.S- Duttapukur, Paschim Khilkapur, Kolkata, Parganas North, West Bengal	মা ইঞ্জিনিয়ারিং প্রাইভেট লিমিটেড	Hn 49 Algoria Govt Colony, Parganas North, Kolkata, WB	0
1	S1-434730067	S2-649871304	false_negative	US	Allied Modern Engineering LLC	234 Wilber Avenue, Columbus, OH	Allied Modern	252 WILBTR AVE, COLUMBUS, OH	1
1	S1-434730067	S2-98560292	false_negative	US	Allied Modern Engineering LLC	234 Wilber Avenue, Columbus, OH	ALLIED MODERN	217 WILEBR AVE, COLUMBUS, OH	1
1	S1-730439385	S3-541942442	false_negative	India	Virtual Foundation	22/474, Revenue Ward 22, Dycas Road, Nellore, Nellore, Andhra Pradesh	Ariafaye	Nellore, Revenue Ward 22, Dycas Road, Nellore, 22/474, Andhra Pradesh, Nellore	1
1	S1-164790444	S3-604702702	blocking_miss	India	Aakarshan Infrastructures LLP	Unit-16 Plot No B-55, Chandragupta Estate Pv Nr Monginis Bakery, New Link Road, Andhe, Ri West, Mumbai, Mumbai City, Maharashtra	aakarshaninfrastructures.com	Unit-c-16 Plot No B-55, Mumbai, Mumbai City, महाराष्ट्र	0
1	S1-388248032	S3-783042071	false_negative	US	Dental Green Center	1971 Lehman Avenue, Toledo, OH	Dental Green Cener #80723	197 Lehman Ave, N/A, Toledo, Ohio	1
1	S1-359103072	S3-330403153	blocking_miss	US	O & N Processing	4 East Road, Burke, NY	O + N Processing LP	4 East Rd, Bukre, New York	0
1	S1-81215363	S3-337216879	false_positive	US	Whiteside, Olsen and Fielder	4420 8th Place, Phoenix, AZ	Custom	4420 8th Place, Phoenix, AZ	1
1	S1-81215363	S3-610478549	false_negative	US	Whiteside, Olsen and Fielder	4420 8th Place, Phoenix, AZ	Oalsten Whiteside, and (Fielder)	4420 8st Pl, Phoenix Citty, Arizona	1
1	S1-682618298	S2-447057217	false_negative	US	A Cure 6 All	1855 200, Unit G4, Clearfield, UT	A Cure 6 All Co	1853 200, CLEARFIELD, UT	1
1	S1-682618298	S2-616787279	blocking_miss	US	A Cure 6 All	1855 200, Unit G4, Clearfield, UT	cure6all.com	1853 200, CLEARFIELD, UT	0
1	S1-682618298	S2-811532698	false_negative	US	A Cure 6 All	1855 200, Unit G4, Clearfield, UT	A A Cure 6 A1l Corporation	1853 200, CLEARFIELD, UT	0
1	S1-830442875	S2-204087194	false_negative	India	Services Tarana Infrastructure Private Limited	Flat No. 3, Shiv Darshan Society, 33Rd Road, Bandra (West), Mumbai, Mumbai City, Maharashtra	5ervices Tarana Private Limited Center	Maharashtra, FLAT NO. 2-3, NULL, MUMBAI, SHIV DARSHAN SOCIETY, 33RD ROAD, BANDRA (WEST)	1
1	S1-462725697	S3-998332524	blocking_miss	India	Lotus Hospitality LLP	No.9-9-9/3, F.No.403, Nisarga Residency Reddy Colony, Champapet, Hyderabad, Rangareddy, Telangana	లోటస్ హాస్పిటాలిటీ ఎల్‌ఎల్‌పీ	Hyderabad, Rangareddy, 9-9-9/3, TG	0
1	S1-304992439	S2-171804949	false_negative	India	Dream Ventures Private Limited	Juhu Koliwada Heera Buwa Gawde Marg Santacruz West Mumbai, Mumbai, Bandra Suburban, Maharashtra	DREAM VENTURES PRIVATE LIMITED		1
1	S1-860578937	S2-709017739	false_negative	US	Jacklyn Spencer Medicine LLC	138-01 87 Avenue, Jamaica, NY	Jacklyn Spencer LLC LLC Center		1
1	S1-770206528	S3-548932483	false_negative	US	Walden's Total Apparel Inc.	101 Abbey Road, Birmingham, AL	Walden'S Total Inc. Services	01 Abbey Rd, PMB 9905, Birmingham Ciity, Alabama	1
1	S1-767632751	S3-327859340	false_negative	US	Tri-State Better Insurance LLC	4808 Norpoint Way, Tacoma, WA	Tri-State Better Insurance LLC		1
1	S1-617252587	S2-693564254	false_negative	India	Naseeb Ecommerce Private Limited	Office No A-412, 4Th Floor Block Tower 4, Nx-Byte, Plot No 17, Sector Tech Zone 4, Greater Noida West, Gautam Buddha Nagar, Uttar Pradesh	privateecommercenaseebcom	OFFICE NO A-00412, GAUTAM BUDDHA NAGAR, उत्तर प्रदेश	0
1	S1-197336501	S3-196411885	blocking_miss	US	Zeify Sterling Pacific Partners	NY, Camillus, 225 Scott Avenue	#zeifysterling	225-C Scott Avenue, PO Box 3810, Syarcuse, New York	0
1	S1-763338507	S3-188758927	blocking_miss	India	Lotus Trading Private Limited	Plot No.A-7 To A-10, Umiya Nagar Society, B/H. Choksi Dyeing, Udhna Magdalla Road, Surat, Gujarat	Lotus Private Limited Center Enterprises		0
1	S1-258015855	S2-462992513	false_negative	US	Montoya Mission Scottsdale	8526 Sunnyside Drive, Fl 1, Scottsdale, AZ	MONTOYA MlSSION	SUNNYSIDE DRIVE, SCOTTSDAALE, AZ	1
1	S1-523253091	S2-780880515	false_positive	India	Real Power	First Floor, H.No.842/A K K Road, Chembumukku, Kakkanad, Ernakulam, Kerala	Real Power Bakery	NO 8-7 FIRST FLOOR, H.NO.842/A K K ROAD, CHEMBUMUKKU, KAKKANAD, ERNAKULAM, Kerala	1
1	S1-523253091	S2-580468508	false_negative	India	Real Power	First Floor, H.No.842/A K K Road, Chembumukku, Kakkanad, Ernakulam, Kerala	റിയൽ പവർ	FIRST FLOOR, H.NO.842/A K K ROAD, CHEMBUMUKKU, KAKKANAD, ERNAKULAM, Kerala	1
1	S1-286685835	S2-165382799	blocking_miss	India	Premier Constructions Limited	101 A, 102 Raja Rajeswar, Kondapur, Hyderabad, Serilingampally, Hyderabad, Telangana	ప్రీమియర్ కన్‌స్ట్రక్షన్స్ లిమిటెడ్	A, HYDERABAD, Telangana	0
1	S1-286685835	S2-797955220	blocking_miss	India	Premier Constructions Limited	101 A, 102 Raja Rajeswar, Kondapur, Hyderabad, Serilingampally, Hyderabad, Telangana	ప్రీమియర్ కన్‌స్ట్రక్షన్స్ లిమిటెడ్	A, HYDERABAD, Telangana	0
1	S1-12695899	S2-201162884	false_negative	US	Physical Therapy Specialists of Sweetwater	208 West Street, Sweetwater, TN	Physical Therapy Specialists of Sweetwater LLC		1
1	S1-69934626	S3-230371844	false_negative	US	Kisner Income LLC	508 Kopra Street, Truth Or Consequences, NM	Onyxcalo	508 Kopra St, Truth Or Consequences, New Mexico	1
1	S1-879250136	S3-159780896	false_positive	India	Safe Bandhu Private Limited	79/16, Ahatha Amba Ganj Kesar Ganj Mandi, Meerut, Uttar Pradesh	Safe Bandhu Private Limited		1
1	S1-879250136	S2-831622368	false_negative	India	Safe Bandhu Private Limited	79/16, Ahatha Amba Ganj Kesar Ganj Mandi, Meerut, Uttar Pradesh	Pinrncaet Safe Bandhu Limited	AHATHA AMBA GANJ KESAR GANJ MANDI, #90 79/16, null, Uttar Pradesh, MEERUT	1
1	S1-342393392	S3-461019171	false_negative	US	Diva Corp	705 Walnut Street, Sallisaw, OK	Brixpyraveo	705 Wflnut St, Oklahoma, Sallisaw	1
1	S1-360829167	S2-524793955	singleton_false_merge	US	Zaex Inc.	2025 Fleetwood Drive, Gastonia, NC	Zaex Inc	002028 FLEETWOOD DR, GASTONIA, NC	1
1	S1-974431933	S2-131109987	false_negative	US	Clark China LLC	141 Wright Street, Unit 6102, Auburn, AL	Clark LLC [Services]	00141 WRIGHT STREET, ABURN, AL	1
1	S1-517811261	S2-356710418	blocking_miss	India	Urban Infotech	Agrawal, Building, Agrasen Bhawan, Latur, Maharashtra, Latur, 2Nd Floor	urbaninfotech.com (ID: (35232))	H.NO 02ND FLOOR, AGRAWAL, BUILDING, AGRASEN BHAWAN, LALUR, महाराष्ट्र	0
1	S1-517811261	S2-865017338	false_negative	India	Urban Infotech	Agrawal, Building, Agrasen Bhawan, Latur, Maharashtra, Latur, 2Nd Floor	अर्बन इंफोटेक	02ND FLOOR, AGRAWAL, BUILDING, AGRASEN BHAWAN, LATUR, महाराष्ट्र	1
1	S1-548540642	S2-369850291	blocking_miss	India	Odd Com Private Limited	404, Fourth Floor, Bhikaji Cama Bhawan, Bhikaji Cama Place, New Delhi, Delhi	Private Odd Limited Com	BLOCK A-417 404, NEW DELHI, Delhi	0
1	S1-816256436	S2-737493976	blocking_miss	India	Hari Investments Private Limited	Nagar Ext. Kalwar Road, P. No. 112 S/2 Shri Ram, Jaipur, Rajasthan, Jaipur	Hari Investments Limited Center | www.hariinves.com		0
1	S1-816256436	S3-445091831	blocking_miss	India	Hari Investments Private Limited	Nagar Ext. Kalwar Road, P. No. 112 S/2 Shri Ram, Jaipur, Rajasthan, Jaipur	हरि इन्वेस्टमेंट्स प्राइवेट लिमिटेड	P. No. 112 S/2 Shri Ram, Rojda, RJ	0
1	S1-408372969	S3-913637354	false_negative	US	Rodriguez Pampa LLC	TX, 123 Northpoint Drive, Houston	Rodriguez LLC Pampa #15854	Northpoint Drive, Texas, Houston	1
1	S1-509923883	S3-871110053	blocking_miss	US	Urology Group of Great Falls	1720 20th Avenue, Great Falls, MT	Urology Urology Group of Great Flls	1720 20rd Ave, PO Box 8641, GREA Tfalls CITY, Montana	0
1	S1-936032171	S2-609185079	false_negative	US	M 5 X Brighthouse P.C.	101 Briscoe Avenue, Unit Apartment 2, Buffalo, NY	M 5 Brighthouse P.C. 5ervices	BUFFALO, 1- BRISCOE AVE, NY	1
1	S1-181753147	S2-309704847	false_positive	US	Schnabel Futurewave Inc	2633 Seevers Avenue, Dallas, TX	Schnabel Fúturewave Inc		1
1	S1-181753147	S3-571853826	false_negative	US	Schnabel Futurewave Inc	2633 Seevers Avenue, Dallas, TX	Schnabe1 Inc Services	2633 Seevers Avenue, Dallas, Texas	1
1	S1-732133490	S2-139592313	false_negative	US	Dancy Heritage Hospitality, LLC	30 Brampton Lane, Great Neck, NY	Dancy Heritage		1
1	S1-732133490	S2-885977751	false_negative	US	Dancy Heritage Hospitality, LLC	30 Brampton Lane, Great Neck, NY	Lumvio	0030 BRAMPTON LN, GREAT NECK, NY	1
1	S1-925905026	S3-954275256	false_negative	US	Heritage Workshop	12019 Buzzards Glory Road, Crooksville, OH	Heritage Center	Buzzards Glory Road, Harrison Twp, Ohio	1
1	S1-60587661	S3-445765972	false_positive	India	Marathwada Consultants	Up Stair, 1St Main, 1St Crs Canara Bank Colony, Ksrtc Layhout Chikkalsandra, 159/2, Bangalore, Karnataka, Bangalore	Marathwada Consultants Industries Limited	159/23, Up Stair, 1St Main, 1St Crs Canara Bank Colony, Ksrtc Layhout Chikkalsandra, Bangalore Urban, Bengaluru, KA	1
1	S1-445342616	S3-590809992	false_negative	US	Vanguard Deli LLC	113 Hunter Court, Rocky Point, NC	LLC Vanguard Dii	Rocky Point CITY, North Carolina, 447 Hunter Ct	1
1	S1-675843298	S3-885864452	false_negative	US	Huber Heights All Kensington LLC	7009 Bluestream Drive, Huber Heights, OH	Fayeflux	7009 Bluestream Dr, TIPP CITY CITY, Ohio	1
1	S1-496260040	S2-377944208	blocking_miss	India	Om & Co	Of No.11, 1St Floor, A Wing, Arihant Tower, Khopoli, Khopoli, Raigarh(Mh), Maharashtra	Deltalum	Maharashtra, OF NO.11, RAIGARH(MH)	0
1	S1-185632444	S2-34278158	false_negative	US	Waldren & Regner Keystone LLC	135 Holiday Lane, Canandaigua, NY	*** Rizanylairi	HOLIDAY LANE, null, CANANDAIGUA CITY, NY	1
1	S1-775152854	S3-729759341	false_negative	US	Wells Plumbing of Spokane	5224 Elgin Street, Spokane, WA	Arcjax	5224-5228 Elgin Street, Spokane, Washington	1
1	S1-997899222	S2-590825770	false_negative	India	Oz Nursing Home	Gat No 724, House No 401, Jamb Aland Road, Jamb, Parbhani., Parbhani, Maharashtra	Oz Nursing Home Company	GAT NO 723, HOUSE NO 401, JAMB ALAND ROAD, JAMB, PARBHANI., PARBHANI, Maharashtra	1
1	S1-558972568	S3-363057864	blocking_miss	India	Indo Infra Limited	Jaipur, A-1 Flat No C-605, Rajasthan, Tonk Road Airport Plaza, Jaipur	indoinfra.com	H.no 365 A-1 Flat No C-605, Tonk Road Airport Plaza, Jaipur, RJ	0
1	S1-712795749	S3-638102250	false_negative	US	Crapps Interactive	420 Chapanoke Road, Unit 305, Raleigh, NC	Crapps Center		1
1	S1-712795749	S3-817256394	false_negative	US	Crapps Interactive	420 Chapanoke Road, Unit 305, Raleigh, NC	Crapps lnteractive	420 Chapanoke Road, PMB 8854, Raleigh, North Carolina	1
1	S1-682376415	S2-887742021	blocking_miss	India	Brijwasi Solutions Private Limited	No. 5, R.S.Plaza, 02Nd Stage New Bel Road, Bengaluru, Bangalore, Karnataka	solutionsprivate.com	BANGALORE, NO. 5, Karnataka	0
1	S1-708756758	S3-610576582	blocking_miss	India	Technologies Petunia Fincap LLP	Mumbai, Fort, Alli Chambers Medows Street, 1A, Maharashtra	#technologiespetunia	Block E-916 1A, Fort, MH	0
1	S1-175923471	S2-165567396	false_negative	India	Dream South Enterprises Limited	4 C R Avenue, Chandni Chawk, Kolkata, Kolkata, Howrah, West Bengal	(Services) Dream South Limited	H.NO 4 C R AVENUE, KOLKATA, HOWRAH, পশ্চিমবঙ্গ	1
1	S1-175923471	S2-569986789	blocking_miss	India	Dream South Enterprises Limited	4 C R Avenue, Chandni Chawk, Kolkata, Kolkata, Howrah, West Bengal	ড্রিম সাউথ এন্টারপ্রাইজেস লিমিটেড	4 C R AVENUE, HOWRAH, West Bengal	0
1	S1-175923471	S2-631524675	blocking_miss	India	Dream South Enterprises Limited	4 C R Avenue, Chandni Chawk, Kolkata, Kolkata, Howrah, West Bengal	ড্রিম সাউথ এন্টারপ্রাইজেস লিমিটেড	NO 4 C R AVENUE, KOLKATA, পশ্চিমবঙ্গ	0
1	S1-175923471	S3-197275588	blocking_miss	India	Dream South Enterprises Limited	4 C R Avenue, Chandni Chawk, Kolkata, Kolkata, Howrah, West Bengal	Dream South Enterprises	পশ্চিমবঙ্গ, Howrah, Kolkata, 4/5 C R Avnue	0
1	S1-775544934	S2-480459813	false_positive	India	Arihant Foods Private Limited	H.No-1918, Sector-3, Part-Hsvp, Rohtak, Haryana	Arihant Foods Limited Private	#2032/3 SECTOR 3, ROHTAK, Haryana	1
1	S1-775544934	S2-507500790	false_positive	India	Arihant Foods Private Limited	H.No-1918, Sector-3, Part-Hsvp, Rohtak, Haryana	Arihant Foods Private Ltd	H.NO. 2032/3 SECTOR 3, ROHTAK, हरियाणा	1
1	S1-775544934	S3-794650328	false_positive	India	Arihant Foods Private Limited	H.No-1918, Sector-3, Part-Hsvp, Rohtak, Haryana	Arihant Foods Private Limited	#2032 Sector 3, Rohtak, HR	1
1	S1-523423356	S3-964579570	false_negative	US	Auger, Wilson and Daniel	64 Riddle Street, Rochester, NY	Auger, Wilson and		1
1	S1-28084787	S3-968733717	false_negative	US	Harbor Lifeco	Baton Rouge, LA, 459 Nancy Drive	Harbor Lifeco Co		1
1	S1-415356868	S3-356539810	false_positive	US	Lambert, Brennan & Foley Laboratories LLC	348 850, Orem, UT	Boren Brennan & Foley Laboratories LLC	Utah, Orem, 348-352 850	1
1	S1-800080219	S3-625227591	blocking_miss	India	Shiva Investments Private Limited	Floor 8, Plot 239, Hari Leela House, Mint Road, Fort, Mumbai, Mumbai City, Maharashtra	Shiva Private Limited Partners	075 Floor 8, Mumbai, Mumbai City, MH	0
1	S1-800080219	S3-963274516	false_negative	India	Shiva Investments Private Limited	Floor 8, Plot 239, Hari Leela House, Mint Road, Fort, Mumbai, Mumbai City, Maharashtra	Smt Shiva Investments Limited Services	MH, Mumbai, H.no 075 Floor 8, Mumbai Ii, Plot 239, Hari Leela House, Mint Road, Fort	1
1	S1-365713276	S3-311067388	blocking_miss	India	Mumbai Ready Private Limited	Flat No. 1304, B Wing, Imperial Heights, Best Nagar Nr. Hdfc Bank, Goregaon West, Mumbai, Mumbai City, Maharashtra	Mumbai Ray Private Limited	1304, Mumbai, MH	0
1	S1-761905952	S2-18552742	false_negative	US	Blue Pilates	147 Page Town Road, Smyth County, VA	Blue Pilates		1
1	S1-5549868	S3-908305368	false_negative	US	VBO Atlantic Software, Inc.	662 Rania Way, West Fargo, ND	Caloarc	662 Rania Way, West Fargo, North Dakota	1
1	S1-40268120	S3-729267306	false_negative	India	Enterprises Gouri Technologies Pvt Ltd	20/216 Indira Nagar, Lucknow, Uttar Pradesh	Enterprises Gouri Technologies Pvt		1
1	S1-479815547	S2-495160531	false_negative	India	Green Bhagwati LLP	Near Metro Station, Delhi, West Delhi, Bf-1 Third Floor, New Delhi	Green LLP Bhagwati		1
1	S1-479815547	S3-320534945	blocking_miss	India	Green Bhagwati LLP	Near Metro Station, Delhi, West Delhi, Bf-1 Third Floor, New Delhi	Green 8hagwati LLP LLP		0
1	S1-580733787	S2-3421298	false_negative	India	Gurgaon Estate Private Limited	H.No 165, 1St Floor, Sector-55, Gurgaon, Haryana	Gurgaon Estate Private Limited		1
1	S1-930160246	S3-544548149	false_negative	US	Mcdaniel & Mejia Properties	140 Moss Street, Waco, NC	Mcdaniel + Mejia Properties		1
1	S1-997370877	S3-303964212	false_negative	US	Miify Inc	1100 The Cape, Unit #202, Hsb Llano Co, TX	Wexsynlum	1100 The Cape, Unit #202, Hsb Llano Co, Texas	1
1	S1-919027200	S2-537426475	false_positive	India	Taraesh Trading of Shaikpet	4, 405-411 Jublee Enclave, Hyderabad, Shaikpet, Workflo Hitex Bizness, Telangana	Taraesha Tmbfdlfeng of Shaikpet	WORKFLO HITEX BIZNESS, 4, 405-411 JUBLEE ENCLAVE, SHAIKPET, Telangana	1
1	S1-908952033	S3-951754767	false_negative	India	Krishna Food Private Limited	Vill No W-6, Shalimar Garden Bay, Lucknow, Uttar Pradesh	Krishna Food		0
1	S1-37600634	S3-486354384	false_negative	India	Mogul (India) Technology Private Limited	Plot No 12, Chairman Thambiah Reddy Colony Madambakkam, Chennai, Tamil Nadu	Mogul (India) Technology Private		1
1	S1-227346791	S3-137137913	false_negative	India	Rsk Solutions Private Limited	Bangalore, 97/1A, Jakkasandra Extn Koramangala Layout, Karnataka, Bangalore	Rsk Solutions Prívate		1
1	S1-647182357	S3-398201274	false_negative	US	Complete Agricultural Corporation	1825 204th Street, Shoreline, WA	complete agricultural corporation		1
1	S1-647182357	S3-510084747	false_negative	US	Complete Agricultural Corporation	1825 204th Street, Shoreline, WA	Complete Agricultural Corporation		1
1	S1-996494580	S3-543883267	blocking_miss	India	Vision Seva Samiti	Plot No.96, Surat Industrial Society Nr. Kiran Motor Work Shop, Bamroli Road, Surat, Gujarat	Visi0n Seva Samiti	#96., N/A, Vadodara Region, GJ	0
1	S1-95488782	S2-32516112	false_negative	India	Southern Hospitality Pvt Ltd	Fl-J-1004, Tanish Pearl, Sno-509/1/2/3, Dabhadewa, Haveli, Pune, Maharashtra	सदर्न हॉस्पिटैलिटी प्रा. लि.	293 FL-J-1004, HAVELI, PUNE, Maharashtra	0
1	S1-143345769	S3-618641657	false_positive	India	Subhashree Hospital	House No-32, Block R Inderpuri, New Delhi, Delhi	Subhashree Solutions	House No-45, New Delhi, DL	1
1	S1-331261462	S2-551230321	false_negative	US	Total Mobility Corporation	9 Liberty Street, Unit Apartment 8, Poughkeepsie, NY	Total Mobility Corp		1
1	S1-658466370	S3-168785228	false_negative	India	Lucknow Hire	A-539 Ground Floor Block-A, Indra Nagar, Lucknow, Uttar Pradesh	Vioorbi One	A-539 Ground Floor Block-A, Indra Nagar, Lucknow, Uttar Pradesh	1
1	S1-330174339	S3-867167296	blocking_miss	US	Sweet Bike Shop	901 1st Street, City Of Marion, WI	sweetbikeshop.com	1st St, City Of Marion, Wisconsin	0
1	S1-92815739	S2-20933987	false_negative	India	Ng & Sons Private Limited	23 Armenian Street, Chennai, Tamil Nadu	Smt Viowexflux	023 ARMENIAN STREET, CHENNAI, Tamil Nadu	1
1	S1-604769087	S3-846871785	false_negative	India	Radhe Trust	House No-A92, Delhi, North East, New Delhi, Gali No-3 Ganga Vihar, Karawal Nagar	Radhe-Trust		1
1	S1-54696725	S3-90165294	false_negative	India	HN Sakti LLP	H. No D-47, First Floor, Vijay Vihar, Phase-1, Delhi, North West Delhi, Delhi	HN LLP Sakti		1
1	S1-572081099	S3-169391908	false_positive	US	Interstate States	50 Nandina Drive, Roxboro, NC	Highland	50 Nandina Drive, Roxboro, NC	1
1	S1-572081099	S2-200502368	false_negative	US	Interstate States	50 Nandina Drive, Roxboro, NC	Lyranexnex	50 NANDINA DR, ROXBORO, NC	1
1	S1-599491510	S3-260249924	blocking_miss	US	Ironclad, PLLC	9920 19th Street, Unit UNIT 59, Rancho Cucamonga, CA	Irloisnclad, PLLC	19nd Street, Unit UNIT 59, Ranco Cucamonga, California	0
1	S1-167650830	S3-906105097	false_positive	US	Regional Guild	1314 Edmondson Avenue, Tarboro, NC	Regional Guild Inc	North Canton, Ohio, 1314 Portage St	1
1	S1-578520135	S2-107803150	blocking_miss	India	Southern Impex Private Limited	H. No. 35, First Floor, Park, South City-2, Gurgaon, Haryana	सदर्न इम्पेक्स प्राइवेट लिमिटेड	H. NO. 35, FIRST FLOOR, PARK, SOUTH CITY-2, GURGAON, Haryana	0
1	S1-578520135	S3-748620213	blocking_miss	India	Southern Impex Private Limited	H. No. 35, First Floor, Park, South City-2, Gurgaon, Haryana	सदर्न इम्पेक्स प्राइवेट लिमिटेड	#35, First Floor, Park, South City-2, Gurgaon, HR	0
1	S1-911870605	S3-451728497	singleton_false_merge	India	Urban Indian Logistics Private Limited	Ss Plaza Mall, Plot No.-1 Block-A-Mayfield Garden, Sector-47, Gurgaon, Haryana	अर्बन इंडियन लॉजिस्टिक्स हार्डवेयर प्राइवेट लिमिटेड	Doir No 70 Ss Plaza Mall, Plot No.-1 Block-a-mayfield Garden, Sector-47, Gurgaon, हरियाणा	1
1	S1-41579869	S3-674417437	false_positive	US	Shepard Green Jena, Inc.	25 John Hancock Drive, Ashland, MA	Shepard Gern Jena, Inc	27- John Hancock Drive, Ashland, Massachusetts	1
1	S1-275133310	S3-124841269	false_negative	India	PC Star Private Limited	Plot No. 513, Ward - 5A, Gandhidham, Kachchh, Gujarat	PC Private Limited Center	Door No 513, Rajkot Region, Gandhidham, GJ	1
1	S1-275133310	S3-553298602	blocking_miss	India	PC Star Private Limited	Plot No. 513, Ward - 5A, Gandhidham, Kachchh, Gujarat	Starprivate.Com	513, Rajkot Region, Kachchh, ગુજરાત	0
1	S1-660708958	S3-504588021	false_negative	US	Straight Edge Cafe LLC	121 Thunderhead I Park, Needles, CA	Deltalyra	121 Thunderhead I Park, Needles, California	1
1	S1-161985399	S2-436882759	false_negative	US	Interfaith League Inc	1184 Sibley Street, Hammond, IN	Interfaith League Inc Society	118 SIBLEY STREET, HAMMOND, IN	1
1	S1-863884428	S2-277696177	false_positive	India	AM Excellent LLP	H.No.7-1-618/Ev, Flat No.503, Everest Block, Aditya Enclave, Ameerpet, Hyderabad, Telangana	AME Exce11ent LLP	H.NO.7-1-618/EV, FLAT NO.503, EVEREST BLOCK, ADITYA ENCLAVE, AMEERPET, HYDERABAD, తెలంగాణ	1
1	S1-713304402	S2-154563481	blocking_miss	India	World Agri Private Limited	Plot No 55, Udyog Kendra Extension Ii, Ecotech Iii, Bishrakh, Gautam Buddha Nagar, Uttar Pradesh	WORLD AGRI PRIVATE LIMITED		0
1	S1-713304402	S3-428334241	blocking_miss	India	World Agri Private Limited	Plot No 55, Udyog Kendra Extension Ii, Ecotech Iii, Bishrakh, Gautam Buddha Nagar, Uttar Pradesh	World Ágri Private Limited	55, Balrampur, Bishrakh, UP	0
1	S1-713066040	S2-50712261	blocking_miss	India	City Trading LLP	Plot No-256, Forest Park, Bhubaneswar, Khordha, Orissa	City ଟ୍ରେଡିଂ ଏଲ୍‌ଏଲ୍‌ପି	PLOT ##546 PLOT NO-256, FOREST PARK, BHUBANESWAR, NULL, Odisha	0
1	S1-713066040	S3-468601977	blocking_miss	India	City Trading LLP	Plot No-256, Forest Park, Bhubaneswar, Khordha, Orissa	City Tradgi LLP	Block E-943 Plot No-256, Khordha, Bhubaneswar, Forest Park, OD	0
1	S1-477068095	S2-671179447	false_negative	US	Williams Lafayette LLC	1211 Vouri Circle, Huntsville, AL	Williams Lafayette L.L.C.		1
1	S1-387056642	S3-421991487	false_negative	US	Gonzalez and Rodrigues	362 Pond Road, Manchester, ME	Quokelokelo	362 Pond Rd, Manchester, Maine	1
1	S1-387056642	S3-995691416	false_negative	US	Gonzalez and Rodrigues	362 Pond Road, Manchester, ME	Gonzalez and-Rodrigues		1
1	S1-996014971	S3-343286748	false_negative	US	Brita Robb, D.C.	615 Quince Avenue, Upland, CA	Brita Robb, (Services)		1
1	S1-285993233	S3-256475282	false_negative	India	Dinapur-Cum-Khagaul Cosmetic Private Limited	C/O Shri Ranjit Kumar, 09, Vastu Residency, Dinapur-Cum-Khagaul, Patna, Bihar	Dinapur-Cum-Khagau1 Cosmetic Private Limited Limited	Hn 538 C/o Shri Ranjit Kumar, <NULL>, Dinapur-cum-khagaul, Patna, BR	1
1	S1-534946189	S3-489335708	false_negative	India	Vandana Infotech Private Limited	Shop No. 1, Rajan Building, P.L Sharma Road, Meerut, Uttar Pradesh	Vandana Infotech Private Limited		1
1	S1-70651384	S3-558049625	blocking_miss	US	Amber Duke LLC	111 Virginia Street Extension, OH, Bethesda	Amber Dke LLC	Behesda, 50 Virginia Street Extension, Ohio	0
1	S1-947404609	S3-285198146	blocking_miss	US	Wildlife Network	3 Haddon Court, Lake In The Hills, IL	wildlifenetwork.com	Haddon Court, Lakein The Hills, Illinois	0
1	S1-947404609	S3-461710321	false_negative	US	Wildlife Network	3 Haddon Court, Lake In The Hills, IL	Wildlife Nétwork Enterprises		1
1	S1-212895562	S2-452301114	blocking_miss	India	Saral & Sons Private Limited	B-3, Varshini Apartments, No.10/16, Easwaran Koil Street, West Mambalam, Chennai, Tamil Nadu	Pdirvge Sara1 & Sons Limited	B-G-3, CHENNAI, MAMBALAAM, Tamil Nadu	0
1	S1-623905683	S2-729166829	false_negative	US	Prime Diamond Green, Inc	30 Bay View Avenue, Bourne, MA	Prime Diamond Inc Green,	BAY VIEW AVENUE, BUZZARDS BYA, MA	1
1	S1-623905683	S2-983812261	blocking_miss	US	Prime Diamond Green, Inc	30 Bay View Avenue, Bourne, MA	#PRIMEDIAMOND	30 BAY VIEW AVNEUE, BUZZARDS BYA, MA	0
1	S1-208607061	S3-482419974	false_negative	US	Edelson Fuels Inc	53 Flett Road, Belmont, MA	Edelson Fuacrts Inc		1
1	S1-201913740	S3-725178646	false_negative	India	Gaon Homes Pvt Ltd	153/2, Prempuri, Muzaffarnagar, Uttar Pradesh	GAON HOMES PVT LTD		1
1	S1-452105222	S2-934576173	false_negative	US	Innovative American Titan LLC	69 Rob Damron Road, Pikeville, KY	LLC lNNOVATIVE AMERHICLN TITAN	69 ROB DAMRON ROAD, PIKEVILLE, KY	1
1	S1-452105222	S3-268347707	false_negative	US	Innovative American Titan LLC	69 Rob Damron Road, Pikeville, KY	Innovative Titan LLC Partners	70 Rob Damron Rd, Pikeville, Kentucky	1
1	S1-497453325	S2-308631221	false_negative	India	Omkar Infotech (India)	Uttar Pradesh, B-74/1 Divyashree, Dayal Farms, Deva Road, Lucknow	Omkar Infotech (India) Co		1
1	S1-497453325	S3-225003589	false_negative	India	Omkar Infotech (India)	Uttar Pradesh, B-74/1 Divyashree, Dayal Farms, Deva Road, Lucknow	Omkar Infotech Partners	Plot 519 B-74/1 Divyashree, Dayal Farms, Deva Road, Lucknow, UP	1
1	S1-760327616	S2-421931648	blocking_miss	India	Prime Producer Pvt Ltd	E-220, Sector-3 Bawana Industrial Area, Delhi, North West, Delhi	प्राइम प्रोड्यूसर प्रा. लि.	E-220, DELHI, NORTH WEST, Delhi	0
1	S1-760327616	S3-212653174	blocking_miss	India	Prime Producer Pvt Ltd	E-220, Sector-3 Bawana Industrial Area, Delhi, North West, Delhi	प्राइम प्रोड्यूसर प्रा. लि.	E-g-220, NULL, Delhi, North West, DL	0
1	S1-760327616	S3-449488258	blocking_miss	India	Prime Producer Pvt Ltd	E-220, Sector-3 Bawana Industrial Area, Delhi, North West, Delhi	प्राइम प्रोड्यूसर प्रा. लि.	E-g-220, NULL, Delhi, North West, DL	0
1	S1-760327616	S3-575801287	blocking_miss	India	Prime Producer Pvt Ltd	E-220, Sector-3 Bawana Industrial Area, Delhi, North West, Delhi	प्राइम प्रोड्यूसर प्रा. लि.	E-g-220, NULL, North West, Delhi, DL	0
1	S1-630762006	S3-450392722	false_negative	India	One Shakti Exports Limited	Best Sky Tower Netaji Subhash Palace, Delhi, North East, Pitampura, 801	वन शक्ति एक्सपोर्ट्स लिमिटेड	No 75 801, Best Sky Tower Netaji Subhash Palace, North East, Pitampura, DL	1
1	S1-630762006	S3-694321498	false_negative	India	One Shakti Exports Limited	Best Sky Tower Netaji Subhash Palace, Delhi, North East, Pitampura, 801	वन शक्ति एक्सपोर्ट्स लिमिटेड	Best Sky Tower Netaji Subhash Palace, North East, #75 801, DL, Pitampura	1
1	S1-630762006	S3-943847062	false_negative	India	One Shakti Exports Limited	Best Sky Tower Netaji Subhash Palace, Delhi, North East, Pitampura, 801	One Shakti Limited Service	Best Sky Tower Netaji Subhash Palace, DL, 75 801, North East, Pitampura	1
1	S1-299983294	S2-885467049	false_positive	India	Big Constructions Private Limited	Aaras, Mangalapuram Kudavoor P.O, Thiruvananthapuram, Thiruvananthapuram, Trivandrum, Kerala	Limited Tech Constructions	V R BHNVAN, TRIVANDRUM, കേരളം, KUDAVOOR, THIRUVANANTHAPURAM	1
1	S1-779053164	S2-595863475	false_negative	US	Gillette Select Kpet LLC	1923 Warwick Avenue, Hammond, IN	ONYXEVO	1923 WARWICK AVE, PO BOX 8917, HAMMOND, IN	1
1	S1-67851501	S3-953811133	false_negative	India	Kripanidhi Medical Centre	1084, Gf Sector-28, Faridabad, Haryana	Kripanidhi Medica1 Ciener	1084, Faridabad, HR	1
1	S1-417578679	S2-383589902	false_negative	US	Barcus, Conny, CPA, M.D., P.C.	OR, 540 Quince Avenue, Redmond	BARCUS, C0NNY, CPA, M.D., INC	OR, REDMOND, QUINCE AVENUE	1
1	S1-417578679	S2-986603549	false_negative	US	Barcus, Conny, CPA, M.D., P.C.	OR, 540 Quince Avenue, Redmond	BARCUS, CONNY, CPA, M.D., LLC		1
1	S1-272691870	S2-790888004	false_negative	India	Shivanshi Care Pvt. Ltd.	Plot No 273 C Blockst Anthony S Road Chembur, Mumbai, Maharashtra	SHIVANSHI PVT. LTD. SERVICES	#275 C BLOCKST ANTHONY S ROAD CHEMBUR, MUMBAI, महाराष्ट्र	1
1	S1-627718371	S2-655512796	false_negative	US	Board of Housing	108 Keene Manor Way, Jessamine Co, KY	Board óf Housing		0
1	S1-314496138	S3-751891175	false_positive	India	Tirupati First Care Limited	B-3, Tower 2 Type 4 New Moti Bagh, New Delhi, North Delhi, Delhi	Limited Tirupati First Enterprises	Sahibabad, Tower 2 Type 4 New Moti Bagh, New Delhi, दिल्ली, B-10	1
1	S1-772659440	S2-901558579	blocking_miss	India	Green Infrastructure	Flat No. B 401, Spires, S. No. 221 To 223, Baner, Pune City, Pune, Maharashtra	ग्रीन इंफ्रास्ट्रक्चर	FLAT NO. B 401, PUNE CITY, PUNE, Maharashtra	0
1	S1-772659440	S3-561520298	false_negative	India	Green Infrastructure	Flat No. B 401, Spires, S. No. 221 To 223, Baner, Pune City, Pune, Maharashtra	ginfrastructure.com	Flat No. B 401, Spires, S. No. 221 To 223, Baner, Pune City, Pune, महाराष्ट्र	0
1	S1-405083639	S2-201899665	false_negative	US	Marino All Vehicle Group	2855 4610, West Valley City, Unit 209, UT	Center Marino All Group	4610, SALT LAKE CITY, UT	1
1	S1-69115655	S2-599085741	false_negative	India	City Fashions Private Limited	Marottikkal Building, Building No. 492, Kanayannur, Ernakulam, Kerala	LYRAORBISYN	MAROTTIKKAL BUILDING, BUILDING NO. 492, KANAYANNUR, ERNAKULAM, Keralam	1
1	S1-904282136	S3-991570259	false_negative	US	Orelia Steinman First Network LLC	1700 Fairview Street, Unit 245, Greensboro, NC	Orelia Steinman First	1699 Fairview Street, NULL, Greensboro, North Carolina	1
1	S1-421565784	S2-252544111	false_negative	US	Rosario and Medina LLC	7611 Farrell Drive, Amarillo, TX	Irigild	7611 FARRELL DRIME, AMARILLO, TX	1
1	S1-996046968	S2-126459156	false_positive	India	Dream Consulting Private Limited	#34, 1St Block, 5Th Main, A K Nagar, R M Nagar, Bangalore, Karnataka	Dream Consulting Pivit Limited		1
1	S1-996046968	S2-333383676	false_negative	India	Dream Consulting Private Limited	#34, 1St Block, 5Th Main, A K Nagar, R M Nagar, Bangalore, Karnataka	ಡ್ರೀಮ್ ಕನ್ಸಲ್ಟಿಂಗ್ ಪ್ರೈವೇಟ್ ಲಿಮಿಟೆಡ್	DOOR NO G-34, BANGALORE, Karnataka	1
1	S1-592489876	S2-524910606	false_negative	US	Express Hospitality Group	309 Second Street, Stanley, NC	Express Hopsialgty Group		1
1	S1-592489876	S3-739153207	false_negative	US	Express Hospitality Group	309 Second Street, Stanley, NC	Express Hospitality (ID: 48396)	309 Secodd St, Stanley, North Carolina	1
1	S1-316227904	S2-199249303	false_negative	US	Siis	770442 3320 Road, Perkins, OK	Siis LP	3320 RD, PERKNS, OK	1
1	S1-931148378	S3-172169433	false_negative	India	Jagat Developers Limited	Ff 25, Rishi Business Park Hoshangabad Road, Bhopal, Madhya Pradesh	Jagat Developers		1
1	S1-324235654	S2-261024705	false_negative	India	City Infrastructure Private Limited	G-63, Ground Floor, George Technology Arcade, K C Joseph Road, Panampilly Nagar, Ernakulam, Kerala	സിറ്റി ഇൻഫ്രാസ്ട്രക്ചർ പ്രൈവറ്റ് ലിമിറ്റഡ്	ERNAKULAM, Kerala, GROUND FLOOR, GEORGE TECHNOLOGY ARCADE, K C JOSEPH ROAD, PANAMPILLY NAGAR, PLOT 260 G-63	1
1	S1-224928173	S3-280382841	false_negative	US	Scholarship League	4301 Shroyer Road, Unit 1, Kettering, OH	Scholarship League & Co		1
1	S1-397507125	S2-955793962	false_negative	US	Priddy, Daniels & Cain	1313 Huey Street, South Bend, IN	Priddy, Dashles & Cain		1
1	S1-603977985	S3-542650898	false_negative	US	Dalia's Mortgage	68 Foxwood Court, TN, Crossville	*** Dalia's Service	28 Foxwood Ct, Crossville, Tennessee	1
1	S1-503249288	S2-473292313	blocking_miss	India	First It Private Limited	Periambalam, Pallikkal Bazar Road Pulikkal P.O, Malappuram, Malappuram, Malapuram, Kerala	First It Private Ltd		0
1	S1-503249288	S3-619776391	blocking_miss	India	First It Private Limited	Periambalam, Pallikkal Bazar Road Pulikkal P.O, Malappuram, Malappuram, Malapuram, Kerala	ഫസ്റ്റ് ഐടി പ്രൈവറ്റ് ലിമിറ്റഡ്	Periambalam, Malapuram, KL	0
1	S1-694485678	S3-994678068	false_positive	US	Ward & Nilson Inc.	10098 Masada, Tucson, AZ	Inc Ward Nilson &	Tucson, 10101 Masada, Arizona	1
1	S1-24737445	S3-387817260	blocking_miss	India	Economy & Brothers LLP	Tower 2 Flat No 201, Bptp Park Generations, Railway Road, Gurgaon, Haryana	Wexorbimira	Tower 2 Flta No 201, Gurgaon, HR	0
1	S1-88475156	S2-631953307	blocking_miss	US	Gulf Ministries	NY, Dannemora, 2 Marshall Lane	Gulf Minstries		0
1	S1-88475156	S3-963176666	blocking_miss	US	Gulf Ministries	NY, Dannemora, 2 Marshall Lane	Gulf Miniastries	2 Marshall Lane, Ellenburg Depot, New York	0
1	S1-835163559	S2-675847035	false_negative	US	Jeane Lewis Box LLC	OH, 6 Maple Hill Drive, West Carrollton	Jeane Lewis LLC Center		1
1	S1-412283732	S3-246695492	false_negative	US	Richardson Certified Aerospace Inc	207 C 79th Street, Virginia Beach City, VA	RICHARDSON CERTIFIED AEROSPACE INC		1
1	S1-447950038	S2-244128864	false_negative	US	M W & V Textiles LLC	891 Rosewood Drive, Galion, OH	M W & V Textiles [LLC]		1
1	S1-447950038	S3-154298704	blocking_miss	US	M W & V Textiles LLC	891 Rosewood Drive, Galion, OH	M W & V		0
1	S1-221992448	S3-168739193	false_negative	US	Esther's Freight	315 Mitchell Street, Belton, TX	Esther's Center		1
1	S1-653618573	S2-875314989	false_negative	US	Davis, Barbie W., CPA	249 Orchard Crossing, Morgantown, WV	Davis Davis Barbie W. CPA LLC	645 ORCHARD CROSSING, MORGANTOWN, WV	1
1	S1-7454680	S2-277699594	false_negative	US	Ketenet Care	1168 Eliza Street, City Of Green Bay, WI	Ketenet Care Inc	23 ELIZA SAINT, CITY OF GREEN BAY, WI	1
1	S1-949717924	S2-867719144	false_negative	India	All Infrastructure Private Limited	10/C, Kasturba Gandhi Marg, Delhi, New Delhi	ऑल इंफ्रास्ट्रक्चर प्राइवेट लिमिटेड	#152 10/C, KASTURBA GANDHI MARG, NEW DELHI, Delhi	1
1	S1-949717924	S3-293641908	blocking_miss	India	All Infrastructure Private Limited	10/C, Kasturba Gandhi Marg, Delhi, New Delhi	allinfrastructurecom	10/C, New Delhi, दिल्ली	0
1	S1-456536056	S3-362334054	false_negative	US	W/Y Renewable LLC	12204 Lucasville Road, Prince William County, VA	W/Y LLC Center	12204 Lucasville Rd, Manassas, Virginia	1
1	S1-456536056	S3-819912857	false_negative	US	W/Y Renewable LLC	12204 Lucasville Road, Prince William County, VA	Wy.Com	12204 Lucasville Rd, Manassas, Virginia	1
1	S1-987980547	S2-487810614	false_negative	US	Juliane Hammond Liberty	53065 332, Milton-freewater, OR	Juliane Hammond Liberty Co		1
1	S1-373393776	S3-324012245	false_negative	US	Thompson Cascade Edp LLC	1684 8, Town Of Balsam Lake, WI	Thompson Cascade Édp		1
1	S1-283876690	S2-121888092	false_negative	India	Akar Tea Pvt Ltd	Office No 505 5 Th F, Secundreabad, Hyderabad, Telangana	Solvantageveo	OFFICE NO #505 5 TH F, SECUNDREABAD, HYDERABAD, Telangana	1
1	S1-283876690	S3-474719430	false_negative	India	Akar Tea Pvt Ltd	Office No 505 5 Th F, Secundreabad, Hyderabad, Telangana	Aeoar Tea Pvt Ltd	Secundreabad, Hyderabad, Office No 50 5 Th F, Andhra Pradesh	1
1	S1-2358924	S2-204266565	false_negative	US	New Life Methodist Church LP	7007 Indian School Road, Unit 1061, Phoenix, AZ	NEW LIFE METHODIST CHURCH INC	700 INDIAN SCHOOL ROAD, PHOENIX, AZ	1
1	S1-2358924	S3-701762253	false_negative	US	New Life Methodist Church LP	7007 Indian School Road, Unit 1061, Phoenix, AZ	New Life Methodist Church Enterprises		0
1	S1-882869885	S3-287246722	false_negative	India	Laxmi Consultants Private Limited	Ut No 203 2Nd Flr Ste No 298 Sbr Cv Twrs Sec-I Sy No 64 Huda Techno Enc Madhapur, Hyderabad, Telangana	Nylabrixaria	Ut No 203 2Nd Flr Ste No 298 Sbr Cv Twrs Sec-i Sy No 64 Huda Techno Enc Madhapur, Hyderabad, TG	1
1	S1-701109313	S2-84840776	false_negative	US	Primary Care Elite Specialists	94 Clay Street, Fl 1, Saint Augustine, IL	PRIMARY CARE ELITE SPECIALISTS CORPORATION	95 CLAY ST, STT AUGUSTINE, IL	1
1	S1-701109313	S3-356001415	false_negative	US	Primary Care Elite Specialists	94 Clay Street, Fl 1, Saint Augustine, IL	Primary Elite Care Specialists		1
1	S1-410865658	S3-338477734	blocking_miss	India	New Foundation	Flat No. C 1203, Shriram Signia App. Opp Wipro Gate No 13 Neeladri Road, E-Ci, Bangalore, Karnataka	newfoundation.com	Flat No. C 1203, Bengaluru, KA	0
1	S1-946321544	S3-141691088	false_negative	India	Happy & Co	28/26/1 Flat No. 402, Chavan Paradise Phase, Haveli, Pune, Maharashtra	Happy & [Co.]		1
1	S1-12662678	S2-193852499	false_negative	India	Big Media Pvt Ltd	Office No.802, 8Th Floor, Maithili Signet Plot No. 39/4, Sector-30A, Vashi, Navi Mumbai, Thane, Maharashtra	बिग मीडिया प्रा. लि.	OFFICE NO.802, NAVI MUMBAI, THANE, Maharashtra	0
1	S1-12662678	S3-866182765	blocking_miss	India	Big Media Pvt Ltd	Office No.802, 8Th Floor, Maithili Signet Plot No. 39/4, Sector-30A, Vashi, Navi Mumbai, Thane, Maharashtra	बिग मीडिया प्रा. लि.	Office No.802, Navi Mumbai, Thane, MH	0
1	S1-6120021	S3-731823562	blocking_miss	India	Universal Traders Pvt. Ltd.	C/O Shakuntla Maurya W/O Chandr Pal Maurya, R/O Nr Holly Path School, Aasutosh City, Bareilly, Uttar Pradesh	Universal Trlasesr Pvt. Ltd.		0
1	S1-739639455	S3-58519662	false_positive	US	Bureau of Public Works	9797 32nd Street, Unit 186, Yuma, AZ	Bureau of Public Works ((Corp))	09802 32nd St, # 186, Yuma, Arizona	1
1	S1-238985138	S3-270227428	blocking_miss	India	South Construction Private Limited	Plot. No. 01 Second Floor, Harihar Complex, Malviya Nagar, Huzur, Bhopal, Madhya Pradesh	साउथ कंस्ट्रक्शन Private Limited	H.no 01 Second Floor, Huzur, Bhopal, MP	0
1	S1-238985138	S3-972467027	blocking_miss	India	South Construction Private Limited	Plot. No. 01 Second Floor, Harihar Complex, Malviya Nagar, Huzur, Bhopal, Madhya Pradesh	South कंस्ट्रक्शन Private Limited	No 01 Second Floor, Bhopal, Huzur, MP	0
1	S1-525440939	S3-139333690	false_negative	US	Cardiology Group of Tucson	AZ, 3460 Green Ridge Drive, Tucson	CARDIOLOGY GROUP OF TUCSON		1
1	S1-130076641	S2-236498163	false_negative	India	Jalgaon Travels Pvt Ltd	749, Marwadi Lane, Erandol, Jalgaon, Maharashtra	Jalgaon Travels Pvt Ltd		1
1	S1-877415339	S2-537748970	false_negative	India	Social Jewellery Private Limited	L-09 Dreams The Mall Lbs Marg Bhandup West, Mumbai, Mumbai City, Maharashtra	social jewellery private limited		1
1	S1-705953247	S3-10131167	false_negative	US	Safe Telecom Dynamics LLC	550 Caden Court, Estacada, OR	Brixevo	Caden Court, Estacada, Oregon	1
1	S1-572837306	S3-317927615	false_negative	US	Shaw, Sande, D.O., P.C.	509 159th Street, Tacoma, WA	Shaw, S, D.O., P.C.		1
1	S1-230602643	S3-938583354	false_negative	US	Delgado, Scott and Martinez Corp	2892 Grassland Parkway, Marshall, NC	Delgado, Scott and		1
1	S1-171011360	S2-876609131	false_negative	US	Colonial Learning Center Inc	4000 257 Ossi Court, High Point, NC	Pyrarizanyla	4000 257 OSSI COURT, HIGH POINT, NC	1
1	S1-171011360	S3-177634483	false_negative	US	Colonial Learning Center Inc	4000 257 Ossi Court, High Point, NC	colonial learning center inc		1
1	S1-171011360	S3-62402434	false_negative	US	Colonial Learning Center Inc	4000 257 Ossi Court, High Point, NC	Colonial Learning Center		1
1	S1-55030594	S2-252066244	false_negative	US	Halpern, Laughlin & Lammers Manufacturing Corp	4441 Breezy Meadow Drive, Herriman Town, UT	Halpem Laughlin & Lammers Manufacturing Corp	444 BREEZY MEADOW DR, RIVERTON, UT	1
1	S1-85370197	S3-657801190	false_negative	US	Pacific Trust	160 Home Run Drive, Bladenboro, NC	Pacific Trust Enterprises		0
1	S1-683208572	S2-990907182	blocking_miss	India	Swastik Infrastructure Private Limited	702, 7Th Floor, Deekay Tech Park, Plot No. C-99, Ttc Industrial Area, Midc, Turbhe Navi Mumbai, Thane, Maharashtra	स्वस्तिक इंफ्रास्ट्रक्चर प्राइवेट लिमिटेड	NO. 994 702, THANE, NEW BOMBAY, महाराष्ट्र	0
1	S1-683208572	S3-806166579	blocking_miss	India	Swastik Infrastructure Private Limited	702, 7Th Floor, Deekay Tech Park, Plot No. C-99, Ttc Industrial Area, Midc, Turbhe Navi Mumbai, Thane, Maharashtra	Swastik Infrastructure Private	Hn 348 702, Thane, New Bombay, महाराष्ट्र	0
1	S1-584085550	S3-874573198	false_negative	US	Wade, Hoffman and Wilson	13529 Larkin Drive, Minnetonka, MN	Wade, Hoffman and Wcgn	13422 Larkin Drive, Minnetonka, Minnesota	1
1	S1-590513867	S2-690862181	false_negative	US	Henrico County Family Dynamic Chiropractic	2716 Park Green Way, Henrico County, VA	Henrico Cofuntny Family Dynamic Chiropractic	2717 PARK GREEN WAY, HENRICO COUNTY, VA	1
1	S1-187721802	S2-900126506	false_negative	US	Arnold Dbdr LLC	14843 Dogwood Tree Street, Houston, TX	Arnold Dbdr Dbdr		1
1	S1-395909670	S2-132585700	false_negative	India	India Motors Western Pvt. Ltd.	1050/1, Survey Park, Uns-33, Unnayan, 1St Floor, Ambuja Commercial Complex, Kolkata, Howrah, West Bengal	wmindia.c0m	1050/1, KOLKATA, HOWRAH, West Bengal	0
1	S1-744843679	S2-109007414	false_negative	US	Continental Robotics International LLC	7323 Yorkshire Drive, Fl 0, Saint Louis, MO	Continental Robotics	732 YORKSHIRE DR, ST. LUOIS, MO	1
1	S1-899733361	S3-135989288	false_positive	India	Super College	10/379, Near St. Joseph Church Moochamkund, Muthalamada Govindapuram Palakkad, Chittur, Palakkad, Kerala	Super College Limited	Chittur, Palakkad, Keralam, 010/388	1
1	S1-301332470	S2-732072575	false_positive	India	Narayan Concast LLP	24-28-3/3, Sundar Nagargandhinagar Vijaywada., Vijaywada., Andhra Pradesh	LLP Narayan Concast Enterprises	24-28-3/24, SUNDAR NAGARGANDHINAGAR VIJAYWADA., KRISHNA, Andhra Pradesh	1
1	S1-301332470	S2-528051503	false_negative	India	Narayan Concast LLP	24-28-3/3, Sundar Nagargandhinagar Vijaywada., Vijaywada., Andhra Pradesh	Narayan Concast LLP		1
1	S1-982939650	S2-144791428	false_negative	India	Gold Software Private Limited	27 Goalapara Ichapore 24 Pgs(N), Lp-32/5, Ichapore, Parganas North, West Bengal	G0ld-Software Private	B3/27 GOALAPARA ICHAPORE 24 PGS(N), ICHAPORE, PARGANAS NORTH, পশ্চিমবঙ্গ	1
1	S1-208129286	S3-320828215	blocking_miss	India	Unique Infrastructure Private Limited	R 1/25 F/F Joga Bai Ext, Gali No1Near Qadri Masjid, New Delhi, South Delhi, Delhi	यूनिक इंफ्रास्ट्रक्चर प्राइवेट लिमिटेड	New Delhi, South Delhi, R 1/25 F/f Jola Bai Ext, DL	0
1	S1-450479325	S3-888878944	false_negative	US	Sweet Pilates LLC	Fairfield, CA, 731 Del Mar Street	Sweet Pilates Ventures		0
1	S1-229946356	S3-82576735	false_negative	US	Byrd Regional Futurecorp LLC	20101 Hawthorn Drive, Casa Grande, AZ	Byrd Rgednoal Futurecorp LLC		1
1	S1-512261913	S2-493710264	blocking_miss	India	Dynamic Technologies Private Limited	Bangalore, #57, Hbr Layout, 1St Stage, 2Nd Main, Hennur Main Road, Karnataka, Bangalore North	ಡೈನಾಮಿಕ್ ಟೆಕ್ನಾಲಜೀಸ್ ಪ್ರೈವೇಟ್ ಲಿಮಿಟೆಡ್	BANGALORE NORTH, Karnataka, #5-7, BANGALORE	0
1	S1-512261913	S3-347913683	blocking_miss	India	Dynamic Technologies Private Limited	Bangalore, #57, Hbr Layout, 1St Stage, 2Nd Main, Hennur Main Road, Karnataka, Bangalore North	Dynamic Technologies Private Ltd	#C-57, Bangalore North, East Of Ngef Layout, KA	0
1	S1-556907091	S2-109234352	false_positive	US	Carter Green Republic	2545 Bidwell Street, Unit 110, Folsom, CA	Moses Republic Green	2545 BIDWELL STREET, FOLSOM, CA	1
1	S1-556907091	S2-694763729	false_negative	US	Carter Green Republic	2545 Bidwell Street, Unit 110, Folsom, CA	Carter Repub1ic Center	2545 BIDWELL STREET, FOLSOM, CA	1
1	S1-80648089	S3-37395384	false_negative	India	Sargam Solutions Private Limited	8-1-398/Pm/69, Plot No 69, Nasr Apartments Flat 101, Paramount Colony, Rethibowli, Hyderabad, Telangana	5argam Private Limited-Center	8-1-398/Pm/69, Rethibowli, TG	1
1	S1-480075070	S3-538069990	false_negative	US	Signature Aegon LLC	4314 Shawnee Circle, Chattanooga, TN	Signature Aegon L.L.C. L.L.C.	4303 Shawne Cir, Chattanooga CDP, Tennessee	1
1	S1-192263758	S2-438546009	false_positive	India	Tinmurti Trading Naranpura	B-2 Mrudhanya Apartment, B/H. Bhumi Party Plot, Naranpura, Ahmedabad, Gujarat	Tinmurti Trading Naranpura Group	B-G-6 MRUDHANYA APARTMENT, B/H. BHUMI PARTY PLOT, NARANPURA, Gujarat	1
1	S1-605488670	S2-171781146	false_positive	US	XV Trading LLC	4507 Dresden Street, Kensington, MD	XVG Trading Llc	4507 DRESDEN STREET, KENSINGTON CITY, MD	1
1	S1-384584812	S2-411035858	blocking_miss	US	Martin, Katee, MD	1832 Cook Road, Fort Wayne, IN	martinkateemd.com	1832-1834 COOK RD, WASHINGTON, IN	0
1	S1-426004193	S3-39621199	false_positive	US	Heritage Project	NY, Pittsford, 7 Oak Leaf Lane	Heritage Project Ltd	18 Oak Leaf Ln, Pittsford, New York	1
1	S1-426004193	S2-271199358	blocking_miss	US	Heritage Project	NY, Pittsford, 7 Oak Leaf Lane	heritageproject.com	PITTSSFORD, NY, 7 OAK LEAF LN	0
1	S1-426004193	S3-484118396	false_negative	US	Heritage Project	NY, Pittsford, 7 Oak Leaf Lane	Miragild	##7 Oak Leaf Lane, Pittsford, New York	1
1	S1-825195803	S2-860507850	false_negative	US	Guardado Blue Willow Inc	148 Culver Street, Baltimore, MD	Guardado Blue Willow		1
1	S1-541223445	S2-583134726	false_negative	US	Ferrial Merchants LLC	3728 Foxton Drive, Winston-salem, NC	Ferrial Merchants (LLC)		1
1	S1-187520344	S3-54637125	false_negative	US	Family Physicians LLC	15 Blue Heron Drive, Plymouth, MA	Family Physicians Llc & Co		0
1	S1-832768757	S3-378731571	blocking_miss	US	Fresh Book Store Inc	901 2nd Street, TX, Killeen	bookstore.com	01 Second Street, Killeen, Texas	0
1	S1-103335643	S3-988318029	false_negative	US	Cascade LLC	3922 Tierra Buena Lane, Phoenix, AZ	LLC Csate	PO Box 1113, Arizona, Phoenx CITY, 392 Tierra Buena Ln	0
1	S1-619802155	S2-419349946	false_negative	US	Desert Academy	37 Ozark Street, Springfield, MA	DESERT-ACADEMY SOCIETY	38 OZARK ST, SPRINGFIELD, MA	1
1	S1-418627555	S3-124999272	false_negative	India	NSR Estates Private Limited	Plot No-2 Baldev Ngar, Ambala City, Ambala, Haryana	Zephzephquo	Plot No-2 Baldev Ngar, Ambala City, Ambala, HR	1
1	S1-418627555	S3-338472515	false_negative	India	NSR Estates Private Limited	Plot No-2 Baldev Ngar, Ambala City, Ambala, Haryana	NSR Estates Private Ltd		1
1	S1-153203146	S3-855658729	false_negative	US	Marano Clear California	8304 Forge Road, Henrico County, VA	Xyloariax	8304 Forge Road, Henrico County, VA	1
1	S1-633495552	S2-839069449	blocking_miss	US	Bobbye Harrell, MD	301 Central Avenue, Landis, NC	BOBBYEHARRELLMD.COM	301 CENTRAL AVE, PMB 1296, LANDIS, NC	0
1	S1-319522589	S2-97863835	false_negative	India	Lucknow Renewables Pvt. Ltd.	307 Felix Square Sushant Golf City Near Lulu Mall Above Icici Bank, Lucknow, Uttar Pradesh	Lucknow Renewables Pvt. (Ltd.)		1
1	S1-262102848	S3-884198513	false_positive	India	Shakti Construction	Khasra No 37, Near Govt School, Nadbai, Bharatpur, Rajasthan	Hari Cónstruction Limited	Bharatpur, RJ, Near Govt School, Nadbai, No A-37	1
1	S1-262102848	S2-660440889	blocking_miss	India	Shakti Construction	Khasra No 37, Near Govt School, Nadbai, Bharatpur, Rajasthan	शक्ति कंस्ट्रक्शन	NO 37, DIVREPORTINGCIRCLE, BHARATPUR, राजस्थान	0
1	S1-262102848	S3-285609084	false_negative	India	Shakti Construction	Khasra No 37, Near Govt School, Nadbai, Bharatpur, Rajasthan	शक्ति कंस्ट्रक्शन	A-37, Near Govt School, Nadbai, Bharatpur, राजस्थान	0
1	S1-262102848	S3-461349819	false_negative	India	Shakti Construction	Khasra No 37, Near Govt School, Nadbai, Bharatpur, Rajasthan	शक्ति कंस्ट्रक्शन	Khasra No A-37, Bharatpur, RJ	0
1	S1-262102848	S3-902117824	blocking_miss	India	Shakti Construction	Khasra No 37, Near Govt School, Nadbai, Bharatpur, Rajasthan	Shakticonstruction.Com	Khasra No A-37, Bharatpur, RJ	0
1	S1-700913276	S2-446312129	blocking_miss	US	Pediatric Dentistry Specialists LLC	NY, Unit Unit 101, Kiryas Joel, 10 Taylor Court	Pediatric Dentistry Specialists	10 TAYLOR COURT, NULL, MONOE, NY	0
1	S1-700913276	S2-58453452	blocking_miss	US	Pediatric Dentistry Specialists LLC	NY, Unit Unit 101, Kiryas Joel, 10 Taylor Court	Pediatric-Dentistry Specialists	10 TAYLOR CT, NULL, MONOE, NY	0
1	S1-700913276	S2-804766668	blocking_miss	US	Pediatric Dentistry Specialists LLC	NY, Unit Unit 101, Kiryas Joel, 10 Taylor Court	Pediatric Pediatric Dentistry	10 TAYLOR CT, NULL, MONOE, NY	0
1	S1-236001834	S3-637442315	false_positive	US	Glyphex Chesapeake	441 Sierra Drive, Albuquerque, NM	Glyphox Chesapeake	441 Sierra Dr, Albuquerque, New Mexico	1
1	S1-236001834	S2-764842319	false_negative	US	Glyphex Chesapeake	441 Sierra Drive, Albuquerque, NM	Glyphex Chesapsaek		1
1	S1-555916868	S2-511107517	false_positive	US	Optimal Modern Carlyle LLC	608 Irvin Street, Ogdensburg, NY	OPTIMAL MODERN CNRLYE LLC		1
1	S1-668658123	S2-448299046	blocking_miss	India	Seven Power Private Limited	Delhi, G-3, New Delhi, Central Delhi, Aggarwal Corporate Tower 23, Rajendra Place	सेवन पावर प्राइवेट लिमिटेड	G-3, NEW DELHI, Delhi	0
1	S1-516438556	S3-41460373	blocking_miss	India	East Business Pvt Ltd	49B, K.G.N. Bagh, Niwaru Road Jhotwara, Jaipur, Rajasthan	ईस्ट बिजनेस प्रा. लि.	049B, Jaipur, RJ	0
1	S1-516438556	S3-488269368	blocking_miss	India	East Business Pvt Ltd	49B, K.G.N. Bagh, Niwaru Road Jhotwara, Jaipur, Rajasthan	East Business	049B, Jaipur, RJ	0
1	S1-801336720	S2-532673658	false_negative	India	Tech Sudhakar Services Private Limited	Gf 36, Maruti Complex, Opp Swaminarayan Nagar Near Parth Travells, Nizampura, Vadodar, A, Vadodara, Gujarat	Tech Sudhakar Services Private Limited		1
1	S1-825961101	S3-526325040	false_negative	India	01110 In Market Limited	Vill-Mohibalipur Chak, Tola-Karkat, Bigha Panch Mahibalipur Chok, Block-Paliganj Patna, 8, 01110 In, Patna, Bihar	01110 In Market		1
1	S1-986164122	S2-307791768	false_negative	US	Bright Electric Associates	1926 Main Street, Salem City, VA	BRIGHT ELECTRIC ASSOCIATES #70818		1
1	S1-229468155	S2-304937588	false_negative	US	Little Hypnosis! LLC	Amherst, MA, 256 Pleasant Street	LITTLE LLC HYPNOSIS!		1
1	S1-520573904	S3-515509898	false_positive	India	Chandrya Services Private Limited	Shop No. 313 & 317, 3Rd Floor, Diamond Complex, Village:-Chhapi, Vadgam, Banas Kantha, Gujarat	Chandryaer Services Private Ltd	Soop No. 313 & 317, Vadgam, GJ	1
1	S1-520573904	S3-504054728	false_negative	India	Chandrya Services Private Limited	Shop No. 313 & 317, 3Rd Floor, Diamond Complex, Village:-Chhapi, Vadgam, Banas Kantha, Gujarat	Deltapyra	Shop No. 313 & 317, 3Rd Floor, Diamond Complex, Village:-Chhapi, Vadgam, Banas Kantha, Gujarat	1
1	S1-506351540	S3-625434775	blocking_miss	India	Parkland Property (India) Private Limited	397, 1530, Vill - Kujapi, Po -Kujapi, Ps - Chandati, Town Block Gaya, Gaya, Bihar	Parkland Property (Ida) Private Limited		0
1	S1-141794327	S2-81367757	blocking_miss	India	Super Foods Pvt Ltd	E-812, Ahmedabad, Gujarat, Titanium City Center, Anandnagar-Prahladnagar Road, Satellite	સુપર ફૂડ્સ પ્રા. લિ.	E-812, AHMEDABAD, Gujarat	0
1	S1-141794327	S3-225206638	false_negative	India	Super Foods Pvt Ltd	E-812, Ahmedabad, Gujarat, Titanium City Center, Anandnagar-Prahladnagar Road, Satellite	Super Foods Pvt	E-812, Ghatlodia, GJ	1
1	S1-141794327	S3-634415764	blocking_miss	India	Super Foods Pvt Ltd	E-812, Ahmedabad, Gujarat, Titanium City Center, Anandnagar-Prahladnagar Road, Satellite	5UPER FOODS PVT LTD	E-812, Ghatlodia, GJ	0
1	S1-494758402	S3-998988750	false_negative	India	Consultants Embark Healthcare Private Limited	371/12Civil Lines Jhansi, Uttar Pradesh, Jhansi, Uttar Pradesh	Consultants Embark Healthcare Private Ltd		1
1	S1-886241515	S2-21214669	false_negative	India	Boutique Mittal Limited	Unit No.Gd, Ground Floor, Phase Ii, Carnival Infopark, Kakkanad, Kanayannur, Ernakulam, Kerala	Shri Boutique-Limited Center	Kerala, BLOCK C-894 UNIT NO.GD, GROUND FLOOR, PHASE II, CARNIVAL INFOPARK, KAKKANAD, KANAYANNUR	1
1	S1-269047488	S3-30395033	blocking_miss	India	Durgapur Sky Limited	Office No 7, Plot No. D-185 Phase 8-B, Industrial Area, Mohali, Punjab	... Durgapur Limited Center	Office No 7, Mohali, Sas Naga Mohali, ਪੰਜਾਬ	0
1	S1-891181128	S2-763522460	blocking_miss	US	Pediatric Care L.L.C.	116 Pine Street, Saint Marys, OH	pediatriccare.com	116 PINE ST, ST MRYS, OH	0
1	S1-891181128	S3-419705939	blocking_miss	US	Pediatric Care L.L.C.	116 Pine Street, Saint Marys, OH	Pediatric L.L.C. Center	Pine Street, ST Mrys, Ohio	0
1	S1-891181128	S3-735142845	blocking_miss	US	Pediatric Care L.L.C.	116 Pine Street, Saint Marys, OH	Pediatric Care [L.L.C.]		0
1	S1-962680276	S3-544127848	false_negative	India	Athwagate Circle Real Private Limited	412, Jolly Plaza, Opp-Athwa Gate Police Chowkey, Besides G.P.College, Athwagate Circle, Surat, Gujarat	Athwagate Circle Real Private		1
1	S1-116972284	S2-267194173	blocking_miss	India	Chakrapani Group	Sco No 1068, Ab Chamber Village Mattaur, Sector 70, Sas Nagar Mohali, Mohali, Punjab	Chakrapani [Group]		0
1	S1-263840578	S2-275906020	blocking_miss	US	Brown & Miller Inc	11361 Main Street, Roscoe, IL	Br0wn & Miller Inc	11361B MAIN ST, ROSCOE, IL	0
1	S1-471973670	S2-541149323	false_negative	US	FSQ Clear Hotels LLC	5712 Stonegate Circle, Granbury, TX	Fsq Clear Hotels Llc		1
1	S1-599157087	S2-749091365	blocking_miss	India	Heena Agro Private Limited	Tmc Xi/3867 Second Floor Rana Residency Behind Moothedath Hs School Post Office, Thaliparamba, Kannur, Kerala	Mr Heena Agor Private Limited		0
1	S1-165991429	S3-692828884	false_negative	India	Indo Industries Private Limited	Roy Para, Dankuni, Hooghly, West Bengal	Arcfluxfaye	Roy Ptra, Dankuni, Hooghly, WB	0
1	S1-169256970	S2-99942592	false_negative	US	Board of Transportation	188 N Sioux Road, Northumberland County, VA	Board of Transportation		1
1	S1-739482993	S3-802377495	false_negative	India	Karimnagar Habitat Private Limited	H.No 8 4 571 Thirumala Nagar, Karimnagar, Telangana	Noviquomira	H.no 8 4 571 Thirumala Nagar, Karimnagar, Andhra Pradesh	1
1	S1-541078512	S3-218101883	false_negative	US	Twisted Cafe	727 Front Avenue, Unit 2, Knoxville, TN	Twisted Cafe & Co		1
1	S1-304332559	S3-297074930	false_positive	US	Jobyna Tobey Dynamic Douglas	5 Meadow Lane, Westford, MA	Jobyna Tobey Douglas LLC Center	8 Meadow Lane, PMB 1540, Westford, Massachusetts	1
1	S1-926834171	S2-110097380	false_negative	US	Pryor Automotive L.L.C.	3009 21st Avenue, Gary, IN	Pryor Automotive L.L.C.		1
1	S1-61229598	S2-605791003	false_negative	US	Urban Hypnosis!	179 4 Avenue, Brooklyn, NY	Urban Hypnosis!		1
1	S1-301816964	S2-474859564	false_negative	India	International Energy Limited	Unit No.903, 9Th Flr, Naman, Centre Plotno.C 31, Kalina, Mumbai, Maharashtra	इंटरनेशनल एनर्जी लिमिटेड	महाराष्ट्र, MUMBAI, UNIT NO.903, MUMBAI	0
1	S1-301816964	S3-129143978	false_negative	India	International Energy Limited	Unit No.903, 9Th Flr, Naman, Centre Plotno.C 31, Kalina, Mumbai, Maharashtra	इंटरनेशनल Energy Limited	Unit No.g-903, Mumbai, MH	1
1	S1-301816964	S3-207194018	false_negative	India	International Energy Limited	Unit No.903, 9Th Flr, Naman, Centre Plotno.C 31, Kalina, Mumbai, Maharashtra	Shri International Energy	Unit No.g-903, Mumbai, MH	1
1	S1-703456117	S3-314936971	blocking_miss	India	Gulmarg & Sons Private Limited	C/O M Uma, 1509, Thadagam Rd Venkittapuram, Coimbatore South, Coimbatore, Tamil Nadu	Gulmarg & Private Limited Partners		0
1	S1-311106677	S2-443621622	false_negative	US	Blue Diner	258 600, Lehi, UT	The Blue Diner		0
1	S1-311106677	S3-559486701	blocking_miss	US	Blue Diner	258 600, Lehi, UT	Blue-Diear		0
1	S1-281071345	S3-550316768	false_negative	US	Diliberto's Advanced Cafe	766 Oglethorpe Street, Washington, DC	Diliberto's Advanced Services	Washington, Oglethorpe Street, District of Columbia	1
1	S1-307080287	S2-43072900	false_negative	India	Access Services Private Limited	Near Syndicate Bank, Moti Jhil, Neemrana, Alwar, Rajasthan	Evonex	NEAR SYNDICATE BANK, Rajasthan, ALWAR, NEEMRANA	1
1	S1-821200768	S3-837539306	false_positive	US	Secure Commercial Studios LLC	WA, Federal Way, 1838 355th Place	Secure Commercial Studios LLC		1
1	S1-576213428	S3-770998771	false_positive	US	Metro Holdings Group	37 1/2 Division Street, Chelsea, MA	Metro Hóldings Group Co	37 1/7 Division Street, Chelsea, Massachusetts	1
1	S1-50217553	S3-801950826	false_negative	US	Dermatology Care Associates of St. George City Inc.	2723 Shore Side Avenue, St. George City, LA	Dermatology Care Associates of St. George City		1
1	S1-923904983	S3-462848700	blocking_miss	US	Memorial Association LLC	232 5th Avenue, Wilmington, DE	Memorial Association	232 5rd Avenue, PMB 7962, Wilmigton Township, Delaware	0
1	S1-923904983	S3-526772504	blocking_miss	US	Memorial Association LLC	232 5th Avenue, Wilmington, DE	Memorial Association L.L.C.	232 5rd Ave, PO Box 3701, Wilmigton Township, Delaware	0
1	S1-599302509	S3-992948497	blocking_miss	US	11/14 Northwest Inc.	1279 Hayes Court, Bowling Green, KY	11/14 Inc. Service		0
1	S1-445288075	S3-653124400	false_negative	India	Mithun Charitable Trust	701/702 Casa Blanca Chs Ltd, Yamuna Nagar, Opp Oxford Tower, Andheri (West), Mumbai, Mumbai City, Maharashtra	Mithun Charitable Trust LLP	701/70 Casa Blanca Chs Ltd, Yamuna Nagar, Opp Oxford Tower, Andheri (West), Mumbai, Mumbai City, MH	1
1	S1-782598129	S3-267605295	false_negative	India	Services Cumbum Prasad Private Limited	Mumbai, 706 Aura Biplex Sv Road Borivali West Opp Lencelot Bldg, Mumbai City, Maharashtra	Services Cumbum Private Limited Services		1
1	S1-989400106	S2-171460273	false_negative	US	Ehlers, Stefan and Finney LLC	Sartell, 905 11 Street, MN	Ehlers, Stefan and Finey LLC	90 11 ST, NULL, SARTELL, MN	1
1	S1-282434163	S3-820357812	false_negative	India	Fortune Hospitality Pvt Ltd	B/15-16, Industrial Estate, Pologround, Indore, Madhya Pradesh	Fortune Pvt Ltd Services	Pmot 74 B/15-16, Indore, मध्य प्रदेश	1
1	S1-282434163	S3-892459384	false_negative	India	Fortune Hospitality Pvt Ltd	B/15-16, Industrial Estate, Pologround, Indore, Madhya Pradesh	Fortune Hospitality Pvt		0
1	S1-282434163	S3-990780586	false_negative	India	Fortune Hospitality Pvt Ltd	B/15-16, Industrial Estate, Pologround, Indore, Madhya Pradesh	Shri Fortune Hóspitality	Plot 74 B/15-16, Indore, MP	1
1	S1-648665127	S3-580935087	false_negative	US	Pickup & Six Morgan LLC	14560 86th Place, Kenmore, WA	Pickup + Six Morgan	14560-14562 86th Pl, Kenmore, Washington	1
1	S1-711825852	S3-625579922	false_negative	US	VF Bank Inc	3110 Brickdale Lane, Unit A, Nashville, TN	VF Inc Bank		1
1	S1-575129475	S3-355267042	false_negative	India	Rsr Consultancy	598P, 599P, Flat No 309, T 1, Swan Lake Apartment, Kukatpally, Balaji Nagar, Hyderabad, Telangana, S No 597P, Balanagar	Smt Rsr Consultancy Corp	S No 97P, 598P, 599P, Flat No 309, T 1, Swan Lake Apartment, Kukatpally, Balaji Nagar, Balanagar, Hyderabad, TG	1
1	S1-575129475	S3-48228696	false_negative	India	Rsr Consultancy	598P, 599P, Flat No 309, T 1, Swan Lake Apartment, Kukatpally, Balaji Nagar, Hyderabad, Telangana, S No 597P, Balanagar	Rsr Consultancy		1
1	S1-575129475	S3-851124861	false_negative	India	Rsr Consultancy	598P, 599P, Flat No 309, T 1, Swan Lake Apartment, Kukatpally, Balaji Nagar, Hyderabad, Telangana, S No 597P, Balanagar	Rsr Cosutancy	S No 97P, Hyderabad, Balanagar, తెలంగాణ	0
1	S1-429860333	S2-781555735	blocking_miss	US	Global Initiative	785 Harbour Way, Lakehills/pipe Creek, TX	Global Initiative		0
1	S1-816378093	S2-253912103	false_negative	US	Mendoza & Eastman Inc	187 Road 7750, Farmington, NM	Mendoza + Eastman Incorporated		1
1	S1-759312568	S3-585378211	false_positive	India	Perfect Global LLP	A-203, Mangal Kirti Aptt., Nr Divine Lab, Jayesh Col, Vadodara, Gujarat	Golden	A-203, Mangal Kirti Aptt., Nr Divine Lab, Jayesh Col, Vadodara, Gujarat	1
1	S1-759312568	S3-269347930	blocking_miss	India	Perfect Global LLP	A-203, Mangal Kirti Aptt., Nr Divine Lab, Jayesh Col, Vadodara, Gujarat	પરફેક્ટ ગ્લોબલ એલએલપી	Hn 322 A-203, Baroda, Vadodara, GJ	0
1	S1-700965274	S3-362682257	false_negative	US	Garcia Holding Inc	330 Jefferson Street, Albany, OR	Garcia Holding Ínc		1
1	S1-729117085	S2-198418625	false_negative	India	Dilkhush Memorial Trust	Cs No. 87/A, Flat No. 7, Padmini Villa Gali No. 1, Kolhapur, Maharashtra	Dilkhush Memorial Trust Company		1
1	S1-563135489	S2-675074719	blocking_miss	India	Four Industries Pvt. Ltd.	J-3/45 Khirki Extension, Delhi, South West Delhi, New Delhi, Malviya Nagar	FOURINDUSTRIES.COM	J-3/45 KHIRKI EXTENSION, MALVIYA NAGAR, NEW DELHI, Delhi	0
1	S1-8102648	S3-363830736	blocking_miss	India	Creative Infotech Private Limited	10, Clive Row, 1St Floor, Room No. 5F, Kolkata, Howrah, West Bengal	Creative Infotech Private	পশ্চিমবঙ্গ, Kolkata, Howrah, 10	0
1	S1-69774725	S2-810594003	false_positive	India	Hosur Agro Limited	Kelamangalam Road Achettipalli Post, H.C.F Via, Tamil Nadu, Hosur, Dharmapuri, Survey Nos: 1186/2-A And 2-B	Hosur Colorchem Limited	SURVEY NOS: 1186/2-A/3 AND 5-B, KELAMANGALAM ROAD ACHETTIPALLI POST, H.C.F VIA, HOSUR, Tamil Nadu	1
1	S1-69774725	S2-747099138	false_negative	India	Hosur Agro Limited	Kelamangalam Road Achettipalli Post, H.C.F Via, Tamil Nadu, Hosur, Dharmapuri, Survey Nos: 1186/2-A And 2-B	Dovadrex	PLOT 712 SURVEY NOS: 1186/2-A AND 2-B, KELAMANGALAM ROAD ACHETTIPALLI POST, H.C.F VIA, HOSUR, DHARMAPURI, Tamil Nadu	1
1	S1-231478229	S2-384401854	blocking_miss	India	Maa Hospitality Private Limited	G-244, Ground Floor, Ghazipur Village, Delhi, North East, Delhi	मां हॉस्पिटैलिटी प्राइवेट लिमिटेड	G-744, NORTH EAST, DELHI	0
1	S1-320206883	S3-731941734	false_negative	India	Producer Ganpati Studios Center	15, Nest Bunglows, Heaven Park Road, Ramdevnagar Satellite Ahmedabad, Ahmadabad City, Ahmedabad, Gujarat	Producer-Ganpati Center Service	Plot 925 15, Nest Bunglows, Heaven Park Road, Ramdevnagar Satellite Ahmedabad, Ahmadabad City, Ahmedabad, GJ	1
1	S1-181983879	S2-440261456	false_negative	US	Innovative Apparel International Center	451 St Pauls Lane, Dover, AR	Innovative Apparel International Centr Centr	151 St Pauls Lane, DOVER, AR, N/A	1
1	S1-94476345	S2-411036059	false_negative	US	Big Cleaning Service	Vernon, AL, 2499 18	@bigcleaning	2499-2503 18, VERNON, AL	0
1	S1-521923585	S2-709227902	blocking_miss	US	Dental Associates	3928 Park Circle Lane, Carmichael, CA	Dental Assocaites	CARMICHAEL, CA, 392 PARK CIRCLE LN	0
1	S1-521923585	S3-772679126	false_negative	US	Dental Associates	3928 Park Circle Lane, Carmichael, CA	Novisol	California, Carmichael, null, 3928 Park Circle Ln	1
1	S1-571861757	S2-149263073	blocking_miss	US	1 800 Got Junk	103 Sherwood Drive, Camillus, NY	1800got.com	##103 SHERWOOD DR, CAMILLUS, NY	0
1	S1-571861757	S3-106381531	false_negative	US	1 800 Got Junk	103 Sherwood Drive, Camillus, NY	1 800 Got Junk Corporation	Sherwood Drive, Fairmount, New York	1
1	S1-94178081	S2-363311784	false_negative	US	Asset Building Prairie Committee	503 Gooseneck Drive, Unit B5, Cary, NC	Asset Building Prairie Committee District	03 GOOSENECK DR, CAYR, NC	1
1	S1-94178081	S2-516031364	false_negative	US	Asset Building Prairie Committee	503 Gooseneck Drive, Unit B5, Cary, NC	Asset Building Prairie Committee LLC	03 GOOSENECK DR, CAYR, NC	1
1	S1-467481414	S3-58070935	false_positive	India	RI Chemicals Private Limited	Plot No.18, H.No. 11-14-334 Srinagar Colony, L.B. Nagar, Hyderabad, Telangana	RI Chemical Prívate Limited		1
1	S1-843052465	S3-825192537	false_negative	India	Complete Security Limited	P No. 498E/P & 499, Vintage Homes, Rangareddy, K.V.Rangareddy, Telangana	Quoecto	P No. 498E/P & 499, Vintage Homes, Rangareddy, K.V.Rangareddy, Telangana	1
1	S1-992227312	S2-357716686	blocking_miss	India	Hotel Systems LLP	40, Ahinsa Nagar, Opp A.I.R, Aurangabad, Maharashtra	होटल सिस्टम्स एलएलपी	AURANGABAD, Maharashtra, 40, OPP A.I.R	0
1	S1-992227312	S2-387125856	blocking_miss	India	Hotel Systems LLP	40, Ahinsa Nagar, Opp A.I.R, Aurangabad, Maharashtra	होटल सिस्टम्स एलएलपी	40, OPP A.I.R, AURANGABAD, Maharashtra	0
1	S1-720090967	S2-529078096	false_negative	India	GH Consultants Private Limited	808-The Millenium, 8Th Floor, Nanamava, Rajkot, Gujarat	GH Consultants Private Ltd		1
1	S1-403775577	S2-55778074	blocking_miss	US	Little Cafe	29338 Jarvis Bay Pass, Katy, TX	Litt1e Cafe Service		0
1	S1-968017094	S2-129716299	false_negative	India	Siri Ornaments Private Limited	Maharashtra, Pune, F-302, Pune, Mega Center Magarpatta	Sri SIRI ORNAMENTS PRIVATE	F-30, MEGA CENTER MAGARPATTA, PUNE, Maharashtra	1
1	S1-968017094	S2-383728922	false_negative	India	Siri Ornaments Private Limited	Maharashtra, Pune, F-302, Pune, Mega Center Magarpatta	Siri Ornaments Prívate Ltd		1
1	S1-946262286	S2-692215801	false_negative	India	Bankura Extraction Private Limited	Ganesh Gorai, Jhapar More Town P O- Bishnupur, Bankura, West Bengal	BEPRIVATE.COM	GANESH GORAI, JHAPAR MORE TOWN P O- BISHNUPUR, BANKURA, West Bengal	1
1	S1-263989992	S2-675285382	false_negative	India	Classic Ventures Private Limited	Mig-494, 1St Floor, New Tpmh School Road, Srikakulam, Andhra Pradesh	క్లాసిక్ వెంచర్స్ ప్రైవేట్ లిమిటెడ్	HN 269 MIG-494, SRIKAKULAM, ఆంధ్రప్రదేశ్	1
1	S1-263989992	S3-646586371	false_negative	India	Classic Ventures Private Limited	Mig-494, 1St Floor, New Tpmh School Road, Srikakulam, Andhra Pradesh	క్లాసిక్ వెంచర్స్ ప్రైవేట్ లిమిటెడ్	Hn 386 Mig-494, Srikakulam, ఆంధ్రప్రదేశ్	1
1	S1-729138791	S2-916861692	false_negative	India	Properties Thiru Publications Corp	S/O Sh. Hari Ram 419, 4Th Floor, Sant Nagar, East Of Kailash, New Delhi, Delhi, South Delhi, Delhi	Nexorbi	SOUTH EAST DELHI, DELHI, BLOCK B-G-341 S/O SH. HARI RAM 419, दिल्ली	0
1	S1-818048450	S3-302973379	false_negative	India	Green Projects Private Limited	101 Adcon Meridian, Cts-171, Fp No 27A, Nehru Road, Tps-Iii, Next To Air View Hotel, Mumbai, Maharashtra	ग्रीन प्रोजेक्ट्स प्राइवेट लिमिटेड	101 Adcon Meridian, Mumbai, MH	0
1	S1-906591879	S2-511421713	false_negative	India	Mumbai Pharmaceuticals Private Limited	Floor 1St Plot 4/8, 2 Gordhan Building Dr Parekh Street Behind Girgaun Court Gi, Rgaon, Mumbai, Mumbai City, Maharashtra	Mumbai Private-Limited Center	Maharashtra, H.NO G-794 FLOOR 1ST PLOT 4/8, 2 GORDHAN BUILDING DR PAREKH STREET BEHIND GIRGAUN COURT GI, RGAON, MUMBAI	1
1	S1-906591879	S3-726113021	blocking_miss	India	Mumbai Pharmaceuticals Private Limited	Floor 1St Plot 4/8, 2 Gordhan Building Dr Parekh Street Behind Girgaun Court Gi, Rgaon, Mumbai, Mumbai City, Maharashtra	Mumbai-Pharmaceuticals Peraae Limited	Plot 3-40 Floor 1St Plot 4/8, Mumbai, Mumbai City, MH	0
1	S1-419919819	S2-878106288	false_negative	US	Anchor Electronics Solutions	Seattle, 1931 3rd Avenue, WA	Anchor Electronics Solutions-Ltd	193 3ST AVENUE, PO BOX 1290, SEATTLE, WA	1
1	S1-828097164	S2-34842595	false_negative	US	Blankenship Ventures LLC	620 24th Street, Charlotte, NC	Blankenship Ventures LLC		1
1	S1-828097164	S2-966784473	false_negative	US	Blankenship Ventures LLC	620 24th Street, Charlotte, NC	Blankenship Ventures		1
1	S1-625687900	S2-568833583	false_negative	US	Sanchez & Spaeth Park LLC	NC, City Of Wilson, 3716 Martha Lane	Nylazeph	MARTHA LANE, CITY OF WILSON, NC	1
1	S1-518939727	S3-555386915	false_negative	US	Gulf Unified Xflh Inc	Canton, OH, 3901 Grove Street	Gulf Unified Xflh		1
1	S1-361315831	S2-59097222	false_negative	US	Ziex Vaneck Partners	Penn Yan, NY, 109 Brown Street	Ziex Vaneck	474-A BROWN ST, PENN YAN, NY	1
1	S1-693454125	S3-628318693	blocking_miss	India	Aayansh Centre LLP	G No- 2209, Grampanchayat Malgaon, Behind Bhaba Engineering, Near Dilasabhavan, Tasgaon, Phata, Miraj, Sangli, Maharashtra	aayanshcentre.com	G No- 2209, Miraj, Sangli, MH	0
1	S1-921182857	S2-688861631	false_negative	India	Sanchaya Law Chambers	203, Status Chs, Yari Road Versova, Andheri (W), Mumbai, Mumbai City, Maharashtra	Sanchaya Láw Chambers Corp | www.sanchayal.com		1
1	S1-921182857	S2-926947052	false_negative	India	Sanchaya Law Chambers	203, Status Chs, Yari Road Versova, Andheri (W), Mumbai, Mumbai City, Maharashtra	Smt Sanchaya Law [Chambers]	204, STATUS CHS, YARI ROAD VERSOVA, ANDHERI (W), MUMBAI, Maharashtra	1
1	S1-125414935	S3-915805156	false_negative	US	Kam Holdings Group	3624 10th Avenue, Portland, OR	Kam H0ldings Inc	3624 Tenth Ave, Portland, Oregon	1
1	S1-580900132	S2-579045591	false_negative	India	Splendour Auto Limited	Flat No 102, Block D, Sir, Guttala Begumpet, Kavuri, Shaikpet, Hyderabad, Telangana	Splendour Auto		1
1	S1-494081425	S3-229260851	false_negative	US	Family Premier Health LLC	8810 Tunnel Mill Road, Charlestown, IN	hpfamily.com	Tunnel Mill Road, Charlestown, Indiana	0
1	S1-557661498	S2-712299715	blocking_miss	India	Bangalore North Industries Company	Bangalore, Puttenahalli, No 401 Plot No 67 To 72, Bangalore North, Karnataka	BANGALORE NORTH #5532		0
1	S1-314180073	S2-858808991	false_negative	India	International It	Shop A /2, St Xaviers Corner, Neelambar Complex, Navarangpura, Ahmedabad, Gujarat	ઇન્ટરનેશનલ આઈટી	SHOP A /2, GANDHINAGAR, AHMEDABAD, ગુજરાત	1
1	S1-828233149	S2-520252133	blocking_miss	India	Galaxy Construction Private Limited	Nagpur, House No. 623, Hingna, Gajanan Nagar, Maharashtra	Mr Galaxy Private Limited Services		0
1	S1-828233149	S3-824943916	false_negative	India	Galaxy Construction Private Limited	Nagpur, House No. 623, Hingna, Gajanan Nagar, Maharashtra	गैलेक्सी कंस्ट्रक्शन प्राइवेट लिमिटेड	Hn 808 House No. 623, Nagpur, Hingna, महाराष्ट्र	1
1	S1-404454890	S2-112553262	false_positive	US	Luna, Farrell & Main, LLC	10078 Blanco Springs Road, Moody, TX	LUNA, FARRELL & MAIN,		1
1	S1-401188182	S3-209122578	false_positive	US	Iveneus Virginia LLC	14146 Lowe Peak Circle, Riverton, UT	Virginia Iveneas LLC	14146 Lowe Peak Circle, Herriman CITY, Utah	1
1	S1-46675756	S2-872177833	blocking_miss	India	Bangalore Services Corp	6/5, Hennur Main Road, Kalyan Nagar, Bangalore, Bangalore, Karnataka	bangaloreservices.com	#6/5, HENNUR MAIN ROAD, KALYAN NAGAR, BANGALORE, BANGALORE, Karnataka	0
1	S1-46675756	S3-907228408	blocking_miss	India	Bangalore Services Corp	6/5, Hennur Main Road, Kalyan Nagar, Bangalore, Bangalore, Karnataka	Bangalore Corp Services	5, Bangalore, KA, Bangalore	0
1	S1-686606677	S3-154859557	singleton_false_merge	US	Denet, L.L.C.	732 Gurten Street, New Bern, NC	Denet, LLC	745 Gurten St, New Bern, North Carolina	1
1	S1-845136164	S3-791607939	false_positive	US	Godfrey, Adriaens, M.D.	4630 Tournament Drive, Unit 207, Raleigh, NC	godfrey, adriaens, m.d. llc	463 Tournament Dr, Unit 207, Raleigh, North Carolina	1
1	S1-102746008	S3-640268092	false_negative	India	Horizon Welfare Society	Mumbai, Maharashtra, C/101 New Manek Nagarm G Road Kandivali (West)	Korsol	C/101 New Manek Nagarm G Road Kandivali (West), Mumbai, Maharashtra	1
1	S1-317747378	S3-464716710	false_positive	India	Vijay Al Power Private Limited	Ward No- 01, Shardanagar, Rosera, Bihar, Samastipur, Bihar	जय माँ इम्पेक्स प्राइवेट लिमिटेड	At- Ward No. 01, Rosera, Samastipur, बिहार	1
1	S1-317747378	S3-82936199	blocking_miss	India	Vijay Al Power Private Limited	Ward No- 01, Shardanagar, Rosera, Bihar, Samastipur, Bihar	विजय अल पावर प्राइवेट लिमिटेड	Ward No- #01, Samastipur, BR	0
1	S1-137413108	S2-832789275	blocking_miss	US	Continental Council	Eugene, OR, 135 Silver Lane, Unit Suite 240	continentalcouncil.com	235 SILVER LANE, PO BOX 3614, EUGENE, OR	0
1	S1-753350897	S2-560501727	blocking_miss	US	Brady Third Inc	202 Third Street, Unit 101, Cle Elum, WA	BRADY-THIRD		0
1	S1-151821824	S3-622457449	false_negative	US	Fao Center	5013 Victor Drive, Donna, TX	Fao Center		1
1	S1-255312391	S3-646866958	false_negative	US	Youssef's Great Ice Cream, Inc	610 Range Drive, Princeton, TX	Youssef'S Great Ice Cream,		1
1	S1-155638034	S2-561517038	false_negative	US	Ortiz Monte Inc	1737 A Street, Lincoln, NE	Ortiz Monte Ínc		1
1	S1-590930337	S3-589815505	false_positive	US	Owens Holding, L.L.C.	6313 Perry Street, Anniston, AL	L.L.C. Langlois Holding,	Alabama, 6313 Perry Street, Anniston	1
1	S1-409613749	S3-321155425	blocking_miss	US	Orthopedic Physicians LLC	17701 93rd Street, Fl 1, Scottsdale, AZ	Orthopedic Physoians LLC	1770 93st St, Scottsdale Kachina, Arizona	0
1	S1-663553356	S2-710581211	false_negative	US	Electronic Realty Advisors	7710 Rowan Court, Fairfax County, VA	Electronic Realty Advisors Corp	ANNANDAALE, VA, 771 ROWAN CT	1
1	S1-900284530	S2-637457964	blocking_miss	India	Smart Software Pvt Ltd	Bikaner, Rajasthan, Infront Of Canara Bank Phar Bazar, Bikaner	Sri Smart Pvt Ltd (Service)		0
1	S1-5124527	S2-408745172	blocking_miss	India	India Welfare Society	C/O Rekha Raman Reddy Dev Residency Flat No.501, Mitra Nagar, Tq - Latur Dist- Latur, Latur, Maharashtra	India Welfare Society Co		0
1	S1-530646028	S3-521709665	false_negative	India	Fern Polytechnic	1St Floor, Popular Market Gandhibagh, Nagpur, Maharashtra	Fern Polytechnic Limited		1
1	S1-705250343	S3-447342957	false_negative	India	Products Apak India Group	2N-15, N.I.T., Faridabad, Haryana	Products-Apak India Co | www.productsa.com	823 2N-15, Faridabad, HR	1
1	S1-894528222	S2-250453431	false_negative	US	South Portfolio Inc	13690 Sabrina Avenue, Tigard, OR	South Inc-Service	SHERWOOD, OR, 13690D SABRINA AVE	1
1	S1-894528222	S3-414445077	false_negative	US	South Portfolio Inc	13690 Sabrina Avenue, Tigard, OR	Fluxbrix	Tigard, Oregon, 13690 1/2 Sabrina Avenue	1
1	S1-249865719	S2-219067131	false_negative	US	Great Hospitality LLC	Dallas, TX, 1902 Gallagher Street	SYNXYLODOVA	1902 GALLAGHER ST, DALLAS, TX	1
1	S1-114591963	S2-570639563	blocking_miss	India	Perfect Care LLP	Lunkad Sky Vista Viman Nagar, Lohegaon, Maharashtra, Pune, 403	परफेक्ट केयर एलएलपी	403, POONA, PUNE, महाराष्ट्र	0
1	S1-114591963	S3-135503373	blocking_miss	India	Perfect Care LLP	Lunkad Sky Vista Viman Nagar, Lohegaon, Maharashtra, Pune, 403	Perfect Cear LLP		0
1	S1-979289680	S2-2682314	false_positive	US	King, Calley, DPM	6265 Beech Creek Road, Clifton, TN	King, Cálley, DPM		1
1	S1-626644570	S3-985541941	blocking_miss	India	Ahmedabad Associates Private Limited	D-41, Sahjanand Appartment, Near Agrasen Vidhyalay, Memnagar, Ahmedabad, Gujarat	Ahmedabad Ass0ciates Private Limited	D-#41, Mumbai, ગુજરાત	0
1	S1-635626245	S3-433717420	false_negative	US	Cardiology Modern Physicians LLC	123 Oakley Avenue, Columbus, OH	CARDIOLOGY MODERN PHYSICIANS LLC		1
1	S1-73085728	S3-53217747	false_negative	India	Indrendra India Private Limited	Flat No 202, 2Nd Floor, Narayanadri Enclav Near Shivalayam, Puppalguda, Hyderabad, Rangareddy, Telangana	Ciraveovio	No 202, 2Nd Floor, Narayanadri Enclav Near Shivalayam, Puppalguda, Hyderabad, Rangareddy, TG	1
1	S1-399333751	S3-911980104	false_negative	US	123 Copper Corp	1520 Crestview Court, Cushing, OK	Lyrabelo	152 Crestview Ct, NULL, Cushing, Oklahoma	1
1	S1-326040800	S2-666237234	blocking_miss	India	East Management Private Limited	No 404, Srushti Sampad, No 496, 17Th Cross 1St Main, Ideal Homes, Rajarajeshwari Na, Gar, Bangalore, Karnataka	ಈಸ್ಟ್ ಮ್ಯಾನೇಜ್‌ಮೆಂಟ್ ಪ್ರೈವೇಟ್ ಲಿಮಿಟೆಡ್	BANGALORE, NO ##404, Karnataka	0
1	S1-21035617	S3-52063353	false_negative	India	Ganpati Seeds Ltd	110, Rewa Chambers, 31, New Marine Lines, Mumbai, Mumbai City, Maharashtra	Deltasyn	110, Rewa Chambers, 31, New Marine Lines, Mumbai, Mumbai City, Maharashtra	1
1	S1-8781147	S2-761180511	false_negative	India	Empower Gas Private Limited	437/3-1 Tirumangalam, Madurai, Tamil Nadu	EMPOWER GAS PRIVATE		1
1	S1-234794396	S2-517416005	blocking_miss	US	2045 Sunset Court Apartments Inc	7 Southold Road, Brookhaven, NY	Fayeyuma	7 SOUTHOLD RD, SOUND BEACH, NY	0
1	S1-234794396	S3-779604950	false_negative	US	2045 Sunset Court Apartments Inc	7 Southold Road, Brookhaven, NY	2045 Snuesht Court Apartments Inc		1
1	S1-234794396	S3-849319690	false_negative	US	2045 Sunset Court Apartments Inc	7 Southold Road, Brookhaven, NY	2045 Sunset Court		1
1	S1-907849902	S3-218374759	false_negative	US	Haines Ace Grid Inc	37123 Hillside Drive, Lake Villa, IL	Verafaye	37123 Hillside Dr, Lake Villa, Illinois	1
1	S1-492013514	S2-528972575	false_negative	US	Pediatric Safe Partners LLC	3395 Sunbrite Drive, Covington, KY	Pediatric Safe		1
1	S1-190857971	S3-690955751	false_negative	India	Up Partnership Private Limited	324, Shivam Ind Park Vasna Chahcharvadi, Sanand, Ahmedabad, Gujarat	Up Partnership Private-Limited		1
1	S1-259787674	S2-765934420	false_negative	US	Phelps & Castle Galata	1926 Grand Avenue, Unit Apartment 3, Saint Paul, MN	Caglse + Phelps Galata	192 GRAND AVENUE, SAINT PAUL, MN	1
1	S1-41078737	S3-845317276	blocking_miss	India	Ahmedabad Enterprises Private Limited	308, Shail Complex, Opp. Madhusudan House, Bh. Girish Cold Drinks, Off. C.G.Road, Na, Varangpura, Ahmedabad, Gujarat	Ahmedabad Enterprises (Private)	308, Ahmedabad, GJ	0
1	S1-125835998	S2-528722405	false_negative	India	Varalakshmi Trust	G-137, Dilshad Colony, Top Floor, Near Old Seemap, Uri, Delhi	Mr VARALAKSHMI SERVICE	G-37, DILSHAD COLONY, TOP FLOOR, NEAR OLD SEEMAP, URI, Delhi	1
1	S1-132700251	S3-742055336	false_negative	US	Rubio Term LLC	4205 Heritage Lane, Alexandria, MN	Rubio Tedrm LLC		1
1	S1-727635762	S3-529884545	false_negative	US	Blue Elite Rail LLC	10108 4th Place, Highland, IN	81ue 8lue Elite Rail LLC	10108 4rd Pl, Hiighland, Indiana	1
1	S1-686346253	S2-229470001	false_negative	India	Sky Engineering Pvt Ltd	Ground Floor, 6/1524 Mahavir Colony, Fazilka, Firozpur, Punjab	ਸਕਾਈ ਇੰਜੀਨੀਅਰਿੰਗ ਪ੍ਰਾ. ਲਿ.	GROUND FLOOR, FAZILKA, FIROZPUR, Punjab	1
1	S1-686346253	S3-329941528	blocking_miss	India	Sky Engineering Pvt Ltd	Ground Floor, 6/1524 Mahavir Colony, Fazilka, Firozpur, Punjab	ਸਕਾਈ ਇੰਜੀਨੀਅਰਿੰਗ ਪ੍ਰਾ. ਲਿ.	Ground Floor, Firozpur, PB	0
1	S1-703132802	S2-897477154	false_negative	India	United Trading Limited	Telangana, 16-2-742/F/17A, Hyderabad, Asmangadh, Venkatadri Nagar Malakpet	యునైటెడ్ ట్రేడింగ్ లిమిటెడ్	D/16-2-742/F/17A, RANGAREDDY, HYDERABAD, తెలంగాణ	0
1	S1-703132802	S3-876793908	false_negative	India	United Trading Limited	Telangana, 16-2-742/F/17A, Hyderabad, Asmangadh, Venkatadri Nagar Malakpet	యునైటెడ్ ట్రేడింగ్ లిమిటెడ్	16-2-742/F/17A, Hyderabad, TG	0
1	S1-881654845	S2-998709476	blocking_miss	India	Innovative Logistics Private Limited	Gurgaon, Tower D, Bestech Park View Sanskruti, Sector - 92, Flat No.-1001, Haryana, Gurgaon	इनोवेटिव लॉजिस्टिक्स प्राइवेट लिमिटेड	FLAT NO.-D/1001, GURGAON, Haryana	0
1	S1-214645717	S2-318459651	false_negative	US	Joslyn & Gibson Corp	615 Dayton Drive, Carmel, IN	J0slyn & Gaen Corp Corp	615 DAYTON DR, CARMEL, IN	1
1	S1-214645717	S3-391268992	false_negative	US	Joslyn & Gibson Corp	615 Dayton Drive, Carmel, IN	Joslyn & Gibson		1
1	S1-329459993	S3-992862008	false_negative	US	Crocker Summit Produce LLC	205 Payne Ridge Road, Looneyville, WV	Crocker Summit		0
1	S1-219862538	S3-772449291	false_negative	India	Delhi Advanced LLP	H. No. 163/1, Bada Gurdwara Road Arjun Nagar, Safdarjung Enclave, Delhi, South Delhi, Delhi	Dovadelta	Bada Gurdwara Road Arjun Nagar, Safdarjung Enclave, Delhi, South Delhi, Delhi, H. No. 163/1	1
1	S1-608719958	S3-687077168	blocking_miss	US	Unified Public Group	3534 Braid Drive, Bend, OR	Unified Pub1ic		0
1	S1-409378957	S3-643968180	blocking_miss	India	Sai Builders Private Limited	A-2, Orley Apartment, Sai Baba Nagar, Next To Sai Baba Mandir, Borivali West, Mumbai, Maharashtra	Pribote Sai Builders Limited	A-2, Borivali West, Mumbai, महाराष्ट्र	0
1	S1-421563239	S2-714407973	false_negative	US	KJF Optimal Glass	3034 Boschertown Road, St Charles, MO	kjfoptimalglass.com	ST CHARLES, MO, BOSCHERTOWN RD	0
1	S1-213207445	S3-366435891	false_positive	India	Bhagabati & Sons Pvt. Ltd.	D Wing, 1201. Sairadha Complex Lbs Marg, Bhandup West, Mumbai, Mumbai City, Maharashtra	Bhagabati + Sons Enterprises Pvt. Ltd.	Mumbai, Biju Ninan Varghese, MH, 1201. Sairadha Complex Lbs Marg, Bhandup West, No 20 D Wing	1
1	S1-837559440	S3-269231718	false_negative	US	Erica Roy Twelve LLC	IL, Palos Park, 28 Fox Lane	Roy, Erica Twelve L.L.C.	Fox Lane, Palos Park, Illinois	1
1	S1-157727534	S3-390175790	blocking_miss	US	CVV Brands	3410 15th Street, Winthrop Harbor, IL	cvvbrands.com	3239 15st St, Winthrop Harbor, Illinois	0
1	S1-939784181	S2-147193248	false_negative	US	Brown & Austin LLC	7737 Edith Keeler Lane, Halls Crossroads, TN	BROWN & AUSTIN		1
1	S1-658557739	S3-2845714	blocking_miss	US	Behavioral Health Medicine Inc	629 5th Street, Silvis, IL	Behavioral Héalth Medicine Inc	5th St, Sivlis, Illinois	0
1	S1-658557739	S3-401666977	blocking_miss	US	Behavioral Health Medicine Inc	629 5th Street, Silvis, IL	Behavioral Health Medicine	Illinois, Sivlis, 5th St	0
1	S1-658557739	S3-715557264	blocking_miss	US	Behavioral Health Medicine Inc	629 5th Street, Silvis, IL	Behavioral Health Medicine	62 5th St, Illinois, Sivlis	0
1	S1-658557739	S3-913525323	blocking_miss	US	Behavioral Health Medicine Inc	629 5th Street, Silvis, IL	Inc Behaviora1 Health Medicine	62 5th St, Sivlis, Illinois	0
1	S1-608047685	S2-630079678	false_negative	India	Digital Anand Systems Limited	Chanderlok, Bank Of India Road, Fatehgarhsahib, Fatehgarh Sahib, Punjab	ਡਿਜੀਟਲ ਅਨੰਦ ਸਿਸਟਮਜ਼ ਲਿਮਟਿਡ	Punjab, FATEHGARH SAHIB, FATEHGARHSAHIB, BLOCK G-40 CHANDERLOK	0
1	S1-615909630	S3-983233231	false_negative	India	Vimal Recruitment	Gurgaon, Block G, Gurgaon, Flat No-1040, Devender Vihar Sector-56, Near Jalvayu Tower, Haryana	Vimal Reciutment	Block G, Gurgaon, हरियाणा	1
1	S1-103613371	S3-176218618	false_negative	India	Umr Properties Ltd	Room No Cgp 20 71 D6, Maama Machi Trade Centre, Opp Golden Bakery, Naimarmoola, Kasaragod, Kasargod, Kerala	Umr Properties		1
1	S1-477669594	S3-470692067	false_negative	India	Innovative Industries Private Limited	H No 1621 Near Nucleus Mall Ansurkar Galli, Belgaum, Karnataka	Private Innovative Infrtutries Limited	No Near Nucleus Mall Ansurkar Galli, Belgaum, KA	1
1	S1-952065005	S2-820203576	blocking_miss	India	Vip Information Limited	Block C-309, Ganesh Meredian Opp.Gujarat High Court, S. G. Highway, Ahmedabad, Gujarat	Ectofaye	AHMEDABAD, Gujarat, BLOCK C-309, AHMEDABAD	0
1	S1-665084669	S3-433032249	false_negative	US	Belsky Arrived, LLC	3012 Narrows Drive, Unit #2, Tacoma, WA	Ariajax	3012 Narrows Drive, <NULL>, Tacoma, Washington	1
1	S1-162157597	S2-585959952	blocking_miss	US	Islip Veterans Coastal Trust	124 Weaver Road, Islip, NY	WEXBRIX	124 WEAVER ROAD, WEST SAYVILLE, NY	0
1	S1-108727378	S3-314003984	blocking_miss	India	Southern Builders Private Limited	Cabin 03-40, 3Rd Floor, Flexone - 15C2, Gift Sez, Gandhi Nagar, Gujarat	સધર્ન બિલ્ડર્સ પ્રાઇવેટ લિમિટેડ	Cabin 03-40, Gandhi Nagar, GJ	0
1	S1-436173345	S2-487089994	false_positive	US	Norrie's Clear Grill	16926 Seminole Ridge Drive, Cypress, TX	Norrie's Clear Grill		1
1	S1-542798871	S3-254724485	false_negative	US	Consolidated Nutrition Union LLC	Lone Rock, WI, 140 County Line Road	Consolidated Nutrition Union		1
1	S1-614996480	S2-637402749	false_negative	India	Restaurants Brothers Private Limited	17, Khambhata Lane, 1St Floor, Office No 2, Near 7Th Khetwadi Back Road, Mumbai, Mumbai City, Maharashtra	PRIVADE RESTAURANTS BROTHERS [LIMITED]	17, MUMBAI CITY, MUMBAI, Maharashtra	0
1	S1-238292431	S2-908864464	false_negative	US	Village Of Oregon Housing Midwest Program	WI, 200 Burr Oak Avenue, Village Of Oregon	VILLAGE OF MIDWEST HOUSING OREGON SERVICES		1
1	S1-329325642	S2-712419761	false_negative	US	Physical Therapy Physicians	2880 Gateway Street, Springfield, OR	Physical Therapy Physicians LP Enterprises		0
1	S1-394874679	S2-357878672	blocking_miss	US	Cornerstone L.L.C.	301 Park Way, Santa Cruz, CA	cornerstone l.l.c. Trading		0
1	S1-772758754	S3-891429216	false_positive	US	Penny A. Lind, DPM, PC	840 700, IL, Sullivan	Penny PC Lind, DPM, A.		1
1	S1-221819926	S3-404299626	false_negative	US	Owen Columbia LP	1209 Weybridge Road, Columbus, OH	Owen Columbia LP		1
1	S1-709876465	S3-643656438	blocking_miss	US	72 Hour Homecare Center	46 Sunnyside Road, Quincy, MA	72 Hor Homecare Center		0
1	S1-117272884	S2-538771714	false_negative	US	Reum Better Graf LLC	3102 Ridge Crest Drive, Bloomington, IL	REUM BETTER 6RAF	307 RIDGE CREST DR, BLOOMINGTON CITY, IL	1
1	S1-245821815	S3-439850844	blocking_miss	US	Orion Therapies LLC	211 8th Street, Great Falls, MT	Ori0n LLC Partners	Great Falls, 8th St, Montana	0
1	S1-228628204	S2-895678962	false_negative	US	Iveneon Can of Eden Prairie	9455 Marshall Road, Eden Prairie, MN	Iveneon Can of	9410 MARSHALL RD, MN, EDEN PRAIRIE	1
1	S1-931412363	S2-518196334	blocking_miss	India	Big & Brothers Private Limited	H. No. 13/2, G/F, Yusuf Sarai, New Delhi, North West, Delhi	Private Big & Brothers Ltd	#13/2, GAUTAM BUDDHA NAGAR, Delhi	0
1	S1-500587202	S2-355619732	false_negative	US	Family Center of Raleigh, LLC	3939 Glenwood Avenue, Unit 606, Raleigh, NC	Family Center of Raleigh,	RALEIGH, 391 GLENWOOD AVE, NC	1
1	S1-500587202	S3-216305275	false_negative	US	Family Center of Raleigh, LLC	3939 Glenwood Avenue, Unit 606, Raleigh, NC	Family Center of	3919 Glenwood Ave, Unit 606, Raleigh, North Carolina	1
1	S1-273639951	S2-929719725	false_negative	US	Tricia A. Hopkins, CPA	462 Cr 180, Van Vleck, TX	*** Tricia A. Hopkins, Partners	VAN VLECK, 219- CR 180, TX	1
1	S1-572296551	S2-555432181	blocking_miss	India	High Properties Private Limited	B-21, Shindewadi Dr.Ambedkar Road., Dadar East, Mumbai City, Maharashtra	हाई प्रॉपर्टीज प्राइवेट लिमिटेड	B-0021, MUMBAI CITY, Maharashtra	0
1	S1-572296551	S3-638637332	false_negative	India	High Properties Private Limited	B-21, Shindewadi Dr.Ambedkar Road., Dadar East, Mumbai City, Maharashtra	Smt High Properties Previmae Limited	Block E-147 B-21, Dadar East, Mumbai City, MH	1
1	S1-952746653	S3-841123674	false_negative	India	Marketing Gee India of Kp P Pura Private Limited	Plot No. 23, Shop No. 123, Vardhman Plaza, Kp P Pura, Delhi	Marketing Gee India Of Kp P Pura Private		1
1	S1-952746653	S3-982833753	false_negative	India	Marketing Gee India of Kp P Pura Private Limited	Plot No. 23, Shop No. 123, Vardhman Plaza, Kp P Pura, Delhi	Drexpyra	H.no 23, Kp P Pura, Delhi, DL	1
1	S1-385355393	S3-639404446	false_negative	India	Mega Ventures LLP	B-205, The Platina, Bit-Ii, Aphb, Gachibowli, Hyderabad, Rangareddy, Telangana	Mega Ventures		1
1	S1-206501405	S3-603014296	false_negative	US	Hudson Dynamic Mercator Care	13705 Grange Avenue, City Of New Berlin, WI	Hudson Dynamic Mercator Services	13704 Grange Avenue, City Of New Berlin, Wisconsin	1
1	S1-80617942	S2-469815665	blocking_miss	US	Piedmont Quality Pono	1004 Lockland Avenue, Winston-salem, NC	piedmontqualitypono.com	1004. Lockland Avenue, WINSTONSALEM, NC	0
1	S1-80617942	S2-684625371	blocking_miss	US	Piedmont Quality Pono	1004 Lockland Avenue, Winston-salem, NC	piedmontqualitypono.com	1004. LOCKLAND AVENUE, WINSTONSALEM, NC	0
1	S1-824498900	S2-896970681	blocking_miss	India	Southern Estate Private Limited	Plot No. 213, Sahitya Industrial Hub, Near Shiv Bhumi Industrial Park, Bakrol To Kujad Road, Daskroi, Ahmedabad, Gujarat	સધર્ન એસ્ટેટ પ્રાઇવેટ લિમિટેડ	203, DASKROI, Gujarat	0
1	S1-824498900	S3-468189297	false_negative	India	Southern Estate Private Limited	Plot No. 213, Sahitya Industrial Hub, Near Shiv Bhumi Industrial Park, Bakrol To Kujad Road, Daskroi, Ahmedabad, Gujarat	Viovantageecto	Sahitya Industrial Hub, Near Shiv Bhumi Industrial Park, Bakrol To Kujad Road, Gujarat, Ahmedabad, Plot No. 213, Daskroi	1
1	S1-462422028	S2-402598642	false_negative	US	Vang Space Inc	4107 Greenleaf Court, Unit APARTMENT 203, Park City, IL	Vang Space	GREENLEAF CT, WAUKKEGAN, IL	1
1	S1-584072415	S3-435479306	false_negative	India	Gr & Brothers Limited	B1 /387 Bhagwan Niwas Kailash Cinema Road, Civil Lines, Ludhiana, Punjab	Gr & Br0thers	Door No 789 B1 /387 Bhagwan Niwas Kailash Cinema Road, Civil Lines, Ludhiana, PB	1
1	S1-380388860	S2-83288795	false_negative	India	White Polyplast Private Limited	78/76 Cathedral Roadmadras-600 086 Madras-600 086, Madras-600 086, Chennai, Tamil Nadu	White Pídyplt Private Limited	DOOR NO 8/76 CATHEDRAL ROADMADRAS-600 086 MADRAS-600 086, MADRAS-600 086, Tamil Nadu	1
1	S1-461028390	S3-934710966	false_negative	US	Rorie N. Summers, D.C., DDS PC	426 Wood Street, East Canton, OH	Rorie N. Sumers, D.C., DDS PC		0
1	S1-419003678	S2-712756640	false_negative	US	Anderson Prime Clinic	85 Hopkins Drive, Wellfleet, MA	Anderson Prime Clinic Ltd		1
1	S1-502038062	S3-967005338	false_negative	India	Allahabad Vinayak Ltd	C-215, G. T. B. Nagar Post- G. T. B. Nagar, P/S- Kareli, Allahabad, Uttar Pradesh	Allahabad Ltd Center	C-215, Prayagraj, Allahabad, UP	1
1	S1-360363632	S2-941959832	blocking_miss	India	Pune Agrotech Private Limited	Office No 204, 2Nd Floor, Mayur Trade Centre, Cts 4533, 4533/1, Ch, Inchwad, Pune, Maharashtra	PUNE AGROTECH PRIVATE LTD		0
1	S1-471885421	S3-749504951	blocking_miss	India	Shree Care Limited	Ground Floor, 13 E Fancy House, Rajwadkar Street Colaba Market, Colaba, Mumbai, Mumbai City, Maharashtra	Shree Care Ltd	Ground Floor, Mumbai City, MH, Mumbai	0
1	S1-116768065	S2-926957995	false_negative	India	Tech Educational Society	Office No. 504 & 505, Plot No. C-1/2, 5Th Floor, Express Tower, Naniwala Bagh, Landmark Commercial Complex, Near Akash Cinema, Azadpur, Delhi, North West Delhi, Delhi	DELTAYUMAVIO	दिल्ली, NORTH WEST DELHI, PLOT NO. C-1/2, 5TH FLOOR, EXPRESS TOWER, NANIWALA BAGH, LANDMARK COMMERCIAL COMPLEX, NEAR AKASH CINEMA, AZADPUR, OFFICE NO. 504 & 505, DELHI	1
1	S1-78376392	S2-389643621	false_negative	US	Atlantic Metro Rocket	9 Innington Court, Ramapo, NY	ATLANTIC MTCDCO ROCKET		1
1	S1-78376392	S3-165456662	false_negative	US	Atlantic Metro Rocket	9 Innington Court, Ramapo, NY	Dovavera	9 Innington Court, Ramapo, New York	1
1	S1-484999722	S2-561686388	false_positive	US	Amaleta Raber Yorkville	2 Pickens Avenue, Freetown, MA	Amaleta Raber Yorkville Partners Ltd	3 PICKENS AVE, E FREETOWN, MA	1
1	S1-667151961	S3-875613133	false_negative	US	Chiropractic Classic Care Associates LLC	12045 State Street, IA, Mason City	Chiropractic Classic Care		1
1	S1-741582361	S3-258963950	false_negative	US	Piper Privette, M.D.	170 Pliska Street, Fairhope, AL	Privette,, Piper MD	Pliska Street, Baldwin County, Alabama	1
1	S1-798046818	S2-540420933	blocking_miss	India	Sree Foundation Private Limited	107, Ist Floor, Garnet Paladium, Off. W.E. Highway Behind Express Zone, Motilal Nehru Road, Goregaon East, Mumbai City, Maharashtra	श्री फाउंडेशन प्राइवेट लिमिटेड	107, MUMBAI, MUMBAI CITY, Maharashtra	0
1	S1-176745107	S2-443474245	false_negative	US	Williams Strategic Pono Corp	100 Tank Hollow Road, Poteet, TX	Williams Strategic Pono Corp.		1
1	S1-270137129	S3-484798766	false_positive	US	Alyssa Carpenter Valley Rre	3602 Wyndham Ct, Unit 8, Jeffersontown, KY	Alyssa Carpenter Valley Rre Inc	Jeffersontown, Unit 8, Kentucky, 3604 Wyndham Ct	1
1	S1-546357133	S2-410669335	blocking_miss	India	OZB Trading Private Limited	C- 8 / 61, Yamuna Vihar, Delhi	ozbtrading.com	C- 8 / 61, YAMUNA VIAR, Delhi	0
1	S1-114752252	S3-457593173	false_negative	India	Smart Investment Private Limited	65, Cotton Street 2Nd Floor, Kolkata, Kolkata, Howrah, West Bengal	Smart Investment Private Ltd		1
1	S1-114752252	S3-521147850	false_negative	India	Smart Investment Private Limited	65, Cotton Street 2Nd Floor, Kolkata, Kolkata, Howrah, West Bengal	Smart Investment Private Ltd	Block B-323 65, Girish Park, পশ্চিমবঙ্গ	1
1	S1-114752252	S3-58448591	false_negative	India	Smart Investment Private Limited	65, Cotton Street 2Nd Floor, Kolkata, Kolkata, Howrah, West Bengal	Smart Investment Private	Block B-323 65, Girish Park, WB	0
1	S1-64091934	S2-398315073	false_negative	US	Family Care Associates of Ballwin	230 Braeshire Drive, Unit UNIT E, Ballwin, MO	acfamily.com	Braeshire Dr, MO, BALLWIN	0
1	S1-64091934	S3-796568860	false_negative	US	Family Care Associates of Ballwin	230 Braeshire Drive, Unit UNIT E, Ballwin, MO	Family Care Associates	Braeshire Dr, Unit UNIT E, Ballwin Towship, Missouri	1
1	S1-531984090	S2-98936611	false_positive	US	Markham Illinois PLLC	4950 Rumpke Road, Cincinnati, OH	Markham Illinois		1
1	S1-531984090	S3-486378533	false_negative	US	Markham Illinois PLLC	4950 Rumpke Road, Cincinnati, OH	Markham Illinois #40816	4951 Rumpke Rd, PO Box 8364, Cincinnati, Ohio	1
1	S1-531984090	S3-600725818	false_negative	US	Markham Illinois PLLC	4950 Rumpke Road, Cincinnati, OH	Markham PLLC Partners	4951 Rumpke Road, Cincinnati, Ohio	1
1	S1-596532225	S2-59242299	false_negative	India	Jsn Market Private Limited	Unit No- 20 1St Floor Block B, St Patricks Complex Brigade Road, Bangalore, Karnataka, Indi, A, Bangalore, Karnataka	Jsn Market Private Limited		1
1	S1-867161542	S2-449575338	false_negative	US	Imogene Martinez Meridian	1229 Co Rd 15, Rayland, OH	lMOGENE MARZI MERIDIAN	1229 CO RD 15, SMITHFIELD TWP, OH	1
1	S1-867161542	S3-473943235	false_negative	US	Imogene Martinez Meridian	1229 Co Rd 15, Rayland, OH	Deltaquodrex	1229 Co Rd 15, Rayland, OH	1
1	S1-60832593	S2-180950473	false_negative	India	Sara Institute	3067, Silver Business Point, Uttran, Chorasi, Surat, Gujarat	Sara Center	Gujarat, H.NO 469 3067, SILVER BUSINESS POINT, UTTRAN, CHORASI	1
1	S1-80770035	S3-827392914	false_negative	US	Back Alley Massage	AR, 432 Elm Street, Walnut Ridge	Massage Alley 8ack	Walnut Ridge, 432 Elm St, Arkansas	1
1	S1-379459066	S2-299879392	false_negative	India	Raj Software Private Limited	Near Subash Bagh, Ajmer, Rajasthan	राज सॉफ्टवेयर प्राइवेट लिमिटेड	AJMER, Rajasthan, AJMER, DOOR NO 108 NEAR SUBASH BAGH	1
1	S1-915365008	S3-965320944	false_negative	India	ZC India Company	H. N. 6/4/89, Patil Colony C.T.S. No. 18290, Aurangabad, Maharashtra	ZC India	H. N. 6/4/8, Patil Colony C.t.s. No. 18290, Aurangabad, MH	1
1	S1-487367897	S2-303646494	false_negative	India	Anita Pharma Limited	No. 4, Fb, Jains Ayush Appartments, 2Nd Cross Street, United India Colony, K, Odambakkam, Chennai, Tamil Nadu	Anita-Limited Center	459, FB, JAINS AYUSH APPARTMENTS, 2ND CROSS STREET, UNITED INDIA COLONY, K, ODAMBAKKAM, CHENNAI, Tamil Nadu	1
1	S1-116320497	S2-982908122	blocking_miss	India	International Developers LLP	No. 901 & 902, Prestige Meridian Ii Towers No. 30, M.G. Road, Bangalore, Karnataka	ಇಂಟರ್‌ನ್ಯಾಷನಲ್ ಡೆವಲಪರ್ಸ್ ಎಲ್ಎಲ್‌ಪಿ	DOOR NO 901 & 902, N/A, BANGALORE, Karnataka	0
1	S1-116320497	S3-445182032	blocking_miss	India	International Developers LLP	No. 901 & 902, Prestige Meridian Ii Towers No. 30, M.G. Road, Bangalore, Karnataka	ಇಂಟರ್‌ನ್ಯಾಷನಲ್ ಡೆವಲಪರ್ಸ್ ಎಲ್ಎಲ್‌ಪಿ	& 902, Bangalore, ಕರ್ನಾಟಕ	0
1	S1-402529117	S3-251516567	false_positive	US	Hernandez, Melitta, D.O., M.D., P.C.	3579 Grouse Road, Montgomery County, VA	Hernandez, Melitta, D.O., M.D., P.C.		1
1	S1-614673821	S3-574667052	false_negative	US	Star Crystal Asia P.C.	428 Meade Avenue, Sumner, WA	Zepharia	428 Meade Ave, Sumner, Washington	1
1	S1-614673821	S3-633993630	false_negative	US	Star Crystal Asia P.C.	428 Meade Avenue, Sumner, WA	Dovanovi	428 Meade Ave, Sumner, Washington	1
1	S1-457835769	S2-373248548	false_negative	US	Z+ Dogecoin	4005 George Buchanan Drive, Lavergne, TN	Z+ Center	4005. GEORGE BUCHANAN DRIVE, LAVERGNE, TN	1
1	S1-312830312	S2-168425154	blocking_miss	India	Arihant Technologies Private Limited	Sushant Lok 3 Sector- 57, Gurgaon, House Number. B1-056, Haryana, Gurgaon	अरिहंत टेक्नोलॉजीज प्राइवेट लिमिटेड	HOUSE NUMBER. B1-056, GURGAON, Haryana	0
1	S1-312830312	S3-663727573	blocking_miss	India	Arihant Technologies Private Limited	Sushant Lok 3 Sector- 57, Gurgaon, House Number. B1-056, Haryana, Gurgaon	अरिहंत टेक्नोलॉजीज प्राइवेट लिमिटेड	House Number. B1-056, Gurgaon, हरियाणा	0
1	S1-837077543	S2-259557123	false_negative	US	007 Talon Inc	5 Edwards Street, Unit 54, Quincy, MA	CENTER 007 INC	MA, QUINCY, 5 EDWARDS ST	1
1	S1-447048264	S3-539569476	false_negative	India	Chennai Level Pvt. Ltd.	G-1, Ground Floor, No.63 Rama Street, Nungambakkam, Chennai, Tamil Nadu	Vioavi	G-1, Ground Floor, No.63 Rama Street, Nungambakkam, Chennai, Tamil Nadu	1
1	S1-331504847	S2-15024865	false_negative	India	Universal Engineering Private Limited	Office No 903, 9Th Floor, Business Suite 9, S.V. Road, Santacruz (West), Mumbai, Mumbai City, Maharashtra	Sri Universal Engineering	PLOT 64 OFFICE NO 903, 9TH FLOOR, BUSINESS SUITE 9, S.V. RAOD, SANTACRUZ (WEST), MUMBAI, महाराष्ट्र	1
1	S1-496961488	S2-341022444	false_negative	US	Michael Bankshares LLC	NY, 347 Dorsey Road, Greece	LLC Michae1 8ankshares	347- DORSEY ROAD, ROCHESETR, NY	1
1	S1-934769979	S2-152779126	false_negative	US	Noraex	152 Columbine, Casper, WY	Noraex Partners	CASPER, WY, COLUMBINE	1
1	S1-934769979	S2-39863780	false_negative	US	Noraex	152 Columbine, Casper, WY	Noraex Inc	170- COLUMBINE, CASPER, WY	1
1	S1-188288389	S3-594847027	false_negative	US	Prova	1910 Hoyt Avenue, Everett, WA	Pav - 6809731210	1910 Hoyt Avenue, Everett, Washington	1
1	S1-715056573	S3-805962999	false_positive	US	Ronnie D. Washington, DPM	6420 Nellie Avenue, Lincoln County, OR	Ronnie-D. Washington, Washington, DPM		1
1	S1-433034343	S2-549734355	false_negative	US	Bixler and Caswell Care	38299 Cardinal Lane, Unit 147, Selbyville, DE	BIXLER AND CASWELL CARE LTD	3829 CARDINAL LN, SELBYVILLE, DE	1
1	S1-982963130	S3-986879043	false_negative	US	Diversified Robotics Enterprises Care	184 Melissa Street, Magnolia, DE	Diversified Robotics Enterprises Care LLC		1
1	S1-487888384	S2-339752454	false_positive	India	GVG Sharma Private Limited	Sakaldeo Bhakta Ajad, C/O Barznandan Sing Maudah Bujurg, Patepur, Vaishali, Bihar	HVG SHARMA PRIVATE	SAKALDEO BHAKTA AJAD, C/O BARZNANDAN SING MAUDAH BUJURG, PATEPUR, VAISHALI, बिहार	1
1	S1-695444421	S2-679259065	false_negative	US	Kyle Homes LLC	1603 Bonnyton Lane, Houston, TX	Kyle Hómes LLC		1
1	S1-654018515	S3-121761908	blocking_miss	US	Back Alley Yoga Corp	568 Mohawk Trail, North Adams, MA	bayoga.com	Massachusetts, 568 Mohawk Trl, North Daams	0
1	S1-654018515	S3-882392319	false_negative	US	Back Alley Yoga Corp	568 Mohawk Trail, North Adams, MA	Vioumbradrex+	568 Mohawk Trail, North Adams, MA	1
1	S1-39594593	S3-73558424	singleton_false_merge	US	TR Gulf Agriculture	221 Driftwood Lane, Guilford, CT	XTR Gulf Agriculture	#221 Driftwood Ln, Guilford, Connecticut	1
1	S1-218793880	S2-356639685	false_negative	US	Metro Irenic LLC	2426 Silverthorne Road, Accomack County, VA	Metro Irenic LLC		1
1	S1-946264923	S3-965229201	false_negative	US	Custom Fresh Hartford	4535 Wirt Street, Omaha, NE	Nexonyx	004535 Wirt Saint, Omaha, Nebraska	1
1	S1-466412417	S2-252525318	false_negative	India	Super Food Limited	B-16 R D Apartment Plot No 6 Sector 6 Dwarka, New Delhi, South West Delhi, Delhi	Dr SUPER FDAHDS LIMITED	B-16/8 R D APARTMENT PLOT NO 6 SECTOR 6 DWARKA, NEW DELHI, Delhi	1
1	S1-466412417	S3-213213290	blocking_miss	India	Super Food Limited	B-16 R D Apartment Plot No 6 Sector 6 Dwarka, New Delhi, South West Delhi, Delhi	सुपर फूड लिमिटेड	B-##16 R D Apartment Plot No 6 Sector 6 Dwarka, New Delhi, South West Delhi, दिल्ली	0
1	S1-36061542	S3-59483445	blocking_miss	India	(india) Ss (construction) Private Limited	Plot No.17, Kanchanpur Matiyari Ward Shaheed Bhagat Singh, Lucknow, Uttar Pradesh	(lndia) Ss Private Limited Services	Plot No.17, Lucknow, उत्तर प्रदेश	0
1	S1-14171114	S3-98055139	false_negative	India	Dezire Broking Limited	251-E, New Delhi, Delhi, Munirka, Nelson Mandela Marg	Dezire 8roking	No. 489 251-E, Nelson Mandela Marg, New Delhi, Munirka, दिल्ली	1
1	S1-979980592	S2-729715458	blocking_miss	India	Krishna Industries Private Limited	2/291, Chundurivari Street, Ramachandrapuram, Nellore, Andhra Pradesh	Krishna Private Limited Partners | (www.krishnapr.com)		0
1	S1-979980592	S3-919653811	false_negative	India	Krishna Industries Private Limited	2/291, Chundurivari Street, Ramachandrapuram, Nellore, Andhra Pradesh	Krishna lndustries Private Limited	2/291, Nellore, ఆంధ్రప్రదేశ్	1
1	S1-400668302	S3-925467141	blocking_miss	US	Valley Bancorp Clinic	925 Wilson Road, Bldg 104, Radcliff, KY	Valley 8ancorp		0
1	S1-155291107	S3-83640461	false_negative	India	Engineering & Co	Flat No. 281, Ground Floor, Block Cd, Pocket -1 Shalimar Bagh, New Delhi, North West, Delhi	Beloecto	Flat No. 281, DL, New Delhi, North West, Ground Floor, Block Cd, Pocket -1 Shalimar Bagh	1
1	S1-657129724	S3-942718182	false_negative	India	Delhi Exim Limited	C-6/7, Flat No. 6259, Vasant Kunj, Delhi, South West Delhi, Delhi	Vantagebeloio	C-6/7, Flat No. 6259, Vasant Kunj, Delhi, South West Delhi, Delhi	1
1	S1-308374366	S3-421937556	blocking_miss	US	Orthopedic Supreme Center LLC	AR, 220 Grant Park Circle, North Little Rock	Orthopedic Smrpndem Center LLC	220 Grat Park Cir, N Ltitle ROCK, Arkansas	0
1	S1-440755143	S2-622353415	blocking_miss	India	Life South Agro Private Limited	H.No 293, 2Nd Floor, L Extn Mohan Garden Sombazar Road, Near Ok Model School, Uttam Nagar, New Delhi, West Delhi, Delhi	लाइफ साउथ एग्रो प्राइवेट लिमिटेड	H.NO 693, Delhi, NEW DELHI, WEST DELHI	0
1	S1-440755143	S3-481495887	blocking_miss	India	Life South Agro Private Limited	H.No 293, 2Nd Floor, L Extn Mohan Garden Sombazar Road, Near Ok Model School, Uttam Nagar, New Delhi, West Delhi, Delhi	लाइफ साउथ एग्रो प्राइवेट लिमिटेड	DL, West Delhi, New Delhi, 293	0
1	S1-130756958	S2-614364488	blocking_miss	India	Sunrise East Energy Private Limited	Pocket-1/63, Sector-24 Rohini, Delhi, West Delhi, Delhi	सनराइज ईस्ट एनर्जी प्राइवेट लिमिटेड	POCET-1/63, SECTOR-24 ROHINI, DELHI, WEST DELHI, दिल्ली	0
1	S1-130756958	S3-356895657	false_negative	India	Sunrise East Energy Private Limited	Pocket-1/63, Sector-24 Rohini, Delhi, West Delhi, Delhi	सनराइज ईस्ट Energy Private Limited	Pocket-1/6, Sector-24 Rohini, Delhi, West Delhi, दिल्ली	1
1	S1-903096325	S2-571899520	false_negative	India	Achal Nursing Home	House No C 119, Shop No A 13 Ground Floor Shop In C 119 No A 13, Moti Nagar, West Delhi, Delhi	ACHAL NURSlNG HOME [CORP]		0
1	S1-177012996	S3-77207139	false_negative	US	Federal Heritage Alphabet Inc	106 Monticello Road, Wilmington, DE	Zetadova	106 Monticello Road, Wilmington, Delaware	1
1	S1-762085130	S2-78894395	blocking_miss	India	Prime Energy Private Limited	Flatno 403, 4Th Floor, Satyaishwar Mansion St-7, Karthikeya Nagar, Nacharam, Hyderabad, Telangana	ప్రైమ్ ఎనర్జీ ప్రైవేట్ లిమిటెడ్	HYDERABAD, Andhra Pradesh, FLATNO 40	0
1	S1-980284950	S2-640314514	false_negative	US	Joynt Specialists	1311 Schley Avenue, Butte-silver Bow, MT	Joynt Center	SCHLEY AVE, BUTTE, MT	1
1	S1-890995160	S3-740256176	false_negative	India	Oriental Brothers Pvt. Ltd.	Plot # 2/357, Gokul Nagar, Hosur, Dharmapuri, Tamil Nadu	Shri @orientalbrothers	Hosur, Plot # 2/357, TN	0
1	S1-864943388	S2-865083951	false_negative	US	Colene Koby, M.D.	34 Biltmore Street, Springfield, MA	Colene-Koby, M.D.		1
1	S1-432174659	S2-441336989	false_negative	US	Vision Partners Group	1118 Sixth Street, Vandalia, IL	Zetahaloiri	1118 SIXTH ST, VANDALIA, IL	1
1	S1-546208337	S3-861890293	singleton_false_merge	US	Felita's Allied Ventures PLLC	1922 Foreland Drive, Houston, TX	... Harris Allied PLLC Service	1922 Foreland Drive, Houston, Texas	1
1	S1-438853522	S3-907577050	false_negative	US	Bright Deli	370 Marion Road, Middleborough, MA	Halodelta	370 Marion Rd, Middleborough, Massachusetts	1
1	S1-963626181	S2-721213945	blocking_miss	US	Pipefitters Union Local No 573	2417 23rd Avenue, Minot, ND	pipefittersunionlocal.com	PO BOX 3047, 2417 23RD AVENUE, MINOT, ND	0
1	S1-502516793	S2-396318446	false_negative	US	Strategic Pinnacle Solution	3705 Arthur Drive, Lake Park, NC	Strategic Pinnacle Solution Corp	ARTHUR DR, INDIAN TRAIL, NC	1
1	S1-78978520	S3-628536516	false_negative	US	Bradley Five Group	5503 Edna Avenue, Baltimore, MD	Bradley Fiave Group	Maryland, Baltimore, PO Box 2894, Edna Ave	1
1	S1-884080194	S3-826945799	false_negative	US	Sao PLLC	4800 Christman Road, Akron, OH	Sao P.L.L.C.		1
1	S1-758450980	S2-501423605	false_negative	India	Ez Software Private Limited	801, Block-D, Vaishnavi, Oasis, Bandlaguda Jagir, Rajendranagar, Hyderabad, Telangana	ez software private private (limited)		1
1	S1-758450980	S2-502192753	false_negative	India	Ez Software Private Limited	801, Block-D, Vaishnavi, Oasis, Bandlaguda Jagir, Rajendranagar, Hyderabad, Telangana	Sri EZ SOFTWARE PRIVATE LIMITED		1
1	S1-999914518	S3-439477395	false_negative	India	Golden Enterprises Limited	Plot No.66, K.K Nagar, Near Sahaya Matha Matriculation Hr Sec School, Sivagangai (Dist), Karaikudi, Sivaganga, Tamil Nadu	Dr Golden Enterprises	#066, Sivaganga, TN	1
1	S1-400918715	S3-155391279	false_negative	India	Sree Innovative Impex Pvt Ltd	Plot No.20 & 39, K.I.D.C Vasai Bhiwandi Road Near Kaman, Post Kaman Village Poman, Thane, Maharashtra	Sree Innovative Pvt Ltd Service	Plot No.19 & 39, K.i.d.c Vasai Bhiwandi Road Near Kaman, Post Kaman Village Poman, Thane, MH	1
1	S1-400918715	S3-170143984	false_negative	India	Sree Innovative Impex Pvt Ltd	Plot No.20 & 39, K.I.D.C Vasai Bhiwandi Road Near Kaman, Post Kaman Village Poman, Thane, Maharashtra	श्री इनोवेटिव इम्पेक्स प्रा. लि.	#19 & 39, K.i.d.c Vasai Bhiwandi Road Near Kaman, Post Kaman Village Poman, Thane, MH	1
1	S1-468799063	S3-114430682	false_negative	India	Projects Jograj Recreation Pvt. Ltd.	Level 8, 5Th Office Floor, Olympia Cyberspace, No. 21/22, 2Nd Street, Alandur Road, Arulayiamman Pettai, Guindy, Chennai, Tamil Nadu	Projects Jnoajr Recreation Pvt. [Ltd.]	Block B-469 Level 8, Chennai, TN	0
1	S1-468799063	S3-454471020	false_negative	India	Projects Jograj Recreation Pvt. Ltd.	Level 8, 5Th Office Floor, Olympia Cyberspace, No. 21/22, 2Nd Street, Alandur Road, Arulayiamman Pettai, Guindy, Chennai, Tamil Nadu	Projects Jograj-Recreation Pvt. (Ltd.)	Block B-469 Level 8, Chennai, TN	1
1	S1-526587850	S3-331345377	false_negative	India	Railway (India) Solution Private Limited	605, Crystal Plaza Prem, Co-Op Soc Ltd, Andheri, Mumbai, Maharashtra	Korriza	605, Crystal Plaza Prem, Co-Op Soc Ltd, Andheri, Mumbai, Maharashtra	1
1	S1-447041377	S2-675008501	false_negative	US	Autism Assistance Project	4466 Shay Road, Kingston, OK	Autism Assistance Project Ltd	4349 SHAY ROAD, KINGSTON, OK	1
1	S1-447041377	S2-684133793	false_negative	US	Autism Assistance Project	4466 Shay Road, Kingston, OK	Autism Assistance	4349 SHAY ROAD, KINGSTON, OK	1
1	S1-990211909	S2-297423448	blocking_miss	India	Tirupati International Limited	296, Kalbadevi Road, Govindwadi, 3Rd Floor Marine Lines East, Mumbai, Maharashtra, India, Mumbai, Mumbai City, Maharashtra	तिरुपति इंटरनेशनल लिमिटेड	296, MUMBAI, MUMBAI CITY, महाराष्ट्र	0
1	S1-990211909	S2-547407038	blocking_miss	India	Tirupati International Limited	296, Kalbadevi Road, Govindwadi, 3Rd Floor Marine Lines East, Mumbai, Maharashtra, India, Mumbai, Mumbai City, Maharashtra	तिरुपति इंटरनेशनल लिमिटेड	296, MUMBAI, MUMBAI CITY, Maharashtra	0
1	S1-990211909	S2-751388256	false_negative	India	Tirupati International Limited	296, Kalbadevi Road, Govindwadi, 3Rd Floor Marine Lines East, Mumbai, Maharashtra, India, Mumbai, Mumbai City, Maharashtra	M/s Tirupati Insernaional Limited		0
1	S1-155909454	S3-329213026	false_positive	India	Prabhat (india)	No.11/97, 8Th Street Phase - I, Sathuvachari, Vellore, Tamil Nadu	Prabhat (india) Holdings	8Th Street Phase - I, Sathuvachari, TN, No 11/108, Sathuvachary, Vellore	1
1	S1-155909454	S2-233726442	false_negative	India	Prabhat (india)	No.11/97, 8Th Street Phase - I, Sathuvachari, Vellore, Tamil Nadu	Vioevo	NO 11/97, 8TH STREET PHASE - I, SATHUVACHARI, VELLORE, Tamil Nadu	1
1	S1-155909454	S2-271268538	false_negative	India	Prabhat (india)	No.11/97, 8Th Street Phase - I, Sathuvachari, Vellore, Tamil Nadu	Prabhat Partners		0
1	S1-155909454	S2-993774908	false_negative	India	Prabhat (india)	No.11/97, 8Th Street Phase - I, Sathuvachari, Vellore, Tamil Nadu	Prabhat Services	8TH STREET PHASE - I, SATHUVACHARI, VELLORE, Tamil Nadu	1
1	S1-155909454	S3-20069766	false_negative	India	Prabhat (india)	No.11/97, 8Th Street Phase - I, Sathuvachari, Vellore, Tamil Nadu	Prabhat (india) Corp		1
1	S1-155909454	S3-239553111	blocking_miss	India	Prabhat (india)	No.11/97, 8Th Street Phase - I, Sathuvachari, Vellore, Tamil Nadu	Sri Prabhat (india)	1464, Vellore, TN	0
1	S1-155909454	S3-735226451	false_negative	India	Prabhat (india)	No.11/97, 8Th Street Phase - I, Sathuvachari, Vellore, Tamil Nadu	Smt Prabhat Center	TN, No.11/97, Vellore	1
1	S1-722105964	S3-256454170	false_negative	India	New Delhi Leasing	Prop Of Kh. No. -471, Second Floor Right Portion, Village Mahipalpur, New Delhi, New Delhi, Delhi	New Delhi Leasing LLP		0
1	S1-916634251	S3-596818179	false_negative	US	Joseph's Book Store	9318 Bill Browne Lane, Dallas, TX	Joseph's Bóok	9398 Bill Browne Ln, null, Dallas, Texas	1
1	S1-334012451	S3-699464710	blocking_miss	India	Sky Consultants Pvt Ltd	8-3-903, Flat No: 304, Siri Estates, Nagarjuna Nagar, Ameerpet, Hyderabad, Telangana	Sky Cónsu1tants Pvt Ltd	8-3-903, Hyderabad, TG	0
1	S1-282823745	S2-748309241	false_negative	US	Pacific Atlantic Roofing	Owasso, 17305 110th Street, OK	THE PACIFIC PACIFIC ATLANTIC ROOFING	17304 110ND STREET, OWASO, OK	1
1	S1-846410246	S2-722100852	false_negative	India	Anjani & Brothers Private Limited	Gurgaon, Tower E, Haryana, Gurugram, Flat-302, The Residency, Ardee City, Gate No 2, Sector-52	Smt ANJANl & BROTHERS PRIVATE	हरियाणा, TOWER E, FLAT-302, THE RESIDENCY, ARDEE CITY, GATE NO 2, SECTOR-52, GURUGRAM	1
1	S1-765330049	S3-292749686	blocking_miss	US	Diaz and Washington PLLC	18 Arizona Terrace, Unit 5, Arlington, MA	diazwashington.com	18 1/2 Arizona Terrace, Arlington, Massachusetts	0
1	S1-80419724	S2-802689508	false_negative	India	Dana International School	Moh-Masjid Khona Ps Tanda, Rampur, Uttar Pradesh	Dana International [School] - 2120110439	196 MOH-MASJID KHONA PS TANDA, RAMPUR, उत्तर प्रदेश	1
1	S1-80419724	S3-615642486	false_negative	India	Dana International School	Moh-Masjid Khona Ps Tanda, Rampur, Uttar Pradesh	Dana International		1
1	S1-13148852	S3-375666919	false_positive	India	Gujarat Technologies	3Rd Floor, Hyderabad, Trendz Sapphire, 3A, Plot No. 1-99/V/2, Vittal Rao Nagar, Telangana, Shaikpet	గుజరాత్ టెక్నాలజీస్ గార్మెంట్స్	No Rd Floor, Trendz Sapphire, 3A, Plot No. 1-99/V/2, Vittal Rao Nagar, Hyderabad, Shaikpet, Andhra Pradesh	1
1	S1-13148852	S3-395692234	false_negative	India	Gujarat Technologies	3Rd Floor, Hyderabad, Trendz Sapphire, 3A, Plot No. 1-99/V/2, Vittal Rao Nagar, Telangana, Shaikpet	Gujarat Tcihfoloigfs	#3Rd Floor, null, Shaikpet, Hyderabad, TG	0
1	S1-13148852	S3-476520454	blocking_miss	India	Gujarat Technologies	3Rd Floor, Hyderabad, Trendz Sapphire, 3A, Plot No. 1-99/V/2, Vittal Rao Nagar, Telangana, Shaikpet	గుజరాత్ టెక్నాలజీస్	3Rd Floor, null, Hyderabad, Shaikpet, TG	0
1	S1-13148852	S3-506670624	blocking_miss	India	Gujarat Technologies	3Rd Floor, Hyderabad, Trendz Sapphire, 3A, Plot No. 1-99/V/2, Vittal Rao Nagar, Telangana, Shaikpet	గుజరాత్ టెక్నాలజీస్	Door No 3Rd Floor, null, Shaikpet, Hyderabad, TG	0
1	S1-108453186	S2-611310348	blocking_miss	India	Tech Care Private Limited	C/O Ravikant Kumar Vill-Pansuli Sagar, Maharajganj, Siwan, Bihar	TECH CARE PRIVATE		0
1	S1-463451761	S2-484222078	false_negative	India	Worship & Brothers Limited	No.487, 2Nd Floor, Shreyas Pearl, 2Nd Main, Manjunatha Temple Road, Sbm Colony, Bsk, 1St Stage, Bangalore, Karnataka	W0rship & Brtners Limited	487, 2ND FLOOR, SHREYAS PEARL, 2ND MAIN, MANJUNATHA TEMPLE ROAD, SBM COLONY, BSK, 1ST STAGE, BANGALORE, ಕರ್ನಾಟಕ	1
1	S1-463451761	S3-252953971	blocking_miss	India	Worship & Brothers Limited	No.487, 2Nd Floor, Shreyas Pearl, 2Nd Main, Manjunatha Temple Road, Sbm Colony, Bsk, 1St Stage, Bangalore, Karnataka	M/s worshipbrothers.com | www.worshipbro.com	H.no 487, Bangalore, KA	0
1	S1-106970830	S2-937756097	false_negative	India	Tech Dream Solutions Pvt Ltd	C/O Vishamber Singh 276 Aryanagar Jalalabad, Jalalabad, Muzaffarnagar, Uttar Pradesh	Tech Dream Solutions Pvt	C/O VISHAMBER SINGH 976 ARYANAGAR JALALABAD, JALALABAD, Uttar Pradesh	1
1	S1-113076161	S3-14082900	false_negative	India	Bodakdev Crest LLP	Hof House, Opp. Maan Party Plot, Sindhubhavan Road, Ahmedabad, Bodakdev, Gujarat, 2Nd Floor	Bodakdev Crest	No 4Nd Floor, Ahmedabad, Gujarat, GJ	1
1	S1-113076161	S3-481127606	false_negative	India	Bodakdev Crest LLP	Hof House, Opp. Maan Party Plot, Sindhubhavan Road, Ahmedabad, Bodakdev, Gujarat, 2Nd Floor	Bodakdev LLP Center	No 4Nd Floor, Hof House, Opp. Maan Party Plot, Sindhubhavan Road, Bodakdev, Ahmedabad, ગુજરાત	1
1	S1-524624199	S2-181908554	false_negative	India	Proline Vinimay Private Limited	13/56 Velalar Veethi, Kuniamuthur, Coimbatore, Tamil Nadu	Dr Zephzeta	13/56 VELALAR VEETHI, COIMBATORE, தமிழ்நாடு	1
1	S1-522288331	S2-669159806	false_negative	India	XYP Timber Limited	C/O Jhari Barman Roy, Taranpu Road, Sreemayapur, Nadia, West Bengal	XYP Limited Service		1
1	S1-706917384	S3-177123294	false_negative	India	Epic (India) Technologies Private Limited	Nasr House 68Amemonwada, Mumbai, Maharashtra	Epic (India) Tcboolmgies Tcboolmgies Private Limited	Greater Mumbai, MH, No 571 Nasr House 68Amemonwada, Bombay	1
1	S1-113049704	S3-48582520	false_negative	US	Bay Fellowship	OR, Portland, 2383 43rd Avenue	Bay Fellowship Trading		1
1	S1-327279971	S2-565204555	false_negative	US	Prairie Ftai Inc	2340 Azalea Drive, Chandler, AZ, Fl 1	Prairie Ftai		1
1	S1-327279971	S2-628820288	false_negative	US	Prairie Ftai Inc	2340 Azalea Drive, Chandler, AZ, Fl 1	Orbiorbi	2340 AZALEA DR, OCOTILLO, AZ	1
1	S1-679437807	S3-526569627	blocking_miss	US	94/13 Amc Corp	641 N Temple Street, Unit 115, Salt Lake City, UT	9413amc.com	N Temple Street, Unit 115, Salt Lake City, Utah	0
1	S1-284386051	S2-270673123	blocking_miss	US	Brick, Miller & West LP	20 Westport Road, Kansas City, MO	BRICK, MILER + WEST LP		0
1	S1-284386051	S2-664966307	false_negative	US	Brick, Miller & West LP	20 Westport Road, Kansas City, MO	Deltaxylolum	WESTPORT RD, KANSAS CITY, MO	0
1	S1-769584595	S3-516311590	false_negative	India	DG Finman Limited	New Delhi, South Delhi, Delhi, 123 Uday Park Gautam Nagar	DG Limited Center	323 Uday Park Gautam Nagar, <NULL>, New Delhi, South Delhi, DL	1
1	S1-643530620	S3-131663535	false_negative	US	Fontenot Worldwide	5508 Tr 191, Attica, OH	Fontenot Wmserldwide		1
1	S1-175240103	S3-173479718	blocking_miss	India	Creative Technology	116, Chandanvan, Phase Ii, Mathura, Uttar Pradesh	क्रिएटिव टेक्नोलॉजी	Door No 62 116, Mathura, UP	0
1	S1-348733714	S2-398516617	false_negative	India	Nosh Works Pvt. Ltd.	B 14, Sreepally, Tantipara, Dankuni, Mrigala, Hooghly, West Bengal	Shri Nosh Works Pvt. Ltd. Ltd.		1
1	S1-348733714	S3-686386156	false_negative	India	Nosh Works Pvt. Ltd.	B 14, Sreepally, Tantipara, Dankuni, Mrigala, Hooghly, West Bengal	Pvt. Nosh Works Ltd.	B 14, Hugli, WB	1
1	S1-56223359	S3-506958456	blocking_miss	US	Cardiology Specialists LLC	6120 Fiske Road, Bartlett, TN	Cardiology Specaihlisso LLC		0
1	S1-187130570	S3-331344774	false_negative	India	Divine Edible Private Limited	Plot No 14B Sector 19C, Thane, 726 Grohitam Building, Maharashtra, Thane	Divine Edible Private Ltd		1
1	S1-313042577	S2-638425682	blocking_miss	US	F & U Altenergy	TN, 1448 Cottage Glen Lane, Maryville	F-&		0
1	S1-313042577	S3-135430314	false_negative	US	F & U Altenergy	TN, 1448 Cottage Glen Lane, Maryville	F & U Altenergy Ltd		1
1	S1-867557668	S3-277545804	false_negative	India	Badrinath Industries (India) Private Limited	B-1204, Oberoi Park View, Thakur Village, Kandivali East, Mumbai, Maharashtra	Badrinath Industries-(India) Private Limited		1
1	S1-965038348	S3-984356471	false_negative	US	Franklin Keystone Studios	504 Brown Town Road, Wythe County, VA	FRANKLIN FRANKLIN KEYSTONE STUDIOS		1
1	S1-534960531	S2-325540040	false_negative	US	Marion Midwest Special Care	MT, Livingston, Unit Unit 26, 1365 Gallatin Street	specialmarionmidwest.com	136 GALLATIN STREET, PO BOX 773, LIVINGSTON, MT	0
1	S1-751267015	S3-851326551	false_positive	US	St. Baptist Church	Indianapolis, IN, Unit SUITE, 4656 38th Street	Baptist Chúrch	38th Street, Canton, Ohio	1
1	S1-751267015	S3-559247888	false_negative	US	St. Baptist Church	Indianapolis, IN, Unit SUITE, 4656 38th Street	The St. Baptist Church Enterprises		0
1	S1-562072288	S2-596781080	false_negative	US	Gilson Metro LLC	2010 Taylor Street, Bloomington, IL	Gilson Métro LLC		1
1	S1-562072288	S2-772890681	blocking_miss	US	Gilson Metro LLC	2010 Taylor Street, Bloomington, IL	gilsonmetro.com	2010B TAYLOR STREET, BLOOMINGTON, IL	0
1	S1-136283646	S2-175162753	false_positive	US	Hazel Best Aluminum Inc	23 Sussex Street, Saugus, MA	HAZEL BEST ALUMINUM INC.		1
1	S1-357910613	S3-939585862	false_negative	US	Turner, Cummings & Ringwald Inc	Washougal, WA, 3596 Cedar Court	Turner, Cummings Ringwald Inc Center	Washington, Washougal, Cedar Court	1
1	S1-11183874	S3-937544031	false_negative	US	Vior Inc	901 Washington Street, Unit UNIT 489, Colton, CA	Vior Inc Center		1
1	S1-537109774	S3-725188784	blocking_miss	India	Foundation New Developers Pvt Ltd	6Th Floor, Central B Wing, Nesco It Park - Tower 4 Western Express Highway, Goregaon (East), Mumbai, Mumbai City, Maharashtra	@Foundationnew	#6Th Floor, Mumbai Region, Mumbai City, MH	0
1	S1-615996367	S3-279408429	blocking_miss	US	B 7 Pinnacle Marketing LLC	203 Galbraith Road, Cincinnati, OH	b7pinnacle.com	Galbraith Road, Cincinnati, Ohio	0
1	S1-235237963	S2-606887608	false_negative	India	International Marketing Private Limited	1St Floor, Bhoomi Mall, Pl No 09, Sector 15, Cbd Belapur, Thane, Maharashtra, Unit No 108, Thane	इंटरनेशनल मार्केटिंग प्राइवेट लिमिटेड	UNIT NO 108, THANE, महाराष्ट्र	1
1	S1-235237963	S3-765229660	blocking_miss	India	International Marketing Private Limited	1St Floor, Bhoomi Mall, Pl No 09, Sector 15, Cbd Belapur, Thane, Maharashtra, Unit No 108, Thane	internationalmarketingcom	Unit No #108, Thane, MH	0
1	S1-22588674	S2-442824787	blocking_miss	India	Mumbai Systems Private Limited	306, Laxmi Plaza Laxmi Industrial Estate, New Link Road, A, Ndheri (W), Mumbai, Mumbai City, Maharashtra	Systems Mumbai Private Limited	939- 306, MUMBAI, MUMBAI CITY, Maharashtra	0
1	S1-22588674	S3-748336192	blocking_miss	India	Mumbai Systems Private Limited	306, Laxmi Plaza Laxmi Industrial Estate, New Link Road, A, Ndheri (W), Mumbai, Mumbai City, Maharashtra	Mumbai Systems Private Límited	महाराष्ट्र, Bhiwandi, 306, Mumbai	0
1	S1-22588674	S3-932870757	blocking_miss	India	Mumbai Systems Private Limited	306, Laxmi Plaza Laxmi Industrial Estate, New Link Road, A, Ndheri (W), Mumbai, Mumbai City, Maharashtra	Mumbai Private Limited Center	MH, 306, Bhiwandi	0
1	S1-247250160	S3-258061627	blocking_miss	India	Real Consultants Private Limited	61/B/16, Devgiri Nagri Nivara Chs Ltd, Off A V Vaidya Marg, Nr Raheja Chawk, Dindoshi, Malad East Ne, Goregaon East, Goregaon East, Mumbai, Maharashtra	realconsultants.com	6-1/B/16, Goregaon East, महाराष्ट्र	0
1	S1-214902847	S3-466394013	false_negative	US	Aurelle Chain	16 Butler Street, Clarkstown, NY	Veoonyx	New York, ##16 Butler St, Clarkstown	1
1	S1-311989877	S3-750236669	false_negative	US	Greene, Marshall and Marshall L.L.C.	35 Robbins Avenue, Unit 75, Dracut, MA	Greene, Marshall and		1
1	S1-74623242	S3-438225111	false_negative	US	Western Modern Excavation LLC	1340 Brenda Road, Fl 0, Severn, MD	Brixgild	Maryland, Severn CDP, Fl 0, 1340 Brenda Rd	1
1	S1-571059867	S2-713906511	blocking_miss	India	Hitech Trading Private Limited	1901, Wing C, Fantacy Land, Cts No.1, J.V. Link Road, Opp. Majas Depot., Joges, Hwari (E), Mumbai, Mumbai City, Maharashtra	हाईटेक ट्रेडिंग प्राइवेट लिमिटेड	19-01, MUMBAI, MUMBAI CITY, Maharashtra	0
1	S1-571059867	S2-93032563	blocking_miss	India	Hitech Trading Private Limited	1901, Wing C, Fantacy Land, Cts No.1, J.V. Link Road, Opp. Majas Depot., Joges, Hwari (E), Mumbai, Mumbai City, Maharashtra	हाईटेक ट्रेडिंग प्राइवेट लिमिटेड	19-01, MUMBAI, MUMBAI CITY, Maharashtra	0
1	S1-555690266	S2-133228322	false_negative	US	Witt Services LLC	9551 Dominion Wood Lane, Elk Grove, CA	Witt Sertvcsiges LLC		1
1	S1-797229189	S2-173078506	false_negative	India	Eureka Biotech (India) Private Limited	Karnataka, Bangalore North, Katmanalur Gate, Unit N0-B-812. Brigade Signature Towers, Bangalore	Mr Eureka (India) Biotech Private Limited Limited		1
1	S1-532149613	S2-880199081	blocking_miss	India	Sree Traders Private Limited	402, Shyamdeep Residency, Sattar Taluka Soc., P.O. Navjivan, Ahmedabad, Gujarat	Mr Sree Private Limited Center		0
1	S1-136419437	S3-255666662	false_negative	US	Nguyen Karbon LLC	1999 Odessa Way, Sahuarita, AZ	Nguyen-Karb0n LLC	Odessa Way, Green Valley, Arizona	1
1	S1-651370926	S3-388539263	false_negative	US	Physical Therapy Superior Center	4065 Harbor View Drive, TN, Morristown	Physical Therapy Superior Center Ltd		1
1	S1-651370926	S3-601327521	blocking_miss	US	Physical Therapy Superior Center	4065 Harbor View Drive, TN, Morristown	Physical Therapy	Harbor View Dr, Morristwon, Tennessee	0
1	S1-944665153	S3-243216203	blocking_miss	India	Aditam Enterprises Private Limited	Level 18, Unit No. 1801, One Bkc Centre, Wing C, Plot No. C 66, G Block, Bandra Kurla Complex, Bandra East, Mumbai, Maharashtra	Aditam Enterprises Private	Plot 221 Level 18, Mumbai, MH	0
1	S1-944665153	S3-812299557	blocking_miss	India	Aditam Enterprises Private Limited	Level 18, Unit No. 1801, One Bkc Centre, Wing C, Plot No. C 66, G Block, Bandra Kurla Complex, Bandra East, Mumbai, Maharashtra	Aditam Enterprises Private Limited	Plot 221 Level 18, MH, Mumbai	0
1	S1-452592513	S2-170194912	false_negative	US	Global Enterprises Inc	342 Leighton's Lane, Harwich, MA	DREXDREX	342 Leighton's Ln, HARWCH TOWNSHIP, MA	1
1	S1-742482258	S3-778184438	false_positive	India	Consultancy Terra Consultants Private Limited	House No, 185 Durga Marg, Vidisha, Madhya Pradesh	C0nsultancy Terra Consultants Industries Private Limited	No 90- House No, 185 Durga Marg, Vidisha, MP	1
1	S1-742482258	S2-251344621	false_negative	India	Consultancy Terra Consultants Private Limited	House No, 185 Durga Marg, Vidisha, Madhya Pradesh	CONSULTANCY TERRA CONSULTANTS PRIVATE	HOUSE NO, 184 DURGA MARG, Madhya Pradesh	1
1	S1-742482258	S2-731256003	false_negative	India	Consultancy Terra Consultants Private Limited	House No, 185 Durga Marg, Vidisha, Madhya Pradesh	CONSULTANCY TERRA PRIVATE LIMITED CENTER	HOUSE NO, 184 DURGA MARG, Madhya Pradesh	1
1	S1-742482258	S3-820416168	false_negative	India	Consultancy Terra Consultants Private Limited	House No, 185 Durga Marg, Vidisha, Madhya Pradesh	Umbrabelozetax	House No, 185 Durga Marg, Vidisha, Madhya Pradesh	1
1	S1-28268021	S3-287478302	false_negative	US	Advanced Optics, LLC	KY, Unit 211, 2139 Lexington Rd, Louisville	Advanced LLC Optics,		1
1	S1-182537502	S2-808112280	singleton_false_merge	India	Yash Seva Samiti	2B, Plot 18/20 Rebeiro, Building Dhobitalao, Mumbai, Maharashtra	Yash Seva Samiti Limited	3B, PLOT 18/20 REBEIRO, BUILDING DHOBITALAO, MUMBAI, Maharashtra	1
1	S1-745333488	S2-71375584	blocking_miss	India	Perfect Estate LLP	Shed No.73/22, Old 24Th Cross, New 21St Cross, Hegganahalli Main Road, Doddanna Industrial Estate, Near Peenya Ii Stage, Bangalore North, Bangalore, Karnataka	Viosyn	SHED NO.3/22, BANGALORE NORTH, BANGALORE, ಕರ್ನಾಟಕ	0
1	S1-902889882	S2-863551463	blocking_miss	India	Seven Healthcare	215, I Floor Ramkutivarbuilding I Stage Indiranagar Bangalore 38, Bangalore, Karnataka	ಸೆವೆನ್ ಹೆಲ್ತ್‌ಕೇರ್	HN 35 215, BENGALURU HQ REGION, BANGALORE, Karnataka	0
1	S1-902889882	S3-398251307	blocking_miss	India	Seven Healthcare	215, I Floor Ramkutivarbuilding I Stage Indiranagar Bangalore 38, Bangalore, Karnataka	Sevenhealthcare.Com	215., Bangalore Urban, I Floor Ramkutivarbuilding I Stage Indiranagar Bangalore 38, KA	0
1	S1-902889882	S3-933173184	blocking_miss	India	Seven Healthcare	215, I Floor Ramkutivarbuilding I Stage Indiranagar Bangalore 38, Bangalore, Karnataka	Seven ಹೆಲ್ತ್‌ಕೇರ್		0
1	S1-611381599	S2-481078547	false_negative	US	Bay Israel	4413 Orlan Lane, Bowie, MD	Bay-Israel		1
1	S1-611381599	S3-232855963	blocking_miss	US	Bay Israel	4413 Orlan Lane, Bowie, MD	Bay Isrcnatl		0
1	S1-414894227	S2-621805138	false_negative	India	Morpheus (India) Fibre Private Limited	4Th Floor, Plot No.7/1, Survey No.64, Hitech City, Madhapur, Hyderabad, Telangana	MORPHEUS (INDIA) FIBRE PRIVATE LTD		1
1	S1-73572808	S3-672701489	false_negative	India	Shiva Developers Private Limited	Building No 70/1586, 1St Floor Chammany Tower, Ernakulam, Kerala	Shri Shiva Developers Private	Keralam, 1St Floor Chammany Tower, Building No 70/158, Ernakulam	1
1	S1-975668335	S3-38562869	false_negative	India	Manhattan Trust	40, Vinobha Nagar, Malviya Nagar, Jaipur, Rajasthan	Sri Manhattan-Trust LLP	42, Vinobha Nagar, Malviya Nagar, Jaipur, राजस्थान	1
1	S1-314494070	S3-714075481	blocking_miss	India	AP Technology LLP	Flat No.Sf4, Raksha Clusters Apartments, 4A Main, Kalyannagar, Nagarbhavi Main Road, Bangalore, Karnataka	AP-Technoogy LLP	Flat No.s4, Bangalore, ಕರ್ನಾಟಕ	0
1	S1-976182132	S3-484452624	blocking_miss	India	Pune City Services Private Limited	Unit 1216, Gera'S Imperium Rise Wipro Circle, Hinjewadi Phase Ii, Pune City, Pune, Maharashtra	Pune City Private Limited Service	Unit D/1216, Pune City, Pune, MH	0
1	S1-411469340	S2-240816607	false_negative	India	Whitestone Farmers Private Limited	C/O Dinesh Chandra Mishra, Sampurma Nagar Lagdahan, Palia, Kheri, Uttar Pradesh	KELOCALOSYN	C/O DINGSH CHANDRA MISHRA, PALIA, KHERI, उत्तर प्रदेश	1
1	S1-411469340	S2-792071112	false_negative	India	Whitestone Farmers Private Limited	C/O Dinesh Chandra Mishra, Sampurma Nagar Lagdahan, Palia, Kheri, Uttar Pradesh	Smt Whitestone Farbmrs Private Limited		0
1	S1-157656488	S3-554589323	false_negative	US	Smart Telecom Advisors	719 Vista Drive, South Ogden, UT	Smart Telecom		0
1	S1-525006433	S2-29229019	blocking_miss	India	Sun Foods Private Limited	Office No-606, 6Th Floor Laxmi Deep Building, District Centre, Laxmi Nagar, East Delhi, Delhi	Sun Private Limited Service		0
1	S1-525006433	S2-573360151	blocking_miss	India	Sun Foods Private Limited	Office No-606, 6Th Floor Laxmi Deep Building, District Centre, Laxmi Nagar, East Delhi, Delhi	सन फूड्स प्राइवेट लिमिटेड	Delhi, LAXMI NAGAR, EAST DELHI, DOOR NO 310 OFFICE NO-606, <NULL>	0
1	S1-487078394	S2-280680464	false_negative	India	Dee Charitable Trust Care	H. No. 428, Harmilap Nagar, Phase 1, Zirakpur, Baltana, Sas Nagar, Punjab, Mohali	Dee Cnstniaole Trust Care	H. NO. 429 , HARMILAP NAGAR, PHASE 1, ZIRAKPUR, BALTANA, SAS NAGAR, MOHALI, Punjab	1
1	S1-487078394	S2-764369573	false_negative	India	Dee Charitable Trust Care	H. No. 428, Harmilap Nagar, Phase 1, Zirakpur, Baltana, Sas Nagar, Punjab, Mohali	Dee Charitable Trust Care Care	H. NO. 429 , HARMILAP NAGAR, PHASE 1, ZIRAKPUR, BALTAN,A SAS NAGAR, MOHALI, ਪੰਜਾਬ	1
1	S1-487078394	S2-847065898	false_negative	India	Dee Charitable Trust Care	H. No. 428, Harmilap Nagar, Phase 1, Zirakpur, Baltana, Sas Nagar, Punjab, Mohali	Shri Dee Charitable Trust Care Co	H. NO. 429 , HARMILAP NAGAR, PHASE 1, ZIRAKPUR, BALTANA, SAS NAGAR, MOHALI, Punjab	1
1	S1-66421912	S2-786372465	false_negative	US	Pacific Council VI P.C.	5938 Hilltop Avenue, Gwynn Oak, MD	Pacific Council	PMB 8576, MD, 593 HILLTOP AVE, GWYNN OAK	1
1	S1-66421912	S2-992658681	false_negative	US	Pacific Council VI P.C.	5938 Hilltop Avenue, Gwynn Oak, MD	Ariahalo	593 HILLTOP AVE, GWYNN OAK, MD	1
1	S1-36792800	S2-466997320	blocking_miss	US	E 2 L Dollar, Inc	29761 128th Avenue, Vashon, WA	E 2 L	9761 128TH AVENUE, PO BOX 4433, VASON, WA	0
1	S1-413174276	S3-618632407	blocking_miss	India	Future Management Private Limited	Plot No. 397 And 405, Office No. 406, Nrk Bizpark, Pu-4, Indore, Madhya Pradesh	फ्यूचर मैनेजमेंट प्राइवेट लिमिटेड	H.no 397 And 405, Indore, Burhanpur, MP	0
1	S1-625193729	S2-536277742	false_negative	US	Green Marketing Products Inc	1300 Olive Street, North Little Rock, AR	Green Marketing Inc Center		1
1	S1-415911892	S2-807008155	false_negative	India	Sss Solutions Co	B-986, 1St Floor, Block- B, Palam Vihar, Gurgaon, Haryana	Shri SSS SOLUTIONS	B-98, 1ST FLOOR, BLOCK- B, PALAM VIHAR, <NULL>, Haryana	1
1	S1-977173413	S3-367167959	blocking_miss	India	Green Marketing Private Limited	A-41 M.I.D.C. Sinnar - Malegaon Industrial Estate Tal-Sinnar, Nashik, Maharashtra	Green Marketing Private Enterprises		0
1	S1-751053189	S3-777711576	false_negative	India	Parul Agro Pvt. Ltd.	Flat A 501, Aagam Wild Flower Vip Road, Vesu, Gujarat, Surat	Parul Pvt. Ltd. (Service)	Flat A 00501, Dahod, Surat, GJ	1
1	S1-173650673	S2-285140057	false_negative	India	Blue Farmer Private Limited	Pt No. 1, 21 & 22, Om Ganapathi Nagar North Ragnathapuram, Mangadu, Chennai, Kancheepuram, Tamil Nadu	BLUE FARMER PRIVATE LIMITED		1
1	S1-709909336	S3-682845599	false_positive	India	Thane Associates Private Limited	Jagdish Industrial Estateunit No 10 1St Flr Vartak Nagar 1St Pokharan Road, Thane, Maharashtra	Industries Thane Associates Private Limited	No. 929 Jagdish Industrial Estateunit No 10 1St Flr Vartak Nagar 22St Pokharan Road, Thane, MH	1
1	S1-992945206	S2-361964646	false_negative	India	Life Investment Private Limited	203, Orchid S-3 B Wing Film City Road Goregaon East Cts No 827, Mumbai, Mumbai City, Maharashtra	लाइफ इन्वेस्टमेंट प्राइवेट लिमिटेड	203, MUMBAI, महाराष्ट्र	1
1	S1-24112999	S2-457732278	false_negative	India	Nagin Movers Limited	117, Rehab Building No 4, Road No 7, Marol Midc, Mumbai, Maharashtra	Nagin-M0vers	HN ##175 117, REHAB BUILDING NO 4, ROAD NO 7, MAROL MIDC, MUMBAI, Maharashtra	1
1	S1-878774034	S2-463560409	false_negative	India	New Delhi Services Private Limited	Lgf, 321, New Delhi, South Delhi, Delhi	newdelhiservices.com	LGF, B3/321, NEW DELHI, Delhi	0
1	S1-878774034	S3-854475298	false_negative	India	New Delhi Services Private Limited	Lgf, 321, New Delhi, South Delhi, Delhi	New Di Services Private Limited	Lgf, New Delhi, South Delhi, दिल्ली	1
1	S1-761705823	S3-656186015	false_negative	India	GV Travel Pvt Ltd	A-19, Ground Floor, Gagan Vihar Extn., New Delhi, Delhi	GV Pvt Ltd Center		0
1	S1-450890324	S3-83803951	false_negative	India	Vision Energy	C/O Nitin Kumar, Vill Rampura Bulandshahar, Bulandshahr, Uttar Pradesh	विजन एनर्जी	No. 521 C/o Nitin Kumar, Vill Rampura Bulandshahar, Bulandshahr, UP	0
1	S1-377268424	S3-104488269	false_negative	US	Boye Healthcare, L.L.C.	105 Cedar Street, Mechanicsville, IA	L.L.C. 8oye Healthcare,	Cedar Street, Pioneer Township, Iowa	0
1	S1-987231693	S2-139746723	blocking_miss	US	Lilly Smith Flagstar	Town Of Green Lake, W1458 Miller Road, WI	Li1ly-Smith Flagstar	W1458D MILLER RD, MARKESAN, WI	0
1	S1-543039388	S2-9155626	false_negative	US	Brito Centurion PLLC	1357 Don Diego Road, NM, Rio Communities	BCENTURION.COM	1349 DON DIEGO ROAD, RIO COMMUNITIES, NM	0
1	S1-866233351	S3-443285730	false_negative	India	Ahmedabad Polymers Private Limited	Tulsi Estate Shed No 187 To 190, Canal Road, Bagodara Highway, Changodar, Ahmedabad, Gujarat	Ahmedabad Polymers		0
1	S1-78659251	S3-352043440	false_negative	US	Luff Nmp	405 Oak Knoll Lane, Chesapeake City, VA	Luff Center		1
1	S1-644146962	S3-379479378	false_negative	India	Archana (India) Tele LLP	Shop No. 10, Amritpuram, Greater Noida, Gbn, Noida, Gautam Buddha Nagar, Uttar Pradesh	Archana (India) Tele		1
1	S1-536914889	S2-712800144	singleton_false_merge	US	Carter Secure Spa LLC	746 Belmont Street, Ontario, CA	A CURE 6 ALL	ONTARIO, 746 BELMONT ST, CA	1
1	S1-438654696	S2-235786741	blocking_miss	India	New Delhi Solutions Private Limited	Flat No-43 Katwaria Sarai, New Delhi, South Delhi, Delhi	newdelhisolutions.com	NO 00844 FLAT NO-43 KATWARIA SARAI, NEW DELHI, दिल्ली	0
1	S1-329491660	S2-264323723	false_negative	India	Great International	15, Darshan Vila Society, Nr. Samarpan Flats, Gopal Chok, Panchvati Society Road, Nava, Naroda, Ahmedabad, Gujarat	Great International		1
1	S1-329491660	S3-495107135	false_negative	India	Great International	15, Darshan Vila Society, Nr. Samarpan Flats, Gopal Chok, Panchvati Society Road, Nava, Naroda, Ahmedabad, Gujarat	Great Ínternational Corporation	15/4, Ahmedabad, N/A, GJ	1
1	S1-329491660	S3-504929587	blocking_miss	India	Great International	15, Darshan Vila Society, Nr. Samarpan Flats, Gopal Chok, Panchvati Society Road, Nava, Naroda, Ahmedabad, Gujarat	ગ્રેટ ઇન્ટરનેશનલ	15/4, Ahmedabad, N/A, GJ	0
1	S1-234957853	S3-78809356	false_negative	India	Winstar (India) It Private Limited	8, Corporation Complex, Trichy Road, Ramanathapuram, Coimbatore-45, Coimbatore, Tamil Nadu	Winstar (India) It	H.no ##384 8, Coimbatore, TN	1
1	S1-687860003	S3-781587286	blocking_miss	US	B 3 Clear Produce LLC	3 Howell Place, Brookhaven, NY	B 3 Clear	3-C Howell Pl, Centerm Oriches, New York	0
1	S1-578362006	S2-504117498	blocking_miss	India	Pune Star Private Limited	Flat No 7 Saraswati Apartment S No 1170/9/Mp 1, Shivajinagar, Pune, Maharashtra	Pune Private Limited Center & Co		0
1	S1-234224994	S3-688034484	false_negative	US	Uptown Ice Cream	192 William Eden Road, Westmoreland, TN	Uptown Ice (Cream)		1
1	S1-656548686	S3-630257935	blocking_miss	US	Cardiology Physicians of Walpole	MA, 31 Woodruff Road, Walpole	Cardiology Physicians Of [Partners]		0
1	S1-60133950	S3-2528062	false_negative	India	Varsha Industries Private Limited	A/14/04 Chinab Apartment, Jaipur, Rajasthan	Nexdrex	A/14/04 Chinab Apartment, Jaipur, Rajasthan	1
1	S1-91916564	S3-203475107	false_negative	US	Cozy Pilates Partners	252 Main Street, Unit Apartment A, Wellsburg, NY	Cozy Partners Pilates		1
1	S1-91916564	S3-376797474	blocking_miss	US	Cozy Pilates Partners	252 Main Street, Unit Apartment A, Wellsburg, NY	cozypilatespartners.com	New York, Unit Apartment A, Wellsburg, 252 Main St	0
1	S1-91916564	S3-585473302	blocking_miss	US	Cozy Pilates Partners	252 Main Street, Unit Apartment A, Wellsburg, NY	cozypilatespartners.com	Main Street, # Apartment A, Wellsburg, New York	0
1	S1-929537539	S2-22057302	false_negative	US	XBQ Electric LLC	6071 Anvil Lane, Hanover County, VA	XBQ Eetieric LLC LLC		1
1	S1-263869290	S3-963919070	blocking_miss	India	Vr Enterprises Company	5Th Floor, G V K One Mall 6-3-251/1, 6-3-251/5-7, Road No.1, Banja, Rahills, Hyderabad, Telangana	Vr Enterprises	TG, Hyderabad, 005Th Folor, Banjara Hills	0
1	S1-321902893	S3-560012239	blocking_miss	India	Trio Infratech (India) Private Limited	Flat No Fl 101A Wing, Radha Complex Navghar Phatak Road, Near Vimal Dairy, Thane, Maharashtra	trioinfratechindia.com	Hn 652- Flat No Fl 101A Wnig, Thane, MH	0
1	S1-405175569	S2-129043983	blocking_miss	US	Najera Space	4410 D, Austin, TX	najeraspace.com	441 D, TX, AUSTIN	0
1	S1-45126215	S3-518825300	false_negative	India	Lotus & Sons Co	F-20, Gali No.10 Laxmi Nagar, Delhi, East Delhi, Delhi	Shri Lotus Sons Co Services	F-1-20, <NULL>, Delhi, East Delhi, DL	1
1	S1-45126215	S3-641660780	false_negative	India	Lotus & Sons Co	F-20, Gali No.10 Laxmi Nagar, Delhi, East Delhi, Delhi	Mr Lotus + Sons Co.	F-1-20, <NULL>, East Delhi, Delhi, DL	1
1	S1-718680597	S2-584289100	false_negative	India	Lotus Constructions Private Limited	101, Pranavam Heights, Praneeth Colony, Ramachandrapuram, Medak, Telangana	లోటస్ కన్‌స్ట్రక్షన్స్ Private Limited	#2-94 101, PRANAVAM HEIGHTS, PRANEETH COLONY, HYDERABAD CITY REGION, MEDAK, Andhra Pradesh	1
1	S1-718680597	S2-649910846	blocking_miss	India	Lotus Constructions Private Limited	101, Pranavam Heights, Praneeth Colony, Ramachandrapuram, Medak, Telangana	లోటస్ కన్‌స్ట్రక్షన్స్ ప్రైవేట్ లిమిటెడ్	2-94 101, HYDERABAD CITY REGION, MEDAK, Andhra Pradesh	0
1	S1-718680597	S2-653000132	blocking_miss	India	Lotus Constructions Private Limited	101, Pranavam Heights, Praneeth Colony, Ramachandrapuram, Medak, Telangana	లోటస్ కన్‌స్ట్రక్షన్స్ ప్రైవేట్ లిమిటెడ్	HYDERABAD CITY REGION, #2-94 101, MEDAK, Andhra Pradesh	0
1	S1-943132327	S3-374710107	false_negative	US	W 5 Precision Jewelers L.L.C.	971 Queen Court, Salem, OR	W Precision Jewelers L.L.C. Partners		1
1	S1-541121435	S3-229189158	false_negative	India	Uttar Pradesh Machine Care	Sadani Buildingmadar Gate Agra Road Aligarh, Uttar Pradesh, Aligarh, Uttar Pradesh	UTTAR PRADESH MACHINE CARE		1
1	S1-679382019	S2-370058898	false_negative	US	Summit LLC	514 Mcevoy Street, Unit Unit 2, City Of Mauston, WI	Irigild	MCEVOY ST, MAUSTON, WI	1
1	S1-938981168	S2-296341076	false_positive	US	Lague, Huckabee and Jimenez P.C.	Arlington, WA, 27802 139th Avenue	Lague, Huckabee and Jimenez		1
1	S1-728178274	S2-84711568	false_negative	India	Karnal (india) Private Limited	Sco 150, First Floor Sector-7, Main Market, Karnal, Haryana	KARNAL (INDIA) LIMITED SERVICES	SCO 149, FIRST FLOOR SECTOR-7, MAIN MARKET, KARNAL, Haryana	1
1	S1-987359460	S2-465676479	false_negative	US	Desert Eqv Associates	Hesperia, 17310 Sycamore Street, CA	DESERT EQV ASSOCIATES INC		1
1	S1-886917653	S3-651602043	blocking_miss	US	South Pediatrics Center	32 Perkins Street, Salem, MA	South Pédiabtraics-Center		0
1	S1-513774323	S2-956216364	false_negative	India	Muskan Clubs Pvt Ltd	No. 8/4-1, First Floor, Kallahalli Shivan Chetty Garden, Bangalore, Karnataka	Muskan Pvt Ltd 5ervices	NO B3/8/4-1 , FIRST FLOOR, KALLAHALLI SHIVAN CHETTY GARDEN, BANGALORE, Karnataka	1
1	S1-851993862	S3-540179981	blocking_miss	US	Smart Horizon Intelligent L.L.C.	52 30th Street, Des Moines, IA	Smart Horizon Indelgilent L.L.C.	52 30rd Street, PMB 2569, DES Moiens, Iowa	0
1	S1-851993862	S3-953124201	blocking_miss	US	Smart Horizon Intelligent L.L.C.	52 30th Street, Des Moines, IA	Smart H0rizon Intelligent L.L.C.		0
1	S1-493798680	S3-721207235	false_negative	India	Khargone Solutions Private Limited	Ward No 4 Kasrawad Road, Gram Bedia, Khargone, West Nimar, Madhya Pradesh	Khargone Sólutions Private		1
1	S1-289874254	S3-130119629	false_negative	US	Pacific Medical Enterprises Peoria	9255 Bent Tree Drive, Peoria, AZ	Pmenterprises.C0m	9255 Bent Tree Drive, Peoria, Arizona	1
1	S1-61182962	S2-606807794	false_negative	US	Drayon Saul LLC	12588 Springfalls Court, Pioneer Village, KY	Drayon Satul LLC - 4843484239	SPRINGFALLS CT, PIONEER VILLAGE, KY	1
1	S1-100086549	S2-761407193	false_negative	US	Rogers's Spa	5752 Sagamore Road, Hope Mills, NC	Rogers's Spa Corp		1
1	S1-991150369	S2-662226375	false_negative	India	Global Systems Pvt Ltd	Flat No.-304, Hasan Enclave, Samanpura Near-Belal Masjid, Raja Bazar, Patna, Bihar	ग्लोबल सिस्टम्स प्रा. लि.	FLAT NO.-04, HASAN ENCLAVE, SAMANPURA NEAR-BELAL MASJID, RAJA BAZAR, PATNA, Bihar	1
1	S1-991150369	S3-790448203	blocking_miss	India	Global Systems Pvt Ltd	Flat No.-304, Hasan Enclave, Samanpura Near-Belal Masjid, Raja Bazar, Patna, Bihar	ग्लोबल सिस्टम्स प्रा. लि.	Flat No.-304, Patna, BR	0
1	S1-533348294	S3-200071365	false_positive	India	) Infrastructure Private Limited	A - 404, Uma Smruti Chs Jai Hind Colony, Gg Road, Dombivli (West, ), Mumbai, Maharashtra	Baba Infrastructure Private Ltd	404, Mumbai, Mumbai City, MH	1
1	S1-533348294	S3-307169017	false_negative	India	) Infrastructure Private Limited	A - 404, Uma Smruti Chs Jai Hind Colony, Gg Road, Dombivli (West, ), Mumbai, Maharashtra	) Private Limited Services	A - 40, Uma Smruti Chs Jai Hind Colony, Gg Road, Dombivli (West, ), Mumbai, MH	1
1	S1-188491611	S3-699509873	false_positive	India	Born Industries Pvt Ltd	Shop No. 17, Market Yard, Krishna Orchid Colony, Mathura, Uttar Pradesh	Overseas	Shop No. 17, Market Yard, Krishna Orchid Colony, Mathura, Uttar Pradesh	1
1	S1-261971846	S2-17917885	false_negative	India	Sapiens Finance (India) Pvt Ltd	2/63Rd Floor West Patel Nagar, New Delhi, Central Delhi, Delhi	financesapiensindiacom	##92 FLOOR WEST PATEL NAGAR, NEW DELHI, CENTRAL DELHI, Delhi	0
1	S1-261971846	S2-389549617	blocking_miss	India	Sapiens Finance (India) Pvt Ltd	2/63Rd Floor West Patel Nagar, New Delhi, Central Delhi, Delhi	Sapien Finance (India) Pvt Ltd	H.NO 222 FLOOR WEST PATEL NAGAR, NEW DELHI, दिल्ली	0
1	S1-44043321	S2-128989280	false_negative	US	Northern Aspac LLC	Salina, NY, 219 Norwood Avenue	Northern Aspac		1
1	S1-572818704	S2-723502737	blocking_miss	India	Royal Estate Private Limited	A-203 Okhla Industrial Area, Phase-I, New Delhi, Delhi	Shri #royalestate	A-B3/203 OKHLA INDUSTRIAL AREA, PHASE-I, NEW DELHI, Delhi	0
1	S1-775644373	S2-586803770	false_negative	India	Seven Shiv Hospitality	2Ndfloor, Krishna Building S.P. Verma Road, Patna, Bihar	सेवन शिव हॉस्पिटैलिटी	02NDFLOOR, PATNA, SAMASTIPUR, Bihar	0
1	S1-484771276	S3-271575464	false_positive	India	Precision Group	Kh.No-366/1, Nijampur Malhaur, Lucknow, Uttar Pradesh	Precision Group LLP	Kh.no-c-366/12, Nijampur Malhaur, Lucknow, UP	1
1	S1-312703989	S2-276477759	blocking_miss	India	Sree Construction Private Limited	Nihalpur, Madhya Pradesh, Sanjay Gandhi-Nagar, Mundi, Indore	श्री कंस्ट्रक्शन प्राइवेट लिमिटेड	SANJAY GANDHI-NAGAR, NEW PALASIA, Madhya Pradesh	0
1	S1-440139616	S2-334430168	blocking_miss	US	Red Bakery!	7729 Kari Lane, Daphne, AL	Red Bkre!		0
1	S1-254407772	S2-589572983	false_positive	US	Mava Trust	7705 Chief Spotte Drive, Mckinney, TX	Loutitia Crespo Midstream LLC	MCKINNEY, 7705 CHIEF SPOTTE DR, TX	1
1	S1-459395981	S3-198393944	blocking_miss	India	Kh Technologies Private Limited	Savsar Plot 4, Nr. Krishna Travels, Village Morbi, Taluka Morbi, Dist. Morbi, Morbi, Rajkot, Gujarat	Shri Kh Technologies Private	Savsar Plot 4, Rajkot, GJ	0
1	S1-660713677	S3-556772113	blocking_miss	US	A Cure 9 You Co	3225 Lightville Road, KS, Salina	A Cure 9 Y0u Co		0
1	S1-957276731	S3-752018306	false_negative	US	Abraham Classic Eqv LLC	Florence, 371 One Horse Creek Road, MT	Synbelo	371 One Horse Creek Rd, Florence, Montana	1
1	S1-213335749	S2-696715042	false_negative	US	Valley Innovative Tpg LLC	IN, 3234 Arrowhead Drive, Crawfordsville	Valley Innovative Tpg		1
1	S1-952406585	S2-784417582	false_negative	US	Sirius	109 Lakemont Court, Martinsville City, VA	Sirius lnc	LAKEMONT CT, PO BOX 1476, MARTINSVILLE CITY, VA	1
1	S1-40709005	S2-870928773	false_negative	US	Twisted Pilates LLC	5505 Mildenhall Way, Louisville, KY	Ciralum	5505 MILDENHALL WAY, LOUISVILLE, KY	1
1	S1-40709005	S3-219578468	false_negative	US	Twisted Pilates LLC	5505 Mildenhall Way, Louisville, KY	Twisted Twisted Piates LLC	Mildenhall Way, Kentucky, Louisville	1
1	S1-670393054	S3-346798371	blocking_miss	India	Life Investments Private Limited	4-A, Mumbai, Floor 3, Plot 167, Ready Money Terrace Dr. Annie Besant Road, Worli Naka, Worli, Maharashtra, Mumbai City	लाइफ इन्वेस्टमेंट्स प्राइवेट लिमिटेड	Mumbai City, MH, Mumbai, 4-A	0
1	S1-670393054	S3-932092278	blocking_miss	India	Life Investments Private Limited	4-A, Mumbai, Floor 3, Plot 167, Ready Money Terrace Dr. Annie Besant Road, Worli Naka, Worli, Maharashtra, Mumbai City	लाइफ इन्वेस्टमेंट्स प्राइवेट लिमिटेड	4-A, Mumbai, Mumbai City, MH	0
1	S1-529391098	S2-627686388	blocking_miss	US	Corner Bakery	4418 Bay Shore Court, Sandusky, OH	cornerbakery.com	MARGARETTA TWP, OH, 4418 BAY SHORE COURT	0
1	S1-529391098	S3-152054491	blocking_miss	US	Corner Bakery	4418 Bay Shore Court, Sandusky, OH	cornerbakery.com	4418 Bay Srore Ct, Margaretta Twp, Ohio	0
1	S1-966546301	S2-840193469	false_negative	US	Kowalski & Kingsbury, Inc	Almont, ND, 5577 46th Avenue	KOWALSKI + KINGSBURY,		1
1	S1-580016774	S2-866538619	false_negative	US	Redwood Strategies	892 Hathaway Road, Unit 2, New Bedford, MA	Redwood Service	693 HATHAWAY ROAD, NEW BEDFORD, MA	1
1	S1-908202124	S2-88730852	blocking_miss	India	Life Partnership Private Limited	No 120-125 Lalit Mahal Naveen Park Kusugal Road, Hubli, Dharwad, Dharwar, Karnataka	Life Pardtnehp Private Limited		0
1	S1-856567208	S3-634631143	false_negative	India	Apv Tech Private Limited	Kakkanad, No. 6/858-M, 2Nd Floor, Suite No.189 Valamkottil Towers, Judgemukku, Ernakulam, Kerala	Mr Apv Tech Tech Private	No. 5-6/858-M, Kakkanad, Ernakulam, KL	1
1	S1-483167625	S2-828526829	blocking_miss	India	My Engineering LLP	Gali No.- 1, Dharam Colony, Palam Vihar Extension Kartarpuri, Daulatpur, Nasirabad- 63, Gurgaon, Haryana	M/s #myengineering	H.NO 752 GALI NO.- 1, GURGAON, Haryana	0
1	S1-704030515	S3-520615658	false_negative	India	Marketing Yashodhara Capital Private Limited	H No.-16 Sundar Nagar, Rania, Kanpur Nagar, Uttar Pradesh	Marketing Yasmholdsra Capital Private Limited Limited		1
1	S1-395762710	S2-293568045	blocking_miss	India	Creative Impex Private Limited	Mathuradas Mill Compound Tulsi Pipe Road, Lower Parel, Maharashtra, Mumbai City, Mumbai, 30 Ideal Indl Estate	क्रिएटिव इम्पेक्स प्राइवेट लिमिटेड	D/30 IDEAL IBDL ESTATE, MUMBAI, MUMBAI CITY, Maharashtra	0
1	S1-414144590	S3-647286817	false_negative	India	Ananta Software Private Limited	Maharashtra, 6A, Mumbai City, Mumbai, Floor-3Rd, Plot-324/330, 2, Sakina Manzil Raja Rammohan Roy Marg, Charni Road, Gir, Gaon	Sri Ananta Software Private	MH, Mumbai City, 6A, Mumbai	1
1	S1-660964105	S2-295609132	blocking_miss	India	Surya Advisors Private Limited	Kp 10/385 Jlra 2, Chithira, Joseph Lane, Kachani, Thiruvananthapuram, Thiruvananthapuram, Trivandrum, Kerala	Surya Advisors Private Limited		0
1	S1-118095048	S3-820432947	blocking_miss	India	BTL Insulation Private Limited	Maharashtra, Mumbai, Gr Floor, Bharat Nagar Sra Chs, Senapati Bapat Marg, Lower Parel, Mumbai, 7	btlinsulationprivate.com	07, Mumbai, महाराष्ट्र	0
1	S1-368916013	S2-246302528	false_negative	US	Ainsley Mccoy Better Vance LLC	143 Indian Oaks Drive, Corbin, KY	Ainsley-Mccoy Vance LLC Services		1
1	S1-712964118	S2-845819468	blocking_miss	US	Chiropractic Group	108 Green Street, Chicago, IL	CHlROPRACTIC GROUP PARTNERS	GREEN SAINT, CHICAGO, IL	0
1	S1-296290411	S3-152332918	false_negative	US	Houston Ear Nose & Throat All Health	7318 Sandswept Lane, Houston, TX	HOUSTON EAR NOSE & THROAT ALL HEALTH		1
1	S1-277598860	S2-51528293	false_negative	India	Indore Securityservices Private Limited	60, Bada Sarafa, Shop No 1, Indore, Madhya Pradesh	Indore Securityservices Piotne Limited		1
1	S1-277598860	S3-138684753	false_negative	India	Indore Securityservices Private Limited	60, Bada Sarafa, Shop No 1, Indore, Madhya Pradesh	Indore Securityservices Private Ltd		1
1	S1-314971552	S3-483959884	false_negative	US	Cardiology Center	304 1st Avenue, City And Borough Of Wrangell, AK	Nylagild	304 1st Avenue, City And Borough Of Wrangell, Alaska	1
1	S1-35984577	S2-728489850	false_negative	US	Lyra LLC	14801 Bocalusa Avenue, El Paso County, TX	LYRA.COM	74801 BOCALUSA AVENUE, EL PAOS, TX	1
1	S1-404039844	S2-536066109	blocking_miss	India	Smart Power Private Limited	D-14, Delhi, Street No. 1, Laxmi Nagar, East Delhi	स्मार्ट पावर प्राइवेट लिमिटेड	D-14, EAST DELHI, Delhi, ATDLHI	0
1	S1-404039844	S3-789088909	blocking_miss	India	Smart Power Private Limited	D-14, Delhi, Street No. 1, Laxmi Nagar, East Delhi	स्मार्ट पावर प्राइवेट लिमिटेड	D-14, East Delhi, DL	0
1	S1-404039844	S3-91224128	blocking_miss	India	Smart Power Private Limited	D-14, Delhi, Street No. 1, Laxmi Nagar, East Delhi	स्मार्ट पावर प्राइवेट लिमिटेड	D-14, New Delhi, Delhi, दिल्ली	0
1	S1-470761369	S2-809988436	false_negative	India	Rajpura Security Care	Soho-16 7F, Hermitage Plaza Dhakoli, Rajpura, Mohali, Punjab	Korriza	RAJPURA, Punjab, SOHO-0016 7F, MOHALI	1
1	S1-454188230	S3-481561672	blocking_miss	US	Metro Allied Innovative	132 Crawford Street, Lowell, MA	aimetro.com	##132 Crawford St, PMB 1497, Lowelll, Massachusetts	0
1	S1-415109448	S2-834611603	false_negative	US	Watson Allurion	167 Paine Road, Pomfret, CT	Watson Allurion		1
1	S1-911732274	S2-290303772	false_negative	India	Suyash Nursing Home Private Limited	No 156/8, Begur Koppa, Main Road Bingipura, Anekal, Bangalore, Karnataka	Suyash Nursing Home Private		1
1	S1-911732274	S3-640186720	false_negative	India	Suyash Nursing Home Private Limited	No 156/8, Begur Koppa, Main Road Bingipura, Anekal, Bangalore, Karnataka	Suyash Nursing Home Pdrvbaoe Limited		1
1	S1-911732274	S3-916816334	false_negative	India	Suyash Nursing Home Private Limited	No 156/8, Begur Koppa, Main Road Bingipura, Anekal, Bangalore, Karnataka	Lyranovi	Door No 156/8, Begur Koppa, Main Road Bingipura, Anekal, Bangalore, KA	1
1	S1-617658602	S3-483015635	false_negative	India	Mary Estate Limited	Delhi, New Delhi, Suchet Chamber, 1224/5, Bank Street Naiwala Karol Bagh, 207, Central Delhi	Mary Estate-Ltd	07, Central Delhi, दिल्ली	1
1	S1-617658602	S3-710463957	false_negative	India	Mary Estate Limited	Delhi, New Delhi, Suchet Chamber, 1224/5, Bank Street Naiwala Karol Bagh, 207, Central Delhi	MARY ESTATE LIMITED	07, Central Delhi, DL	1
1	S1-617658602	S3-984084909	blocking_miss	India	Mary Estate Limited	Delhi, New Delhi, Suchet Chamber, 1224/5, Bank Street Naiwala Karol Bagh, 207, Central Delhi	Mary Estate	DL, New Delhi, 07, Delhi	0
1	S1-145417084	S3-356430578	blocking_miss	India	Super Properties Private Limited	House No. 9, Bhalasua Jhangir Puri, Delhi, New Delhi, Delhi	Super Properties Ptriae Limited	House No. 9, Delhi, DL	0
1	S1-145417084	S3-552781378	blocking_miss	India	Super Properties Private Limited	House No. 9, Bhalasua Jhangir Puri, Delhi, New Delhi, Delhi	सुपर प्रॉपर्टीज प्राइवेट लिमिटेड	Houfe No. 9, New Delhi, Delhi, DL	0
1	S1-145417084	S3-820938271	false_negative	India	Super Properties Private Limited	House No. 9, Bhalasua Jhangir Puri, Delhi, New Delhi, Delhi	Super Properties Private		1
1	S1-184260372	S2-441930855	false_negative	India	Om Finance Limited	Bihar, C/O Maqsood Alam, Kishanganj, Vill-Taisa, Panch- Teusa, Tola- Pipla	ओम फाइनेंस लिमिटेड	H.NO 628 C/O MAQSOOD ALAM, KISHANGANJ, Bihar	0
1	S1-184260372	S3-3674151	false_negative	India	Om Finance Limited	Bihar, C/O Maqsood Alam, Kishanganj, Vill-Taisa, Panch- Teusa, Tola- Pipla	ओम फाइनेंस लिमिटेड	#418 C/o Maqsood Alam, Kishanganj, BR	1
1	S1-320782660	S3-856696534	false_negative	US	Federal Publishing	1825 Canelo Drive, Dallas, TX	Federal Publishing		1
1	S1-580228541	S2-956010847	false_negative	US	Jolee Parker Prairie Nevada LLC	3682 Kingsway Drive, Crown Point, IN	Jolee Parker Prairie	368 KINGSWAY DRIVE, IN, CROWN POINT	1
1	S1-580228541	S3-454502105	false_negative	US	Jolee Parker Prairie Nevada LLC	3682 Kingsway Drive, Crown Point, IN	Tavomiralum	Crown Point, 3682 Kingsway Drive, Indiana	1
1	S1-690623358	S2-631003998	false_negative	US	2244 Ocean St Apartments, L.L.C.	400 Sedwick Street, Albany, TX	Center 2244 Ocean St L.L.C.	SEDWICK STREET, TX, ALBANY	1
1	S1-320018241	S3-530745251	false_negative	US	Ironclad LLC	1520 Dogwood Drive, Huntsville, TX	Keloarckor	1520 Dogwood Drive, Huntsville, Texas	1
1	S1-380814451	S2-79269907	false_negative	US	Premier Evo Inc	2331 5th Street, Moline, IL	Premier Evo		1
1	S1-424594306	S2-236614068	false_negative	US	Arnwine Muniholdings L.L.C.	206 Summit, Unit 0, IL, Poplar Grove	PARTNERS ARNWINE LLC	206 SUMMIT, POPLAR GROVE, IL	1
1	S1-915157324	S3-694255642	false_negative	US	Industrial Nutrition Alliance Corp	17300 Vantage Highway, Ellensburg, WA	Industrial Nutrition Alliance Corp		1
1	S1-915157324	S3-917440803	false_negative	US	Industrial Nutrition Alliance Corp	17300 Vantage Highway, Ellensburg, WA	Industrial Nutrition álliance Corp		1
1	S1-330286971	S2-33721843	blocking_miss	US	United Nexus Inc	512 13 Street, Saint Cloud, MN	-- United Nixsu Inc	SAINTC LOUD, 0512 13 STREET, MN	0
1	S1-144866238	S2-190087315	blocking_miss	US	Gaskins, Rinn and Sikora Sprott Inc.	24 Edgewood Road, Portland, CT	gaskinsrinnsikoracom	N/A, CT, 24 EDGEWOOD ROAD, POTRLAND CITY	0
1	S1-766112214	S3-670611712	blocking_miss	US	Valley Charities	Fairfax County, VA, 1102 Northwind Drive	Valley Charities	1102b Northwind Drive, NULL, Reston, Virginia	0
1	S1-59385529	S2-40186985	false_negative	India	Global Services (India) Pvt Ltd	Bad Ke Balaji Sarangpura, Narsinghpura Bagru, Sanganer, Jaipur, Rajasthan	GLOBAL GLOBAL SERVICES (INIDAA) PVT LTD	NO. 659 BAD KE BALAJI SARANGPURA, NARSINGHPURA BAGRU, SANGANER, Rajasthan	1
1	S1-59385529	S2-673509056	false_negative	India	Global Services (India) Pvt Ltd	Bad Ke Balaji Sarangpura, Narsinghpura Bagru, Sanganer, Jaipur, Rajasthan	Mr Global Services (India) Pvt	NO. 659 BAD KE BALAJI SARANGPURA, NARSINGHPURA BAGRU, SANGANER, Rajasthan	1
1	S1-280380189	S2-75617940	blocking_miss	India	Dream Infrastructure Private Limited	No.20, Mriehbcsociety, 29, Main, Btm2Ndstg, 1Stphase, Bangalore South, Bangalore, Karnataka	ಡ್ರೀಮ್ ಇನ್‌ಫ್ರಾಸ್ಟ್ರಕ್ಚರ್ ಪ್ರೈವೇಟ್ ಲಿಮಿಟೆಡ್	20, BANGALORE SOUTH, BANGALORE, Karnataka	0
1	S1-280380189	S2-758834007	blocking_miss	India	Dream Infrastructure Private Limited	No.20, Mriehbcsociety, 29, Main, Btm2Ndstg, 1Stphase, Bangalore South, Bangalore, Karnataka	ಡ್ರೀಮ್ ಇನ್‌ಫ್ರಾಸ್ಟ್ರಕ್ಚರ್ ಪ್ರೈವೇಟ್ ಲಿಮಿಟೆಡ್	NO.20, BANGALORE SOUTH, Karnataka	0
1	S1-280380189	S2-934607065	blocking_miss	India	Dream Infrastructure Private Limited	No.20, Mriehbcsociety, 29, Main, Btm2Ndstg, 1Stphase, Bangalore South, Bangalore, Karnataka	ಡ್ರೀಮ್ ಇನ್‌ಫ್ರಾಸ್ಟ್ರಕ್ಚರ್ ಪ್ರೈವೇಟ್ ಲಿಮಿಟೆಡ್	NO.20, BANGALORE SOUTH, BANGALORE, ಕರ್ನಾಟಕ	0
1	S1-280380189	S3-867286831	false_negative	India	Dream Infrastructure Private Limited	No.20, Mriehbcsociety, 29, Main, Btm2Ndstg, 1Stphase, Bangalore South, Bangalore, Karnataka	Dream Private Limited Service	Door No 80, Mriehbcsociety, 29, Main, Btm2ndstg, 1Stphase, Bangalore South, Bangalore, KA	1
1	S1-522296277	S3-415125974	false_negative	US	Lara, Lopez and Ramirez LLC	7204 17, Pollocksville, NC	Halofayeevo	7204- 17, Pollocksville, North Carolina	1
1	S1-97471723	S2-472962310	false_negative	India	Anand Estate Private Limited	Karnataka, Plot No.7 Phase 1, 6Th Cross, Doddanekundi Industr, Ial Area, Evolve Work Studio 3Rd Flr Raj Pinnacle, Bangalore	ಆನಂದ್ ಎಸ್ಟೇಟ್ ಪ್ರೈವೇಟ್ ಲಿಮಿಟೆಡ್	EVOLVE WORK STUDIO 5-3RD FLR RAJ PINNACLE, BANGALRORE, BANGALORE, Karnataka	0
1	S1-807698026	S2-520050081	false_negative	US	Mckenzie Family Office	12716 570, Rose, OK	Mckenzie Family [Office]		1
1	S1-191128982	S3-241692116	false_negative	US	Unified Defense Alliance	33192 Oregon Lane, Warrenton, OR	Unified Defense Alliance Corp	033212 Oregon Lane, Warrenton, Oregon	1
1	S1-578933393	S2-941757277	blocking_miss	US	Children's Institute	14631 Route 29, Unit STE 113, Fairfax County, VA	childrensinstitute.com	1463 ROUTE 29, <NULL>, FAIRFAX COUNTY, VA	0
1	S1-578933393	S3-555316318	false_negative	US	Children's Institute	14631 Route 29, Unit STE 113, Fairfax County, VA	children's institute & Co		0
1	S1-249850309	S2-402103362	false_positive	US	Luciana Crawford, MD, M.D., P.C.	81 Liam Street, Clayton, NC	Luciana Crawford, UD, M.D., P.C.	#81 LIAM SAINT, CLAYTON, NC	1
1	S1-797253209	S2-529614217	false_negative	US	Continental Coastal Tire Shop Inc	Baton Rouge City, LA, 660 Foster Drive	Continental Coastal Tire Shop	661 FOSTER DR, BATON ROUGE CITY, LA	1
1	S1-924011798	S3-840989885	false_positive	US	Nolan's Direct Hair Studio	1203 19th Street, Temple, TX	Maxwell Direct Hair [Studio]	1203 1/2 19th Street, Temple, Texas	1
1	S1-924011798	S2-860668205	blocking_miss	US	Nolan's Direct Hair Studio	1203 19th Street, Temple, TX	NOLANSDIRECTHAIR.COM	1203 19ST STREET, TEMPLE CITY, TX	0
1	S1-924011798	S3-913976160	false_negative	US	Nolan's Direct Hair Studio	1203 19th Street, Temple, TX	Nolan's Studio Hair Direct		1
1	S1-972624702	S2-875586216	false_negative	US	CUL Management LLC	207 3rd, Thomas, OK	L.L.C. CUL Management	407 Third, THOMAS, OK	1
1	S1-475001284	S2-233270060	false_negative	US	Emeline's Engineering	Anniston, AL, 311 Jeffery Terrace	Emeline's Éngineering		1
1	S1-137537772	S3-534728278	false_negative	India	Anand Builders Private Limited	C/O Kavita, H. No. 18, Shyam Nagar, Bhakheda, Alwar, Rajasthan	Anand Builders Private Limited	C/o Kaviat, Alwar, RJ	1
1	S1-375014790	S2-588092105	blocking_miss	India	South Consulting Private Limited	Gala No. 10, Roop Nawal Estate, Near Vidya Vikasini School, Fatherwadi, Gokhiware, Vasai East, Thane, Maharashtra	Dr South Conultling Private Limited		0
1	S1-781841522	S2-843033182	false_negative	US	Eleni Wright, L.C.S.W.	1684 5th St, Unit 3, Coralville, IA	Eleni Wright,		1
1	S1-781841522	S3-412836082	false_negative	US	Eleni Wright, L.C.S.W.	1684 5th St, Unit 3, Coralville, IA	Eleni Wright,		1
1	S1-962744933	S2-377932941	singleton_false_merge	India	Delhi India Private Limited	Shop No. 8, Ground Floor, Csc-5, Avantika, Sector-1, Rohini, Delhi, West Delhi, Delhi	Delhi India Industries Private	SHOP NO. 13, GROUND FLOOR, CSC-5, AVANTIKA, SECTOR-1, ROHINI, DELHI, Delhi	1
2	S1-893777148	S3-93132368	blocking_miss	US	Prime Technical Company	23 Phillips Avenue, Norwood, MA	Prime Company Center	Phillips Ave, Norwoood Township, Massachusetts	0
2	S1-249185858	S2-160632358	blocking_miss	US	Liberty Cascade Armour LLC	10 Bell Road, Unit 3029, Phoenix, AZ	Liberty Cascade Arm0ur LLC		0
2	S1-446285089	S3-947631738	blocking_miss	India	Guru Ventures Private Limited	B-706, Ews Barra-7, Ratan Lal Nagar, Kanpur Nagar, Uttar Pradesh	Guru Venures Private Limited	B-706, Kanpur, Kanpur Nagar, UP	0
2	S1-678292818	S2-788109556	blocking_miss	US	Charlotte Education Alliance Inc	1611 South Boulevard, Charlotte, NC	charlotteeducationalliance.com	432 SOUTH BLVD, CHARLOTTE, NC	0
2	S1-678292818	S3-73054951	false_negative	US	Charlotte Education Alliance Inc	1611 South Boulevard, Charlotte, NC	Charlotte Education Alliance		1
2	S1-511037111	S3-657511410	false_negative	India	Premier Food Limited	C-1103, 11Th Floor, Amrapali Platinum, Sec 119, Noida, Gautam Buddha Nagar, Uttar Pradesh	Premier Limited Services	UP, C-1103, Gautam Buddha Nagar, Noida	1
2	S1-468248593	S3-899471173	false_negative	US	Commercial Wellness Products, LLC	1207 Adams Street, City Of Wilson, NC	Orbizeph	1207-1209 Adams Saint, City Of Wilson, North Carolina	1
2	S1-374023652	S2-479808697	blocking_miss	India	Galaxy Constructions Private Limited	# 3 B, Papaiah Layout Madiwala, Bangalore, Karnataka	ಗ್ಯಾಲಕ್ಸಿ ಕನ್‌ಸ್ಟ್ರಕ್ಷನ್ಸ್ ಪ್ರೈವೇಟ್ ಲಿಮಿಟೆಡ್	#3 B, BENGALURU URBAN, Karnataka	0
2	S1-374023652	S3-489690021	blocking_miss	India	Galaxy Constructions Private Limited	# 3 B, Papaiah Layout Madiwala, Bangalore, Karnataka	*** Galaxy-Cosntnruitehons Galaxy-Cosntnruitehons Private Limited	# 3 B, Bangalore, KA	0
2	S1-374023652	S3-498177457	false_negative	India	Galaxy Constructions Private Limited	# 3 B, Papaiah Layout Madiwala, Bangalore, Karnataka	ಗ್ಯಾಲಕ್ಸಿ ಕನ್‌ಸ್ಟ್ರಕ್ಷನ್ಸ್ ಪ್ರೈವೇಟ್ ಲಿಮಿಟೆಡ್	3 B, Papaiah Layout Madiwala, Bangalore, KA	1
2	S1-90248184	S2-73862854	false_negative	US	Momaex Premier Factory, LLC	344 Colonial Drive, Marion, AR	Center M0maex Factory, LLC	344 COLONIAL DR, PMB 7807, MARION, AR	1
2	S1-946948128	S2-266328768	false_negative	US	Blanton, Krueger & Boswell Inc	28105 Perdido Beach Boulevard, Unit Unit 715, Orange Beach, AL	Blanton, Krurer & Boswell Inc	2810 Perdido Beach Blvd, ORANGE BBEACH, AL	1
2	S1-946948128	S2-508063063	false_negative	US	Blanton, Krueger & Boswell Inc	28105 Perdido Beach Boulevard, Unit Unit 715, Orange Beach, AL	BLANTON, KRUEGER &	ORANGE BEACH, 2810 PERDIDO BEACH BOULEVARD, AL	1
2	S1-946948128	S2-92988709	false_negative	US	Blanton, Krueger & Boswell Inc	28105 Perdido Beach Boulevard, Unit Unit 715, Orange Beach, AL	Inc Blanton, Krueger & Boslenll	2810 PERDIDO BEACH BOULEVARD, ORANGE BEACH, AL	1
2	S1-284029242	S3-300504305	false_negative	US	Viix Regional Gamco	2423 Vail Avenue, Charlotte, NC	Viix Regional		1
2	S1-715246619	S2-998060154	false_negative	US	Krider Academy LP	50 Woodland Drive, Greenwich, CT	Krider Academy [Inc]		1
2	S1-207839980	S2-828178436	false_negative	India	Jabalpur Services Co	292/293, Muskan Heights, Napier Town, Jabalpur, Madhya Pradesh	Jabalpur Services		1
2	S1-502659702	S2-84683612	false_negative	US	Lauree Miller Value Spdr Inc	1500 Trinity Road, Botetourt County, VA	Lauree Miller Value	500 TRINITY RD, TROUTVILLE, VA	1
2	S1-970101457	S2-294020620	false_positive	India	Anilan Free Private Limited	Housing Board, Sumuka, Nagara Jyothi Nagar Post, Chikmagalur, Chickmagalur, Karnataka	Anilin Free Ptovae Limited	NO #44 HOUSING BOARD, SUMUKA, NAGARA JYOTHI NAGAR POST, CHIKMAGALUR, Karnataka	1
2	S1-685356506	S2-842748482	false_negative	US	Maia LLC	2095 Huntington Drive, Lima, OH	Evovantage	OH, 209 HUNTINGTON DR, LIMA	0
2	S1-44868210	S3-715011368	false_positive	US	Dermatology Physicians LLC	16626 Mason Street, Omaha, NE	Dermatology Physicians LLC	2966a Eleventh Street, Omaha, Nebraska	1
2	S1-754402694	S2-756215908	blocking_miss	India	Bombay Healthcare Pvt Ltd	B-1003, Anant Rukmini, Cst No 1188(P), S No 66/1, Pune City, Pune, Maharashtra	बॉम्बे हेल्थकेयर प्रा. लि.	B-1003/6, PUNE CITY, PUNE, Maharashtra	0
2	S1-754402694	S2-923361937	blocking_miss	India	Bombay Healthcare Pvt Ltd	B-1003, Anant Rukmini, Cst No 1188(P), S No 66/1, Pune City, Pune, Maharashtra	बॉम्बे हेल्थकेयर प्रा. लि.	B-1003/6, PUNE CITY, PUNE, Maharashtra	0
2	S1-37540843	S2-193010947	blocking_miss	India	Blue Creative Tech Pvt Ltd	Shop No. 6, Ranwar Road, Near Palm Residency, Behind Heritage Garden, Karnal, Haryana	ब्लू क्रिएटिव टेक प्रा. लि.	DOOR NO 6, KARNAL, GHARAUNDA, हरियाणा	0
2	S1-37540843	S3-237746402	false_negative	India	Blue Creative Tech Pvt Ltd	Shop No. 6, Ranwar Road, Near Palm Residency, Behind Heritage Garden, Karnal, Haryana	Blue Blue Creative Tech	HR, Karnal, #6, Karnal	1
2	S1-452858458	S3-380389761	false_negative	India	Shamli Partnership Limited	C/O-Sandhya Sharma, Uttar Pradesh, Alok Kumar Barnwal Dayananad Nagar Gali No.1, Muzaffarnagar, Shamli	Sham1i Pcttnership Limited	Block A-#669 C/o-sandhya Sharma, Alok Kumar Barnwal Dayananad Nagar Gali No.1, Shamli, Muzaffarnagar, UP	1
2	S1-421814428	S3-233137790	blocking_miss	India	Shivam Laxmi International Private Limited	1-10-1/213/A/3, Chakripuram, Opp:Teacher'S Colony, Kapra, Ecil, Secunderabad, Hyderabad, Telangana	శివం Laxmi ఇంటర్నేషనల్ ప్రైవేట్ లిమిటెడ్	2-10-1/213/A/3, Hyderabad, Andhra Pradesh	0
2	S1-72845011	S2-999429878	blocking_miss	India	Modern Healthcare Private Limited	198/A, Jaya Niwas, Gujarat Society Opp. Dr. C.P. Doshi, Sion West, Mumbai, Mumbai City, Maharashtra	मॉडर्न हेल्थकेयर प्राइवेट लिमिटेड	198, MUMBAI, MUMBAI CITY, Maharashtra	0
2	S1-226281021	S2-692149787	blocking_miss	US	Toth Center V	1508 243rd Place, Bothell, WA	tothcenterv.com	243TH PL, BOTHELL, WA	0
2	S1-66379501	S3-566039034	false_negative	India	Blue Brothers Private Limited	Survey No 626, Milkat No 3436, Kokare Heights Wing A First Floor, Pune Saswad Road, Near Palkhi Visawa Wadkinala, Wadki, Haveli, Pune, Maharashtra	Blue [Brothers]	Survey No 626, Haveli, Fursungi, MH	1
2	S1-270613791	S3-17660886	blocking_miss	India	Gold Agro Private Limited	D.No.51 Main Road, Saidapet, Kanchipuram, Tamil Nadu	gold ágro private limited		0
2	S1-270613791	S3-462890982	blocking_miss	India	Gold Agro Private Limited	D.No.51 Main Road, Saidapet, Kanchipuram, Tamil Nadu	goldagro.com	D.no.51 Main Road, Kanchipuram, தமிழ்நாடு	0
2	S1-270613791	S3-924473379	blocking_miss	India	Gold Agro Private Limited	D.No.51 Main Road, Saidapet, Kanchipuram, Tamil Nadu	கோல்டு அக்ரோ பிரைவேட் லிமிடெட்	Door No 51 Main Road, Saidapet, Kanchipuram, TN	0
2	S1-385716268	S2-475301703	false_negative	India	East Digital Enterprises Private Limited	Plot No.: I-5625, Phase-Ii, G.I.D.C, Vatwa, Ahmedabad, Gujarat	EAST DIGITAL PRIVATE LIMITED PARTNERS	Gujarat, H.NO 296 PLOT NO.: I-5625, PHASE-II, G.I.D.C, VATWA, AHMEDABAD	1
2	S1-385716268	S2-561071139	false_negative	India	East Digital Enterprises Private Limited	Plot No.: I-5625, Phase-Ii, G.I.D.C, Vatwa, Ahmedabad, Gujarat	ઈસ્ટ ડિજિટલ એન્ટરપ્રાઇઝિસ પ્રાઇવેટ લિમિટેડ	H.NO 296 PLOT NO.: I-5625, AHMEDABAD, ગુજરાત	1
2	S1-524533605	S2-796680427	blocking_miss	India	Hari Developers	28, Lower Shopping, Ganpatiplaza, M.I. Road, Jaipur, Rajasthan	हरि डेवलपर्स	JAIPUR, M.I. ROAD, 28, Rajasthan	0
2	S1-562558122	S3-825264534	singleton_false_merge	India	Pratima Consultants	7/3, Parkland Apartment, Nathan Street Chetpet, Chennai, Tamil Nadu	pratima consultants industries	#9-741 7/24, Chennai, தமிழ்நாடு	1
2	S1-769456403	S3-367468233	false_negative	India	Panacea College	Pl No-111/2214, Kh No-791/1029, Pipili, Puri, Orissa	M/s Panacea Colleeg	Pl No-11/2214, Kh No-791/1029, Puri, Pipili, OD	1
2	S1-143920119	S2-501475180	false_negative	US	Northern Safe Pacific PLLC	Petersburg, 129 Kimble Road, WV	Northern Safe Pacific PLLC		1
2	S1-735822323	S3-667728327	false_negative	US	Kaur Bright Harbors PLLC	2807 Ridgeview Way, Sioux Falls, SD	Kaur Bright PLLC Harbors		1
2	S1-985555002	S2-445741254	false_negative	US	Barbette Burdett Freedom	500 Longfellow Street, Fuquay-varina, NC	Barbette Burdett Center	500-502 Longfellow Street, FUQUAY VARINA, NC	1
2	S1-890314735	S3-776432991	false_positive	US	4-5 South Owners Corp Corp	WA, Puyallup, 3905 21st Street Place	4-5 South Owners Corp	3906 21st Street Place, Puyallup, Washington	1
2	S1-439355736	S2-456388405	false_negative	India	Raj Management Private Limited	Shop First Floor 357, 13/14 R.N.T. Marg, Indore, Madhya Pradesh	RAJ MANAGEMENT PRIVATE		1
2	S1-192547223	S3-810934180	blocking_miss	US	Urology Desert Care LLC	21 Autumn Ashe Road, Madison, AL	Urology Dedsnte Care LLC		0
2	S1-160847397	S2-937741259	false_negative	US	Bilodeau Pinnacle Bancorp LLC	3121 Old Pond Road, Missoula, MT	BILODEAU PINNACLE BANCORP #44924	OLD POND RD, MISSSOULA, MT	1
2	S1-963682885	S3-939373761	blocking_miss	US	Taylor Express Deep Inc	2318 Hialeah Drive, Houston, TX	taylorexpressdeep.com	Texas, Hialeah Dr, Houston	0
2	S1-155876945	S3-847327049	blocking_miss	India	Energy Academy	Shop No.7, Ndmc Suvidha Market, Netaji Nagar, New Delhi, Delhi	Hálonovi	No 7, Netaji Nagar, New Delhi, DL	0
2	S1-316566734	S2-254043386	blocking_miss	India	South Consultancy Private Limited	8-2-602/F, Charan Pahadi, Roadno 4, Banjara Hills Hyderabad Andhra Pradesh, Andhra Pradesh, Telangana	సౌత్ కన్సల్టెన్సీ ప్రైవేట్ లిమిటెడ్	8-2-602/F, ANDHRA PRADESH, GHMC M CORP OG, Telangana	0
2	S1-417644734	S3-498299800	false_negative	US	The Dent Pizza, Inc	DE, Dover, 44 Steele Road	The Dent Pizza (Inc)	Steele Rd, Kent Acres, Delaware	1
2	S1-87045970	S3-489864019	blocking_miss	India	Digital International	No. 18, Shop No. 2, Near Srs School, Behind Sbi Bank, Umesh Layout, Jigani Ward No. 23, Anekal, Bangalore, Karnataka	ಡಿಜಿಟಲ್ ಇಂಟರ್‌ನ್ಯಾಷನಲ್	H.no 18, Anekal, Bangalore, KA	0
2	S1-870504429	S2-463505059	false_negative	India	Crabel Group	S.No.422, Plot No.18, 1St Floor, Rjt-1 Comercial Complex, Wazirpur Ind. Area, Delhi, North West, Delhi	CRABEL GROUP		1
2	S1-870504429	S3-921023466	false_negative	India	Crabel Group	S.No.422, Plot No.18, 1St Floor, Rjt-1 Comercial Complex, Wazirpur Ind. Area, Delhi, North West, Delhi	Crabel Ltd	S.no.422, Kundli, DL	1
2	S1-392671167	S3-526470130	false_positive	India	Tech Technologies Pvt Ltd	K No 72, Bellahalli Village, Bangalore, Karnataka, No 22, Bangalore	Tech Pvt Ltd Center	22, Bangalore, KA	1
2	S1-392671167	S2-629851315	blocking_miss	India	Tech Technologies Pvt Ltd	K No 72, Bellahalli Village, Bangalore, Karnataka, No 22, Bangalore	ಟೆಕ್ ಟೆಕ್ನಾಲಜೀಸ್ ಪ್ರೈವೇಟ್ ಲಿಮಿಟೆಡ್	NO 22, BANGALORE, ಕರ್ನಾಟಕ	0
2	S1-392671167	S3-84912047	blocking_miss	India	Tech Technologies Pvt Ltd	K No 72, Bellahalli Village, Bangalore, Karnataka, No 22, Bangalore	Tech Technologies Pvt	No ##22, Bangalore, KA	0
2	S1-890102192	S2-51665758	blocking_miss	India	One Energy LLP	B 3/152, Vishesh Khand Gomti Nagar, Lucknow, Uttar Pradesh	वन एनर्जी एलएलपी	B 3/152, LUCKNOW, उत्तर प्रदेश	0
2	S1-890102192	S2-748145620	blocking_miss	India	One Energy LLP	B 3/152, Vishesh Khand Gomti Nagar, Lucknow, Uttar Pradesh	वन एनर्जी एलएलपी	B 3/152, LUCKNOW, Uttar Pradesh	0
2	S1-890102192	S3-532878574	blocking_miss	India	One Energy LLP	B 3/152, Vishesh Khand Gomti Nagar, Lucknow, Uttar Pradesh	One Eny LLP	Plot 546 B 3/152, Lucknow, UP	0
2	S1-890102192	S3-666578427	false_negative	India	One Energy LLP	B 3/152, Vishesh Khand Gomti Nagar, Lucknow, Uttar Pradesh	Dr One LLP Services	Plot 546 B 3/152, Vishesh Khand Gomti Nagar, Lucknow, UP	1
2	S1-730319737	S3-930683865	false_negative	India	Ram Prime Consulting Private Limited	2401-B-1, Tps-3, Fp-21, Flatno.205, C-Bld, Gunatit Ngr, Sumul Dairy Rd, Surat City, Surat, Gujarat	Ram Prdsomie Consulting Private Limited	Door No 551 2401-B-1, Surat, Katargam Surat, GJ	1
2	S1-480519889	S2-926036035	blocking_miss	India	Mumbai Will Private Limited	501, Shyam Gokul Residency, Soni Wadi, Borivali (West), Mumbai, Mumbai City, Maharashtra	MUM8AI WILL-PRIVATE LIMITED		0
2	S1-354364962	S2-541563671	false_negative	US	Grosz, Partridge and Sanchez Galaxy	Memphis, TN, 8272 Timber Oaks Cove	Gr0sz, Partridge and Sanchez Galaxy LP	CORDOOVA, 8596 TIMBER OAKS CV, TN	1
2	S1-452647489	S2-232457541	false_negative	US	Moore, Goffney & Dinh Inc	129 Blue Hole Circle, TN, Summertown	MOORE, GOFFNEY &	#41 BLUE HOLE CIR, SUMMERTOWN, TN	1
2	S1-452647489	S2-840418590	false_negative	US	Moore, Goffney & Dinh Inc	129 Blue Hole Circle, TN, Summertown	-- M0ore, Goffney & Dinh Inc	#41 BLUE HOLE CIR, SUMMERTOWN, TN	1
2	S1-928184464	S2-850176014	false_positive	India	Shivpuri Minerals Private Limited	Shivpuri, Joshi Pura, Shivpuri Rajpura Road, Joshi Pura, Shivpuri, Madhya Pradesh, C/O Hari Singh Yadav, Shivpuri	shivpuri milk private limited	VIJAYPURAM SHIVPURI, SHIVPURI, मध्य प्रदेश	1
2	S1-928184464	S2-967900853	false_positive	India	Shivpuri Minerals Private Limited	Shivpuri, Joshi Pura, Shivpuri Rajpura Road, Joshi Pura, Shivpuri, Madhya Pradesh, C/O Hari Singh Yadav, Shivpuri	Shivpuri Milk Private Ltd	VIJAYPURAM SHIVPURI, SHIVPURI, Madhya Pradesh	1
2	S1-906052166	S2-655802425	false_negative	US	Internal Medicine Innovative Specialists Center	146 Washington Street, Unit APT 10, Casper, WY	Internal Medicine Innovative Specialists		1
2	S1-906052166	S2-855441135	false_negative	US	Internal Medicine Innovative Specialists Center	146 Washington Street, Unit APT 10, Casper, WY	Internal Medicine Innovative Specialists Center Ltd	Washington Street, WY, CASPER	1
2	S1-852297285	S2-839075401	false_negative	India	International Services Pvt Ltd	T3 Third Floor, Jain Tower Russel Chowk, Jabalpur, Madhya Pradesh	इंटरनेशनल सर्विसेज प्रा. लि.	TD/3 TIRD FLOOR, JAIN TOWER RUSSEL CHOWK, JABALPUR, Madhya Pradesh	0
2	S1-53110532	S2-744179993	false_negative	India	Future Foundation Private Limited	Sb-03B, Haryana, Faridabad, Iind Floor Crown Plaza Mall, Sector- 15 A, Faridabad	फ्यूचर फाउंडेशन प्राइवेट लिमिटेड	HN 401 SB-03B, FARIDABAD, Haryana	1
2	S1-53110532	S2-777550088	false_negative	India	Future Foundation Private Limited	Sb-03B, Haryana, Faridabad, Iind Floor Crown Plaza Mall, Sector- 15 A, Faridabad	फ्यूचर फाउंडेशन प्राइवेट लिमिटेड	HN 401 SB-03B, FARIDABAD, हरियाणा	1
2	S1-667707456	S2-75138019	blocking_miss	US	Midwest Factory	1970 Red Deer Run, Heber, AZ	Midwest [Fbtoy]		0
2	S1-186638759	S3-986412702	false_negative	US	Asset Building Network	399 Cedar Lane Road, Madisonville, TN	Dovadeltasol	399 Cedar Lane Road, Madisonville, TN	1
2	S1-192933383	S2-55637448	false_negative	US	Willis Clear Agriculture, LLC	1900 34th Avenue, Eugene, OR	Orbiorbi	1900 34TH AVENUE, EUGENE, OR	1
2	S1-192933383	S3-798635894	false_negative	US	Willis Clear Agriculture, LLC	1900 34th Avenue, Eugene, OR	Willis Cléar LLC Center		1
2	S1-624026241	S2-110519348	false_negative	US	Upper Spruce Inc	Unit 2, 68 Hobart Street, Boston, MA	UPPER INC SERVICES	HOBART ST, BRIGHTON, MA	1
2	S1-624026241	S2-934102319	false_negative	US	Upper Spruce Inc	Unit 2, 68 Hobart Street, Boston, MA	Upper Inc Services		0
2	S1-316730305	S2-521863287	false_negative	US	Vega, Inc	633 Martin Road, Webb, NY	vega.com	NY, EAGLE BAY, 630 MARTIN RD	1
2	S1-316730305	S3-123449736	false_negative	US	Vega, Inc	633 Martin Road, Webb, NY	@vega	630 Martin Rd, N/A, Eagle Bay, New York	1
2	S1-41631524	S2-230964089	false_positive	India	Djr Construction Clinic	6, Blcok J Jahangir Puri, Newdelhi, North East, Delhi	L.L.P. Djr Construction Clinic	HN 766 10, BLCOK J JAHANGIR PURI, NEWDELHI, NORTH EAST, Delhi	1
2	S1-275290664	S3-271922725	blocking_miss	US	Martinez Works LLC	12 Maple Lane, Schaghticoke, NY	Martinez Wdmks LLC	12 Maple Ln, Melros Ecity, New York	0
2	S1-275290664	S3-691374553	blocking_miss	US	Martinez Works LLC	12 Maple Lane, Schaghticoke, NY	Martinez LLC Center	12 Maple Lane, Melros Ecity, New York	0
2	S1-734356482	S2-549768260	false_negative	US	Huang Alussa	501 Elm Street, KS, Marysville	HUAN6 ALUSSA CO	01 ELM ST, MARYSVILLE, KS	1
2	S1-625074859	S3-894938807	false_negative	India	Roopaya Nidhi	Karnataka, Dharwar, Dharwad, 157, Arun Colony, Gokul Road, Hubli	Roopaya Services	KA, Dharwad, No B3/494 157, Dharwar	1
2	S1-889500087	S2-258412682	false_negative	India	Efficient Electronics Private Limited	Jai Gandhi Market 1St Floor Off. 105 Bhoosar 186 Market Yard, Pune, Maharashtra	EFFICIENT ELECTRONICS PRIVATE - 1563494286		1
2	S1-243298912	S2-230762920	blocking_miss	India	Bharat Foundation Limited	Plot No.70 A, Kiadb Aerospace Park, Bhattaramarena Halli, Budigere Post, Devanahalli Taluk, Bangalore Rural, Karnataka	ಭಾರತ್ ಫೌಂಡೇಶನ್ ಲಿಮಿಟೆಡ್	BANGALORE RURAL, Karnataka, PLOT NO.70 A	0
2	S1-243298912	S2-959541830	blocking_miss	India	Bharat Foundation Limited	Plot No.70 A, Kiadb Aerospace Park, Bhattaramarena Halli, Budigere Post, Devanahalli Taluk, Bangalore Rural, Karnataka	ಭಾರತ್ ಫೌಂಡೇಶನ್ ಲಿಮಿಟೆಡ್	PLOT NO.70 A, BANGALORE RURAL, Karnataka	0
2	S1-243298912	S3-891950588	blocking_miss	India	Bharat Foundation Limited	Plot No.70 A, Kiadb Aerospace Park, Bhattaramarena Halli, Budigere Post, Devanahalli Taluk, Bangalore Rural, Karnataka	ಭಾರತ್ ಫೌಂಡೇಶನ್ ಲಿಮಿಟೆಡ್	#70 A, Bangalore Rural, ಕರ್ನಾಟಕ	0
2	S1-314983836	S3-774809521	blocking_miss	India	Maa Construction	67, Amber Hai, Dwarka Sec 19 Vpo Amberhai, South West, New Delhi, South West Delhi, Delhi	माँ कंस्ट्रक्शन	DL, N/A, G-67, New Delhi	0
2	S1-810963294	S2-703279551	false_negative	US	Strategic Robotics Associates LLC	Riddle, 720 First Avenue, OR	Strategic Robotics Associates [L.L.C.]		1
2	S1-925598777	S3-252852988	false_negative	US	Flint Banking Inc	3802 Beechnut Street, Unit APT 4, East Helena, MT	Flint Bkanntbg Bkanntbg Inc	Beechnut Street, # APT 4, East Helena, Montana	1
2	S1-352036556	S3-553343623	false_negative	India	Gurgaon India Private Limited	C-1905 Sushant Lok-1, Gurgaon, Haryana	Orbibrix	C-1905 Sushant Lok-1, Gurgaon, HR	1
2	S1-505738152	S3-343288049	false_negative	US	Saint Methodist Church	23250 Oak Hill Lane, California, MD	Saint Methodist	Oak Hill Lane, California, Maryland	1
2	S1-242123246	S2-70148227	false_negative	US	Findlay Allied Highland LP	739 Melrose Avenue, Findlay, OH	0rbiveoevo	739. MELROSE AVENUE, FINDLAY, OH	1
2	S1-917891851	S3-900032749	false_negative	India	Siddhidhata Development Company	6-3-833/2/A, Pent House Tejaswi Plaza, Khairatabad, Hyderabad, Telangana	5iddhidhata Company Center	6-3-833/2/A, Pent House Tejaswi Plaza, Hyderabad, తెలంగాణ	1
2	S1-509115729	S2-860812170	false_negative	US	Bay Charter School LLC	1400 Samuels Loop, Coxs Creek, KY	Bay Charter School Llc		1
2	S1-509115729	S2-885591222	blocking_miss	US	Bay Charter School LLC	1400 Samuels Loop, Coxs Creek, KY	Bay Charter Schul LLC		0
2	S1-133117972	S3-993686037	blocking_miss	India	Bright Exports Private Limited	Panipat, Haryana, Padav Mohalla, Gulati Road, Samalkha, Dr Dayanand H No 432/2 F	Bright Exports Private Limited		0
2	S1-12652343	S3-273638795	false_negative	US	QJ Microelectronics LLC	2881 Dewey Drive, Williams, AZ	QJ Microelectronics		1
2	S1-329925128	S3-512059515	singleton_false_merge	India	Startup Sharma Center	H No 5-20, Villa No. 46A, Emerald Park, Venkatapuram, Ghatkesar, Rangareddy, Telangana	Startup Sharma Center Overseas Corp	H No 5-33, Ghatkesar, Rangareddy, TG	1
2	S1-206626960	S3-218310908	blocking_miss	US	Atlantic Desert Electricity LLC	62 Clinton Street, Sleepy Hollow, NY	@at1anticdesert	62. Clinton St, Tarrytown, New York	0
2	S1-26512633	S2-988349460	false_negative	US	Joseph's Vanguard Massage	3888 Araby Road, Golden Valley, AZ	Joseph's Vánguard Massage		1
2	S1-977179271	S2-915474068	false_positive	US	Miro's Restaurant, LLC	KS, 1834 Garfield Avenue, Baxter Springs	MIRO'S RÉSTAURANT, LLC		1
2	S1-977179271	S2-344852776	false_negative	US	Miro's Restaurant, LLC	KS, 1834 Garfield Avenue, Baxter Springs	Miro's LLC Center		1
2	S1-253452616	S2-462198286	blocking_miss	India	Life Software Private Limited	Unit No 211, 2Nd Floor, Gold City, Plot No 11, Sector 19D, Vashi, Navi Mumbai, Thane, Maharashtra	लाइफ सॉफ्टवेयर प्राइवेट लिमिटेड	UNIT NO 2-11, null, THANE, NAVI MUMBAI, Maharashtra	0
2	S1-396846559	S2-808565275	false_negative	US	Bright Rising LLC	1311 34th Street, Tyler, TX	CALOJAXPYRA	1311 34TH ST, TYLER TOWNSHIP, TX	1
2	S1-759175006	S2-470237378	false_negative	India	Engineering Aryavart Financial Private Limited	C/O Umme Nazema Begum, Abdul Azim, Malkapur, Sangrampur, Buldhana, Maharashtra	Engineering Araart Financial Private Private Limited	NO. 105 C/O UMME NAZEMA BEGUM, ABDUL AZIM, MALKAPUR, SANGRAMPUR, Maharashtra	1
2	S1-916225296	S2-713813009	false_negative	US	Better Muniholdings	1599 Newland Ridge Road, Waverly, OH	Better Muniholdings LLC		0
2	S1-774970064	S3-600332272	blocking_miss	India	Super Investments	New Delhi, Delhi, A-377, South Delhi, Basement, Defence Colony	सुपर इन्वेस्टमेंट्स	A-37, New Delhi, South Delhi, दिल्ली	0
2	S1-224224932	S3-911431062	blocking_miss	India	Creative Estate Private Limited	No.50/1, Swathika Avenue, Chinnamettupalayam, Coimbatore North, Coimbatore, Tamil Nadu	creativeestateprivate.com	No.50/1, Coimbatore North, Cheranmanagar, TN	0
2	S1-317115671	S2-370619970	false_negative	India	Ascon Foundation Company	Office No. 108, (Block B), Corporate House, 169 R.N.T. Marg, Indore, Madhya Pradesh	Center Ascon Company	OFFICE NO. 10, (BLOCK B), CORPORATE HOUSE, 169 R.N.T. MARG, INDORE, Madhya Pradesh	1
2	S1-682275400	S2-778032787	false_negative	US	Ear Nose & Throat Modern Group	678 Marion Avenue, Southington, CT	EAR NOSE & THROAT MODERN GROUP		1
2	S1-391080043	S2-706245211	blocking_miss	India	Jai Traders LLP	No: 1115, Level-2, 23Rd Cross, 23Rd Main, Sector-2, Hsr Layout, Bangalore, Karnataka	M/s jtraders.c0m	NO: 1115, BANGALORE, Karnataka	0
2	S1-391080043	S2-999532794	blocking_miss	India	Jai Traders LLP	No: 1115, Level-2, 23Rd Cross, 23Rd Main, Sector-2, Hsr Layout, Bangalore, Karnataka	Jai Traders L.L.P.		0
2	S1-890261265	S3-189191698	false_negative	India	Smart Consulting Private Limited	C/O Bibi Ajmeri, W/O Md Murshid Alam At: - Farsara, Po Dalkhola, Ward No: 16, West Bengal, Uttar Dinajpur, West Bengal	স্মার্ট কনসাল্টিং প্রাইভেট লিমিটেড	Hn 181 C/o Bibi Ajmeri, West Bengal, Uttar Dinajpur, WB	1
2	S1-592870153	S2-712649835	false_positive	India	Kritaya Marketing LLP	No.1 A Rkhbcs, 18Th Mainpamanabhanagar Bangalore., Bangalore, Karnataka	LLP Kritayi Marketing	NO.#1 A RKHBCS, 18TH MAINPAMANABHANAGAR BANGALORE., BANGALORE, Karnataka	1
2	S1-332806152	S3-60974194	false_positive	US	Shaw, Ailyn, CPA, PC	6076 Muck Road, Rome, NY	Shaw, Shaw, Ailyn, CPA, [PC]		1
2	S1-332806152	S3-782186946	false_negative	US	Shaw, Ailyn, CPA, PC	6076 Muck Road, Rome, NY	Umbrahaloveo	6076c Muck Road, Rome, New York	1
2	S1-205391258	S3-582899269	false_negative	India	Biz & Co	232, 11Th Main Road, 3Rd Phase Peenya Industrial Area, Bangalore, Karnataka	Onyxnex	232, 11Th Main Road, 3Rd Phase Peenya Industrial Area, Bangalore, ಕರ್ನಾಟಕ	1
2	S1-84388975	S2-64744826	false_negative	US	Great Equity LLC	931 Gettysburg Drive, Unit 1, Cheyenne, WY	6reat LLC-Center	931 GETTYSBURG DR, CHEYENEN CITY, WY	1
2	S1-849148953	S3-404327158	false_positive	India	Marque Academy	Vasudeo Smruti 48Rajendra Nagar, Pune, Maharashtra	Marque Academy		1
2	S1-849148953	S3-812638975	false_negative	India	Marque Academy	Vasudeo Smruti 48Rajendra Nagar, Pune, Maharashtra	Marque-Services	Vasudeo Smruti 048Rajendra Nagar, Pune, MH	1
2	S1-344595742	S3-38238258	blocking_miss	US	O+ Biomedical LLC	29950 Aztec Circle, Breezy Point, MN	O+ Bfaocdecal LLC	9950 Aztec Circle, Pequoot Lakes CDP, Minnesota	0
2	S1-344595742	S3-616461145	blocking_miss	US	O+ Biomedical LLC	29950 Aztec Circle, Breezy Point, MN	O+-Biomedical LLC	9950 Aztec Circle, Pequoot Lakes CDP, Minnesota	0
2	S1-149731044	S3-128980823	false_negative	India	Delhi Ro Pvt Ltd	C-3/119, Ground Floor, Nr Prudence School, Ph-2, Delhi, North West Delhi, Delhi	Delhi Ro Pvt		1
2	S1-149731044	S3-262782947	false_negative	India	Delhi Ro Pvt Ltd	C-3/119, Ground Floor, Nr Prudence School, Ph-2, Delhi, North West Delhi, Delhi	Delhi Ro Pvt		1
2	S1-81007645	S3-308343706	false_negative	US	Pediatric Specialists LLC	5721 Brambleton Avenue, Raleigh, NC	Pediatric Specialists	5381 Brambleton Ave, Raleigh, North Carolina	1
2	S1-84741595	S2-986661630	blocking_miss	India	Indian Technology Limited	I Floor, Chennai, Tamil Nadu, Chennai 600 001, Catholic Centre, 64, Armenian Street Chennai 600 001	இந்தியன் டெக்னாலஜி லிமிடெட்	I FLOOR, CHENNAI 600 001, CHENNAI, தமிழ்நாடு	0
2	S1-390436199	S2-910764052	false_positive	US	Robinett Bread P.C.	ND, Fargo, 3210 40th Avenue	Robinett Bread L.L.C.	3215 40TH AVE, N/A, FARGO, ND	1
2	S1-390436199	S2-802482438	false_negative	US	Robinett Bread P.C.	ND, Fargo, 3210 40th Avenue	Robinett P.C. Center	40TH AVE, null, FARGO CIITY, ND	1
2	S1-936736561	S2-823782765	false_negative	India	Virudhunagar Technology Private Limited	Old No.3/66, New No. 309, East Street Kiliyur, Ulundurpettai, Villupuram District, Villupuram, Tamil Nadu	Virudhunagar Private Limited Services		1
2	S1-402135803	S3-618771799	blocking_miss	US	Piedmont Guild	2135 Elden Avenue, Unit 1, Costa Mesa, CA	Piedmont 6uild		0
2	S1-413164066	S2-765611536	blocking_miss	US	Westlake Equity Partners	8522 Iowa Place, Four Square Mile, CO	West1ake Equity Partners		0
2	S1-876526466	S2-267704266	blocking_miss	India	New Trading	887, Rewari, Haryana, Ground Floor, Sector-3	न्यू ट्रेडिंग	हरियाणा, 88, REWARI, GROUND FLOOR, SECTOR-3	0
2	S1-76647687	S3-266979366	false_negative	India	Properties Swarajya Projects LLP	C/O Nilesh Baburao Pachde, Bhuibar Petrol Pump, Hivarkhed Road, Akola, Akola, Maharashtra	Properties Swarajya	No. 897 C/o Nilesh Baburao Pachde, Akola, MH	1
2	S1-871305019	S3-261369670	false_negative	India	Mega Traders Private Limited	E/901, Supertech Eco Citi, Sector 137, Noida, Noida, Gautam Buddha Nagar, Uttar Pradesh	Rizaverajax	E/901, Noida, Gautam Buddha Nagar, Uttar Pradesh, Supertech Eco Citi, Sector 137, Noida	1
2	S1-871305019	S3-314680660	false_negative	India	Mega Traders Private Limited	E/901, Supertech Eco Citi, Sector 137, Noida, Noida, Gautam Buddha Nagar, Uttar Pradesh	Shri Mega Traders Private Limited	Noida, उत्तर प्रदेश, Gautam Buddha Nagar, E/01	1
2	S1-1655596	S2-216631287	false_negative	US	Pruitt, Ethelind G., Ph.D.	8 Heather Court, Brookhaven, NY	Pruitt, Ethlmgnd G., Ph.D.		0
2	S1-1655596	S3-269833602	false_negative	US	Pruitt, Ethelind G., Ph.D.	8 Heather Court, Brookhaven, NY	Fayeecto	New York, Brookhaven, 8 Heather Ct	1
2	S1-1655596	S3-933664498	blocking_miss	US	Pruitt, Ethelind G., Ph.D.	8 Heather Court, Brookhaven, NY	Pruittethelindg.Com	Centereach, New York, 8 Heathre Ct	0
2	S1-266079885	S3-703018009	false_negative	India	DYV Medical Private Limited	H.No.69 Bhawani Dham, Ph Ii By Pass Road, Huzur, Bhopal, Madhya Pradesh	DYV Medical Private Ltd		1
2	S1-678309186	S3-508543285	false_negative	India	Life Solutions	52-B, Nalanda, 62, Pedder Road, Mumbai, Maharashtra	M/s ... Life S0lutions	52-B, Pedder Road, Mumbai, MH	1
2	S1-678309186	S3-943185354	false_negative	India	Life Solutions	52-B, Nalanda, 62, Pedder Road, Mumbai, Maharashtra	Life Solutions Company		0
2	S1-393195871	S2-428079175	blocking_miss	US	Physical Therapy Care Associates LLC	3759 Ribbon Hill Lane, Spring, TX	ptcare.com	SPRING, TX, PO BOX 5503, 3759 RIBBON HILL LN	0
2	S1-458837657	S2-400798085	false_positive	US	Banks, Villafana and Williams LLC	13 Bradshaw Court, Silver Spring, MD	Veoevoecto	13 BRADSHAW COURT, SILVER SPRING, MD	1
2	S1-480512917	S3-677604135	false_negative	US	Primary Care Associates Inc	Chanhassen, 7220 Galpin Boulevard, MN	Primary Care Ássociates	Minnesota, 709 Galpin Boulevard, NULL, Chanhassen	1
2	S1-27176973	S3-710342407	blocking_miss	India	High Super Healthcare	3548/A/B, S/F, T/F, Choksi Bazar Nr Share Bazar, Manek Chowk, Ahmedabad, Gujarat	હાઇ સુપર હેલ્થકેર	3548/A/B, Ahmedabad, GJ	0
2	S1-83424493	S2-77367233	false_negative	US	Silver Barbershop	3140 Lin Tel Road, Fl 0, Saint Louis, MO	Silver Barbershop Corp	3140 LIN TEL ROAD, PMB 7577, MEHLVILLE, MO	1
2	S1-28364904	S2-22975950	false_negative	India	Barrackpur - I Services Private Limited	43, Bharat Chandra Roy, Path, Ganguli Para, Barrackpur - I, North 24 Parganas, West Bengal	Barrackpur - I Services Private	43., BHARAT CHANDRA ROY, PATH, GANGULI PARA, BARRACKPUR - I, West Bengal	1
2	S1-28364904	S3-36399071	false_negative	India	Barrackpur - I Services Private Limited	43, Bharat Chandra Roy, Path, Ganguli Para, Barrackpur - I, North 24 Parganas, West Bengal	Barrackpur - I Services Private Ltd		1
2	S1-240975715	S2-831595570	blocking_miss	India	Services Aruna Technologies Private Limited	P-124, Ground Floor, Safeena Street, Nafees Road, Gali No. 1, Batla House, Jamia Nagar, Okh, La, New Delhi, South Delhi, Delhi	Nylaxylo	PLOT 597 P-124, NEW DELHI, SOUTH DELHI, Delhi	0
2	S1-83259227	S3-664635186	false_negative	India	Happy Solutions Private Limited	72-1813/5, Flat 447, Vasavis Indraprastha Street No.1, Czech Colony, Sanath Nagar, Hyderabad, Telangana	Happy Private Limited Partners	72-1813/5, Hyderabad, TG	1
2	S1-984563455	S3-18020247	false_negative	India	Spp Distributors Center	Plot No-N -3/423, Irc Village Nayapalli, Bhubaneswar, Khordha, Orissa	Smt Spp Center Distributors	OD, Khordha, Bhubaneswar, Plot No-n -3/42	1
2	S1-972701312	S2-772017696	false_negative	US	DU Piedmont Patriot LLC	5209 Fox Hunt Drive, Unit G, Greensboro, NC	DU Piedmont		1
2	S1-646245900	S2-728581192	false_negative	India	Serene Buildtech Pvt Ltd	Ar-1, H-87, Sector 3, Thane, Maharashtra	Sri SERENE BUILDTECH PVT		1
2	S1-646245900	S2-890331734	false_negative	India	Serene Buildtech Pvt Ltd	Ar-1, H-87, Sector 3, Thane, Maharashtra	Pvt 5erene Buildtech Ltd	AR-1, THANE, MUMBAI METRO, Maharashtra	1
2	S1-646245900	S3-583792504	blocking_miss	India	Serene Buildtech Pvt Ltd	Ar-1, H-87, Sector 3, Thane, Maharashtra	Ciraavionyx	Ar-1, H-87, Sector 3, Thane, महाराष्ट्र	0
2	S1-857273462	S3-953898179	false_negative	US	Behavioral Health Care Inc.	6181 Land Park Drive, Sacramento, CA	hbcare.com	6181-D Land Park Dr, Sacramento, California	1
2	S1-876763734	S2-366471923	false_positive	India	Swastik Infra Private Limited	Plot 2, North West Delhi, Delhi, Floor 2, Rohit Kunj, Local Shopping Center	SWASTIK INFRA FOODS PRIVATE	PLOT 0023, FLOOR 2, ROHIT KUNJ, LOCAL SHOPPING CENTER, DELHI, Delhi	1
2	S1-839057225	S2-675422650	false_negative	India	Al & Sons Co	Thiruvananthapuram, Kerala, Jawahar Nagar, Kowdiar Post, Ob-6, Trivandrum	M/s Al &-Sdls Co	DOOR NO 1-47 OB-6, JAWAHAR NAGAR, KOWDIAR POST, THIRUVANANTHAPURAM, Keralam	1
2	S1-830387546	S3-302728699	false_positive	India	Al Producer Private Limited	Plot No Gen 2/1/C, Gala No 33 Bilding No 1B, Thane, Maharashtra	अल केयर प्राइवेट लिमिटेड	Plot No Gen 2/2/C, Gala No 33 Bilding No 1B, Thane, null, MH	1
2	S1-830387546	S3-953164342	false_negative	India	Al Producer Private Limited	Plot No Gen 2/1/C, Gala No 33 Bilding No 1B, Thane, Maharashtra	Shri Al Producer Limited Services		0
2	S1-525095911	S2-507134335	false_positive	US	Dental Allied Care Associates	4638 Fawnbrook Circle, Raleigh, NC	CARLSON, ANEOW & ONEAL ALLEGRO	4638 FAWNBROOK CIR, RALEIGH, NC	1
2	S1-730399373	S2-149185741	false_negative	US	Empire All Ares	Fairfax County, 4711 Apple Tree Drive, VA	EMPIRE ALL ANR	4710 APPLE TREE DRIVE, ALEXANDRIA, VA	1
2	S1-993535741	S3-98075579	false_negative	US	Superior Broadcast Laboratories LLC	652 Aden Road, Liberty, NY	Superior-Broadcast Laboratories	666 Anen Road, Liberty, New York	1
2	S1-955137466	S3-732777093	false_negative	US	Harbor Charities V Inc	6 Cedar Valley Place, Unit CONDO 202, Essex, MD	Inc Harb0r Charities V	4 Cedar Valley Pl, Essex, Maryland	1
2	S1-96551386	S3-306593849	blocking_miss	India	Creative India Pvt. Ltd.	House No 257(K) Near Primary School, Khardi Mahad Raigadh, Mahad, Raigarh, Maharashtra	Mr Creative India Pvt Ltd		0
2	S1-649101912	S3-231568540	false_positive	US	Florie Rhodes Colonial Pantages LLC	13907 Findlay Avenue, Apple Valley, MN	Florie Rhodes Colonial Pantages LLC		1
2	S1-649101912	S3-566108901	false_negative	US	Florie Rhodes Colonial Pantages LLC	13907 Findlay Avenue, Apple Valley, MN	Florie Rhodes Colonial Pantages		1
2	S1-482249197	S3-621082945	false_negative	US	Savage Ear Nose & Throat Pacific Center	12508 Boone Avenue, Savage, MN	eamose.com	12508 Boone Ave, Savage, Minnesota	1
2	S1-399864103	S2-126953053	blocking_miss	US	Nguyen Connecticut LLC	8071 Station Landing Way, Midvale, UT	cnguyen.com	8071A STATION LANDING WAY, SANDY, UT	0
2	S1-399864103	S2-513153347	blocking_miss	US	Nguyen Connecticut LLC	8071 Station Landing Way, Midvale, UT	KORVANTAGE	STATION LANDING WAY, SANDY, UT	0
2	S1-399864103	S3-751602611	blocking_miss	US	Nguyen Connecticut LLC	8071 Station Landing Way, Midvale, UT	nguyenconnecticut.com	8073 Station Landing Way, Sandy CDP, Utah	0
2	S1-425697028	S3-526256016	false_negative	US	Arruda Network VI LLC	7453 Deerwood Drive, Pulaski County, VA	Arruda VI LLC Service		1
2	S1-150731953	S2-816114263	false_negative	US	Foundry Post	100 Daly Boulevard, Unit Apartment 2604, Hempstead, NY	Foundry Post Inc		1
2	S1-467484165	S3-640207666	false_negative	India	Khatunaresh Solutions Private Limited	Plot No.22, Sai Valmiki Nagar, Gandhamguda, Bairagiguda, Hyderabad, Telangana	Khatunaresh 5olutions Private Limited		1
2	S1-948861437	S3-659863035	blocking_miss	US	L/A Healthcare	804 Foxgrove Drive, Fairview Heights, IL	L/A Healthcare		0
2	S1-839097292	S3-850807448	false_negative	US	Stevana Robinson Evo Corp	Kingman, KS, 1623 Main Street	Stevana Robinson Evo Corp		1
2	S1-436568789	S2-141893686	blocking_miss	India	Classic Global Private Limited	No.21, 6Th Cross, Gurumurthy Road Lingarajapuram Extension, Kammanahalli, Bangalore, Karnataka	ಕ್ಲಾಸಿಕ್ ಗ್ಲೋಬಲ್ ಪ್ರೈವೇಟ್ ಲಿಮಿಟೆಡ್	NO.21, BANGALORE URBAN, BANGALORE, ಕರ್ನಾಟಕ	0
2	S1-436568789	S2-592954839	blocking_miss	India	Classic Global Private Limited	No.21, 6Th Cross, Gurumurthy Road Lingarajapuram Extension, Kammanahalli, Bangalore, Karnataka	ಕ್ಲಾಸಿಕ್ ಗ್ಲೋಬಲ್ ಪ್ರೈವೇಟ್ ಲಿಮಿಟೆಡ್	NO.21, BANGALORE URBAN, BANGALORE, Karnataka	0
2	S1-754143013	S2-934729008	false_negative	India	Deep & Associates	Shreepati Jewels (Ruby), Tower A, 402, 4Th Floor, Tatya Gharpure Marg, Gir, Gaon, Mumbai, Mumbai City, Maharashtra	Sri >> Deep + Asosiates	SHREEPATI JEWELS (RUBY), TOWER A, 402, 4TH FLOOR, TATYA GHARPURE MARG, GIR, GAON, MUMBAI CITY, MUMBAI, महाराष्ट्र	1
2	S1-648713273	S2-710966250	false_negative	US	F 4 C Osisko Inc	632 Koins Way, Bluffdale (sl Co), UT	F 4 C Osisko		0
2	S1-282422419	S3-463405420	false_negative	US	Gerry Askins Duke PLLC	574 Pickett Road, Signal Mtn, TN	Gerry Askins Duke	Pickett Rd, Signal Mountain CDP, Tennessee	1
2	S1-836531811	S3-488820602	false_positive	India	Vaayuora Infra Limited	135A, Chittaranjan Avenue 4Th Floor, Room No.39, Kolkata, Howrah, West Bengal	Vaayuoyx Infra Límited	H.no 14 135A, Chittaranjan Avenue 4Th Floor, Room No.39, Howrah, WB	1
2	S1-441568060	S2-535415069	false_negative	India	(india) Sync Finance Private Limited	Unit No 86 & 87, Sdf Iii, Seepz, Sez, Andheri (East), Mumbai, Mumbai City, Maharashtra	Limited (india) Sync Private Center	UNIT NO 8-6 & 87, MUMBAI CITY, MUMBAI, Maharashtra	1
2	S1-441568060	S2-93491705	false_negative	India	(india) Sync Finance Private Limited	Unit No 86 & 87, Sdf Iii, Seepz, Sez, Andheri (East), Mumbai, Mumbai City, Maharashtra	LIMITED (INDIA) SYNC PRIVATE PARTNERS	SDF III, SEEPZ, SEZ, ANDHERI (EAST), UNIT NO 8-6 & 87, MUMBAI, MUMBAI CITY, Maharashtra	1
2	S1-805368211	S2-739718612	false_negative	India	Kanaiya Trust	Rowhouseu-103, Mauliniwassector4, Airoli, Navi Mumbai, Mumbai City, Maharashtra	KANAIYA TRUST TRUST		1
2	S1-817139080	S2-663924663	false_negative	India	Meenaya Food Private Limited	Sapphire Gardens, Fl No-G, Kanjialpara, Bl-2, Kanjialpara, Parganas North, West Bengal	Meenaya Food Private (ID: 56960)	HN 652 SAPPHIRE GARDENS, FL NO-G, KANJIALPARA, BL-2, KANJIALPARA, West Bengal	1
2	S1-66147821	S3-32960722	false_negative	US	Primary Care Ace Health Inc	31 Copiague Street, Valley Stream, NY	Primary Care Ace Health Inc Federation	Copiague Street, Vally Stream CDP, New York	1
2	S1-965512291	S2-435752539	false_negative	US	Tilodyne Zhejiang	777 Old Country Road, Unit Suite 1, Oyster Bay, NY	Syndrex	77 OLD COUNTRY ROAD, OYSTER BAY, NY	1
2	S1-252752565	S3-116143728	blocking_miss	US	United Offshore LLC	50 Charter Oaks Drive, Unit Unit 3, Amherst, NY	Unitedoffshore.Com	70 Charter Oaks Drive, Unit Unit 3, Buffalo, New York	0
2	S1-252752565	S3-990639854	blocking_miss	US	United Offshore LLC	50 Charter Oaks Drive, Unit Unit 3, Amherst, NY	unitedoffshore.com	New York, Amherst, Charter Oaks Drive, # Unit 3	0
2	S1-408988194	S3-403503108	false_negative	India	Ss Ram Consultants Private Limited	C-9/102, Sector-8, Rohini, North Delhi, Delhi	Ss Ram Consultants Private		1
2	S1-408988194	S3-844549764	blocking_miss	India	Ss Ram Consultants Private Limited	C-9/102, Sector-8, Rohini, North Delhi, Delhi	एसएस राम कंसल्टेंट्स प्राइवेट लिमिटेड	C-9/102, North Delhi, Rohini Sector Twenty Four, DL	0
2	S1-928801445	S3-792779702	false_negative	US	Flynn Green Marine	2847 Anita Avenue, Baton Rouge City, LA	Flynn Green		1
2	S1-239978548	S2-918170052	false_negative	India	Premia (India) Innovative Private Limited	502 Rock Enclave Blog No. 1A, Kandivali West Opp. Joy Ice Cream Nr Hindustan Naka, Mumbai, Mumbai City, Maharashtra	Premia Innovative Private Limited Center		1
2	S1-239978548	S3-169980777	blocking_miss	India	Premia (India) Innovative Private Limited	502 Rock Enclave Blog No. 1A, Kandivali West Opp. Joy Ice Cream Nr Hindustan Naka, Mumbai, Mumbai City, Maharashtra	Premia (Ibndi)a Innovative Private Limited		0
2	S1-419720114	S2-423014304	false_negative	India	Associated Charitable Trust	Howrah, 413 G T Road Northpilkhana Golabari, West Bengal, Howrah	M/s Associated Charitable Trust Company		1
2	S1-517280417	S2-641487337	false_negative	India	Classic Jay Constructions Limited	Flat No 26, 7-1-80, 3Rd Floor, Khemson Appartments, Anna Dorai Chowdary Street, Ameerpet, Secunderabad, Hyderabad, Telangana	క్లాసిక్ జై కన్‌స్ట్రక్షన్స్ లిమిటెడ్	H.NO 27, 7-1-80, 3RD FLOOR, KHEMSON APPARTMENTS, ANNA DORAI CHOWDARY STREET, AMEERPET, SECUNDERABAD, HYDERABAD, Telangana	1
2	S1-763744129	S2-295964748	false_negative	India	Classic Trading Private Limited	Bahrauli Kursi District Barabanki, Barabanki, Uttar Pradesh	क्लासिक ट्रेडिंग प्राइवेट लिमिटेड	#485 BAHRAULI KURSI DISTRICT BARABANKI, BARABANKI, FATEHPUR, Uttar Pradesh	1
2	S1-756378221	S2-624293261	false_positive	India	Bharat Care Private Limited	Indore, 164/2, Madhya Pradesh, Indore, Shyam Tower R.N.T. Marg	भारत एस्टेट प्राइवेट लिमिटेड	164/3, SHYAM TOWER R.N.T. MARG, INDORE, Madhya Pradesh	1
2	S1-596577194	S2-522806942	false_negative	India	Energy Dayma Industries Ltd	No. 1628-A, Kalpavruksha, 27Th Main Road, 24Th Cross, Hsr Layout, Bangalore South, Bangalore, Karnataka	Energy Dayma Industries Ltd		1
2	S1-596577194	S3-703830413	blocking_miss	India	Energy Dayma Industries Ltd	No. 1628-A, Kalpavruksha, 27Th Main Road, 24Th Cross, Hsr Layout, Bangalore South, Bangalore, Karnataka	Energy Daaa Industries Ltd	No. 1628-A, Bangalore South, Bangalore, KA	0
2	S1-319378151	S2-66416771	false_negative	US	Janie Donahue Permian Inc	3920 Center Road, Unit 2-A, Mead, WA	janie donahue permian inc		1
2	S1-319378151	S3-593298465	false_negative	US	Janie Donahue Permian Inc	3920 Center Road, Unit 2-A, Mead, WA	Janie Donahue Inc Center	920 Center Road, Mead, Washington, Unit 2-A	1
2	S1-195796333	S2-457075278	blocking_miss	India	Urban Fortune Products Limited	A 21, 22 Industrial Area, Bijoli, Jhansi, Uttar Pradesh	अर्बन फॉर्च्यून प्रोडक्ट्स लिमिटेड	HN 00139 A 21, JHANSI, <NULL>, Uttar Pradesh	0
2	S1-104782083	S3-101311092	blocking_miss	India	Eastern Projects Private Limited	60/11, 2Nd Floor, Old Rajinder Nagar, New Delhi, Central Delhi, Delhi	ईस्टर्न प्रोजेक्ट्स प्राइवेट लिमिटेड	No. 964 60/11, New Delhi, Central Delhi, DL	0
2	S1-428507508	S2-166994080	false_negative	US	Alecia Jones For PC	3721 Pecan Court, Waldorf, MD	ajones.com	3721 PECAN CT, WALDORRF, MD	0
2	S1-336372427	S2-995666013	false_negative	US	Village Of Butler Pediatric Dentistry Group	5550 Park Drive, Village Of Butler, WI	Village Of Butler Pediatric Group Service		1
2	S1-717427875	S2-78260585	false_positive	India	Delhi Properties Private Limited	Delhi, F No. 15, Delhi, North West Delhi, Kh No. 34/24/1, Gali No. 10 Sanjay Colony	De1hi Pharma Private Limited	F NO. 24/5, KH NO. 34/24/1, GALI NO. 10 SANJAY COLONY, DELHI, NORTH WEST DELHI, Delhi	1
2	S1-945567153	S3-406308063	false_negative	US	Solis Broadband LLC	6831 Oaklawn Way, Fair Oaks, CA	Solis Broadband (LLC) | www.solisbroa.com		1
2	S1-778456014	S2-923224456	false_positive	India	Tot Network Company	Mahuva, Bhavnagar, Behind Kings Cold Storage, Mahuva-Bhavnagar Highway, Mahuva, Revenue Survey No. 190P1/P1 & 190P1/P2, Gujarat	Tot LLP Nétwork	REVENUE SURVEY NO. 190P1/P1 & 190P1/P9, BEHIND KINGS COLD STORAGE, MAHUVA-BHAVNAGAR HIGHWAY, MAHUVA, MAHUVA, Gujarat	1
2	S1-200728249	S3-256433872	blocking_miss	India	Ashwin Baba Pvt. Ltd.	No. 10, 1St Cross, 3Rd Floor, Lalbagh Road, Bangalore South, Bangalore, Karnataka	Ashwin Baa-Pvt. Ltd. | www.ashwinbaa.com	3-10, Bangalore, Bangalore South, KA	0
2	S1-160082742	S2-387949306	false_negative	US	Continental Staking	1800 6th Street, Little Rock, AR	CONTINENTAL STÁKING		1
2	S1-358915455	S2-5771660	false_negative	US	American Committee	486 Chandler Street, Tewksbury, MA	American Committee		0
2	S1-295629503	S2-540897008	blocking_miss	India	Sai Impex Private Limited	Shop No. 24, Nutan Chemical Industries, Walbhat Rd Goregaon Road Goregaon East Nr Jawahar N, Agar Fatak, Mumbai, Mumbai City, Maharashtra	साईं इम्पेक्स प्राइवेट लिमिटेड	SHOP NO. A-24, GREATER MUMBAI, MUMBAI CITY, Maharashtra	0
2	S1-684708274	S3-11852511	blocking_miss	India	Sach Sangh	Ballia, Uttar Pradesh, Ballia, Malipur Gauwapar, Ballia, H.No.45	Sach Sangh C0rp		0
2	S1-845043242	S3-939023777	false_negative	India	Paras City E-3 Arera Colony Home Limited	Madhya Pradesh, Flat No A/5/0004, Paras City E-3 Arera Colony, Bhopal	Paras City E-3 Arera Co1ony	#723 Flat No A/5/0004, Paras City E-3 Arera Colony, Bhopal, MP	1
2	S1-424540462	S2-892083530	false_negative	India	YM Agro Private Limited	Flat No.504, Sree Balaji Heights, Hyd, Hyderabad, Telangana	YM Agro Private Ltd		1
2	S1-424540462	S3-46699666	false_negative	India	YM Agro Private Limited	Flat No.504, Sree Balaji Heights, Hyd, Hyderabad, Telangana	YM Agro	No 504, Hyd, Kapra Municipality, TG	1
2	S1-421916331	S3-218671971	false_negative	US	Pioneer Choice Urban	City Of Holladay, 3929 Pine Tree Drive, UT	Pi0neer Cetee Urban	929 Pine Tree Dr, Salt Lake City, Utah	1
2	S1-387275300	S2-923394716	false_negative	India	Southern International Private Limited	Shree Darshan Palace, Fl-101, Opp Gol Coin Appt, Rajkot, Gujarat	સધર્ન ઇન્ટરનેશનલ પ્રાઇવેટ લિમિટેડ	##121 SHREE DARSHAN PALACE, RAJKOT, Gujarat	1
2	S1-201498107	S2-708928188	false_negative	India	New Consultancy Limited	Sy. No. 2580/2581, Fp 256 Tps 5, Plot 2, Gr. Fl., Premvila Bunglows, Parle Point, Athwalin, Es, Surat, Gujarat	ન્યૂ કન્સલ્ટન્સી લિમિટેડ	SY. NO. 2580/2581, SURAT, ગુજરાત	1
2	S1-201498107	S3-241015035	false_negative	India	New Consultancy Limited	Sy. No. 2580/2581, Fp 256 Tps 5, Plot 2, Gr. Fl., Premvila Bunglows, Parle Point, Athwalin, Es, Surat, Gujarat	ન્યૂ કન્સલ્ટન્સી લિમિટેડ	Sy. No. 2580/2581, Surat, GJ	1
2	S1-51762799	S3-244522153	false_negative	US	Jennings Holdings Group	712 Hempstead 40, Mccaskill, AR	jennings holdings group		1
2	S1-786246586	S2-720390853	false_negative	US	Butts, Chao and Matthews	3321 Sunnyside Avenue, Phoenix, AZ	Butts, Chao and Mattheews		1
2	S1-786246586	S3-233329552	false_negative	US	Butts, Chao and Matthews	3321 Sunnyside Avenue, Phoenix, AZ	Butts, Butts, Chao		1
2	S1-222223063	S2-668121368	false_positive	India	Ziravi Solutions LLP	149, Cotton Street Burra Bazar, Kolkata, Howrah, West Bengal	Ziravia Solutions (LLP)	149, COTTON STREET BURRA BAZAR, KOLKATA, পশ্চিমবঙ্গ	1
2	S1-222223063	S3-720843415	false_negative	India	Ziravi Solutions LLP	149, Cotton Street Burra Bazar, Kolkata, Howrah, West Bengal	Ziravi Slutinos LLP	G-149, Howrah, null, পশ্চিমবঙ্গ	1
2	S1-333475777	S2-785436433	blocking_miss	US	Straight Edge Book Store	517 Heritage Springs Trail, Round Rock, TX	STRAIGHTEDGEBOOK.COM	517 HERITAGE SPRINGS TRL, ROUND OCK CITY, TX	0
2	S1-639876573	S2-323455977	blocking_miss	India	Green Properties Limited	B 1 602, Marathon Innova, Lower Parel (West), Mumbai, Mumbai City, Maharashtra	ग्रीन प्रॉपर्टीज लिमिटेड	MUMBAI, MUMBAI CITY, B 1 602, महाराष्ट्र	0
2	S1-639876573	S2-661810766	blocking_miss	India	Green Properties Limited	B 1 602, Marathon Innova, Lower Parel (West), Mumbai, Mumbai City, Maharashtra	ग्रीन प्रॉपर्टीज लिमिटेड	B 1 602, MUMBAI, MUMBAI CITY, Maharashtra	0
2	S1-639876573	S3-836628863	blocking_miss	India	Green Properties Limited	B 1 602, Marathon Innova, Lower Parel (West), Mumbai, Mumbai City, Maharashtra	Green Properties Ltd	Mumbai, Block G-884. B 1 602, NULL, MH	0
2	S1-548891240	S3-782026153	blocking_miss	India	City Estate Private Limited	Telangana, 10-3-3/8/5 E M Pa, Secunderabad, Hyderabad	సిటీ ఎస్టేట్ ప్రైవేట్ లిమిటెడ్	10-3-3/8/5 E M Pa, Hyderabad, Secunderabad, TG	0
2	S1-570640656	S2-431019801	false_negative	India	Hari Consultancy Pvt Ltd	B1, Old 6/1, New 10/1, Seethammal Colony Ii Cross St., Teyanamp, Et, Chennai, Tamil Nadu	ஹரி Consultancy பிரைவேட் லிமிடெட்	B1, CHENNAI CITY REGION, CHENNAI, Tamil Nadu	1
2	S1-570640656	S2-583864573	blocking_miss	India	Hari Consultancy Pvt Ltd	B1, Old 6/1, New 10/1, Seethammal Colony Ii Cross St., Teyanamp, Et, Chennai, Tamil Nadu	ஹரி கன்சல்டன்சி பிரைவேட் லிமிடெட்	B1, CHENNAI CITY REGION, CHENNAI, Tamil Nadu	0
2	S1-711216931	S2-586337179	blocking_miss	US	Highland Drugs	Hoffman Estates, IL, 2360 Hassell Road	HIGHLAND DFS		0
2	S1-824193020	S3-745484268	false_negative	India	Kanti Capital Private Limited	454, Newdhandighi Professor Colony, Contai, Midnapore, West Bengal	Ciragild	454, Midnapore, Newdhandighi Professor Colony, Contai, West Bengal	1
2	S1-674491934	S3-448557995	blocking_miss	US	Behavioral Health Express Clinic Inc.	28 Fulton Street, Hampton City, VA	behavioralhealthexpress.com	28 Fulton Street, Hampton, Virginia	0
2	S1-423371583	S2-393008271	false_positive	India	Bangalore North Rachna Pvt. Ltd.	No. 2, 3Rd Cross, Muneshwara Block, Bangalore North, Bangalore, Karnataka	#BANGALORENORTH	H.NO 23/B , 5TH CROSS, MUNESHWARA LAYOUT, BANGALORE NORTH, Karnataka	1
2	S1-423371583	S3-337106428	blocking_miss	India	Bangalore North Rachna Pvt. Ltd.	No. 2, 3Rd Cross, Muneshwara Block, Bangalore North, Bangalore, Karnataka	Bangalore-North Rascda Pvt. Ltd.	No. C-2, Bangalore, Bangalore North, ಕರ್ನಾಟಕ	0
2	S1-334854364	S2-283827819	false_negative	US	Summit Prime Argentina	79 Bearskin Neck, Rockport, MA	Summit Prime Argentina Co	161 BEARSKIN NECK, ROCKPORT, MA	1
2	S1-962089860	S3-118476938	blocking_miss	US	Global Consulting	500 1/2 35 Service Road, Austin, TX	globalconsulting.com	Autin, Texas, 500 1/2 35 Service Road	0
2	S1-288101456	S2-570677526	false_positive	India	Freight Trading	Block A, Office 1607 To 1612, 16Th Floor, Navratna Corporate Park, Ambli Bopal Road, Opp. Jayantilal Park, Ahmadabad City, Ahmedabad, Gujarat	Freight Trading Private Limited	NO 33 BLOCK A, OFFICE 1607 TO 1612, 16TH FLOOR, NAVRATNA CORPORATE PARK, AMBLI BOPAL ROAD, OPP. JAYANTILAL PARK, AHMADABAD CIYT, ગુજરાત	1
2	S1-288101456	S3-501261579	blocking_miss	India	Freight Trading	Block A, Office 1607 To 1612, 16Th Floor, Navratna Corporate Park, Ambli Bopal Road, Opp. Jayantilal Park, Ahmadabad City, Ahmedabad, Gujarat	Mr Freight Tráding		0
2	S1-151632523	S3-980652470	false_negative	India	Good Software Private Limited	C/O Rajkumar Singh Yadav, Khatoura, Badarwas, Kolaras, Shivpuri, Madhya Pradesh	Shri G0od Software Private	C/o Rajkumar Sigh Yadav, Khatoura, Badarwas, Shivpuri, Kolaras, MP	1
2	S1-516431453	S2-860652294	false_negative	US	P 8 N Abrdn	2868 Jacob Street, Gilbert, AZ	P 8 N Abrdn LLC		1
2	S1-516431453	S3-937006901	false_negative	US	P 8 N Abrdn	2868 Jacob Street, Gilbert, AZ	p8n.com	2868 Jacob St, Gilbert, Arizona	1
2	S1-95097580	S2-166647024	false_negative	US	Platinum Design International Inc	1763 Ebenezer Road, Rock Hill, SC	Platinum [Design]		1
2	S1-661236526	S3-204693048	false_negative	US	E K & A Bakery	7768 Forked Deer Road, Nutbush, TN	Brixlyraflux	7768 Froked Deer Rd, Nutbush, Tennessee	1
2	S1-159082569	S3-912412677	false_negative	India	US Estate Private Limited	Mumbai, Maharashtra, Mumbai, 26Th Floor, F.No. B-2604, Celestia Spaces, Tj Road	Veravantage	26Th Floor, F.No. B-2604, Celestia Spaces, Tj Road, Mumbai, Maharashtra	1
2	S1-10027504	S3-599027983	false_negative	India	Lifeline Services Private Limited	82, Aman Vihar New Haider Ganj, Lucknow, Uttar Pradesh	Lifeline Sérvices Private Ltd		1
2	S1-60789715	S2-534492071	false_negative	US	Urban Hair Studio!	3912 Village View Lane, Unit 1, Cheyenne, WY	Urban Hair	VILLAGE VIEW LN, CHEYENNE, WY	1
2	S1-13851751	S2-447078570	false_negative	US	Urology Medicine	1529 Kingstream Circle, Fairfax County, VA	Urology Medicine Co	001533 KINGSTREAM CIRCLE, HERNDON, VA	1
2	S1-180521461	S2-379731727	false_negative	US	Electricians Local 27	130 Ridgewood Avenue, Brookhaven, NY	Electricians Local		1
2	S1-180521461	S3-66809057	blocking_miss	US	Electricians Local 27	130 Ridgewood Avenue, Brookhaven, NY	Electricianslocal27.Com	13 Ridgewood Avenue, Farmingville, New York	0
2	S1-269420033	S3-316089721	false_negative	US	Elise Tellez Metropolitan Micro Inc	10308 332nd Street, Roy, WA	Elise Tellez Metropolitan Inc Partners		1
2	S1-811257837	S2-828523788	false_negative	US	Cecelia Serrano, D.D.S., M.D., P.C.	315 Erie Street, Cuyahoga Falls, OH	Cecelia-Serrano, D.D.S., M.D., M.D., P.C. (ID: 58424)		1
2	S1-525169983	S2-896746050	false_negative	US	OKB Medical Inc	6924 Wolf Pond Road, Monroe, NC	DREXUMBRAZEPH	6924 WOLF POND RD, MONROE, NC	1
2	S1-316057045	S3-299740122	false_negative	India	Shekhar Metals (India) Private Limited	Flat 5 Santosh Apartments, 113/10A Prabhat Road, Pune, Maharashtra	Shekhar Metals (India) Private	Flat 4-5 Santosh Apartments, Pune, महाराष्ट्र	1
2	S1-457947300	S2-444039324	blocking_miss	India	Bharat Logistics Private Limited	Flat No 713, Sai Prasad Chs, Akruti Nirman Road No 7, Midc, Marod, Andheri East, Mumbai, Mumbai City, Maharashtra	भारत लॉजिस्टिक्स प्राइवेट लिमिटेड	FLAT NO 713, MUMBAI, MUMBAI CITY, Maharashtra	0
2	S1-457947300	S2-472328910	blocking_miss	India	Bharat Logistics Private Limited	Flat No 713, Sai Prasad Chs, Akruti Nirman Road No 7, Midc, Marod, Andheri East, Mumbai, Mumbai City, Maharashtra	भारत लॉजिस्टिक्स प्राइवेट लिमिटेड	713, MUMBAI, MUMBAI CITY, Maharashtra	0
2	S1-329973562	S2-320787560	false_negative	US	Advanced Media Systems	487 Audra Circle, Fl 0, Rhome, TX	ADVANCED MLTEA SYSTEMS		1
2	S1-796536157	S3-519178517	false_negative	US	Route 75 Grill	Quitman, 131 2168, TX	Rizahalo	131 2168, Quitman, TX	1
2	S1-796536157	S3-720326573	false_negative	US	Route 75 Grill	Quitman, 131 2168, TX	Route 75 Gleoirell		1
2	S1-427024867	S2-498225414	blocking_miss	India	Good Software Private Limited	C-1, Ncr Towers55, Huda Enclave Road No.70, Jubileehills, Hyderabad, Telangana	గుడ్ సాఫ్ట్‌వేర్ ప్రైవేట్ లిమిటెడ్	C-#1, JUBILEEHILLS, HYDERABAD, Telangana	0
2	S1-427024867	S3-656570392	blocking_miss	India	Good Software Private Limited	C-1, Ncr Towers55, Huda Enclave Road No.70, Jubileehills, Hyderabad, Telangana	gsprivate.com	C-1, Hyderabad, Jubileehills, తెలంగాణ	0
2	S1-521846302	S3-999806021	blocking_miss	India	First Hospitality Private Limited	B1/786Vasant Kunj, New Delhi, South Delhi, Delhi	First H0spitality Private Limited	B4-1/786vasant Kunj, New Delhi, South Delhi, दिल्ली	0
2	S1-559422763	S3-767340197	false_negative	India	Kaushik Trust	K. P. Aurum, Marol Maroshi Road, K.P Engineering Compound, Andheri (East), Mumbai, Mumbai City, 1008, Maharashtra	Kaushik Trust Co	008, K. P. Aurum, Marol Maroshi Road, K.p Engineering Compound, Andheri (East), Mumbai, Mumbai City, महाराष्ट्र	1
2	S1-935997160	S3-953742295	false_negative	US	Berra Medicine	102 Skyline Drive, Cassville, MO	Berra Meldiine | www.berrameld.c0m		0
2	S1-276742284	S3-541424471	blocking_miss	India	Golden International Foundation Limited	Plot No - 122 Sector - 6 Urban Estate, Faridabad, Haryana	गोल्डन इंटरनेशनल फाउंडेशन लिमिटेड	Plot No - 0122 Secotr - 6 Urban Estate, Faridabad, HR	0
2	S1-999878050	S3-372901370	false_negative	US	L/T America LLC	2123 Crown Plaza Boulevard, Unit UPSTAIRS, Plainfield, IN	L/T America		0
2	S1-147416291	S3-670304275	false_positive	India	Iconic Trust	207 Manjunath Nagar Bangalore 3Rd Main 2Nd Stage, Bangalore, Karnataka	Iconic Trust Industries	Door No 220 Manjunath Nagar Bangalore 3Rd Main 2Nd Stage, Bengaluru, Bangalore, KA	1
2	S1-683927044	S3-653477326	false_negative	US	Dental United Physicians	6586 Glenway Avenue, Cincinnati, OH	Dental United Physicians Society	586 Glenway Ave, <NULL>, Cincinnati, Ohio	1
2	S1-198927480	S2-817894673	false_negative	India	Hotel Producer Private Limited	Bhubaneswar, Mancheswar Industrial Est, Khordha, Plot No B-1, Orissa	ହୋଟେଲ୍ ପ୍ରୋଡ୍ୟୁସର୍ ପ୍ରାଇଭେଟ୍ ଲିମିଟେଡ୍	KHORDHA, Odisha, MANCHESWAR INDUSTRIAL EST, BLOCK B-63 PLOT NO B-1, BHUBANESWAR	1
2	S1-198927480	S3-943093996	blocking_miss	India	Hotel Producer Private Limited	Bhubaneswar, Mancheswar Industrial Est, Khordha, Plot No B-1, Orissa	ହୋଟେଲ୍ ପ୍ରୋଡ୍ୟୁସର୍ ପ୍ରାଇଭେଟ୍ ଲିମିଟେଡ୍	Khordha, OD, Plot No B-1, Bhubaneswar	0
2	S1-611503151	S2-992687630	false_positive	US	Dent Certified Plum Inc	12314 Breccia Cliff Lane, Herriman Town, UT	NELSON CERTIFIED PLUM	##12314 BRECCIA CLIFF LANE, HERRIMAN TOWN, UT	1
2	S1-272058604	S2-114973345	false_negative	India	United Engineering Private Limited	B6, R V Apartments, 455/131 Velachery Main Road, East Tambaram, Chennai, Kancheepuram, Tamil Nadu	NEXAVIECTO	B6, R V APARTMENTS, 455/131 VELACHERY MAIN ROAD, EAST TAMBARAM, CHENNAI CITY REGION, KANCHEEPURAM, Tamil Nadu	1
2	S1-258560128	S3-469211787	false_negative	US	Sweet Seafood	1318 Doebler Drive, North Tonawanda, NY	Sweet Seafood LLC		0
2	S1-839291565	S2-144183534	false_negative	India	Vinod (India) Sixty Private Limited	C/O Munni Devi, H.No-237, Daroga Tola, Banjariya, Motihari, East Champaran, Bihar	Vinod (India) (India) Private Limited Service	DOOR NO 257 C/O MUNNI DEVI, H.NO-237, DAROGA TOLA, BANJARIYA, MOTIHARI, Bihar	1
2	S1-701492104	S2-526135111	false_negative	India	Hotel Products LLP	Sy No 251/2, Shop No 1, Nr Mansion, North Facing Shop Ground Floor, V S Reddy Colony, Kadugodi, Bangalore, Karnataka	ಹೋಟೆಲ್ ಪ್ರೊಡಕ್ಟ್ಸ್ ಎಲ್ಎಲ್‌ಪಿ	SY NO 51/2, SHOP NO 1, NR MANSION, NORTH FACING SHOP GROUND FLOOR, V S REDDY COLONY, KADUGODI, BANGALORE, Karnataka	1
2	S1-993786372	S3-14998992	false_negative	US	Tandi Hollis Home LP	5733 Sunbury Drive, Fairfax County, VA	Tandi Hollis Home	5732 Sunbury Dr, Fairfax County, Virginia	1
2	S1-993786372	S3-206625202	false_negative	US	Tandi Hollis Home LP	5733 Sunbury Drive, Fairfax County, VA	Tandi Hollis	5732 Sunbury Dr, Virginia, Fairfax County	1
2	S1-445545004	S3-859041813	false_negative	India	Balaji Foundation	Plot No F-40, Nardana Industrial Area, Phase Ii Village Babhale, Tal.Shindkheda, Dhule, Maharashtra	Balaji Partners	Plot No F-40, Dhule, MH	1
2	S1-973042044	S3-705467903	false_negative	India	My Global Limited	Office1, Flr 1, Plot Cs, 1A/1888, 375 Yasmin Tower Sane Guruji Marg, Byculla, Jacob Circle, Mumbai, Mumbai City, Maharashtra	My Global	#804 Office1, Bombay, MH	1
2	S1-973042044	S3-740852331	false_negative	India	My Global Limited	Office1, Flr 1, Plot Cs, 1A/1888, 375 Yasmin Tower Sane Guruji Marg, Byculla, Jacob Circle, Mumbai, Mumbai City, Maharashtra	माय ग्लोबल लिमिटेड	Bombay, Mumbai City, MH, Door No 804 Office1	0
2	S1-973042044	S3-927141498	false_negative	India	My Global Limited	Office1, Flr 1, Plot Cs, 1A/1888, 375 Yasmin Tower Sane Guruji Marg, Byculla, Jacob Circle, Mumbai, Mumbai City, Maharashtra	Smt My Limited Center	H.no 804 Office1, Mumbai City, महाराष्ट्र	0
2	S1-854753572	S3-822886935	false_negative	US	Interstate Trust	39 Philecia Drive, Swansea, IL	Interstate Trust		1
2	S1-743051370	S2-349196429	false_negative	India	Ksm Public School	Plot No .13, Second Floor, Road No:-2, Jaihind Nagar, Golconda, Hyderabad, Telangana	Ksm Public School Co		1
2	S1-106021346	S2-57293716	false_negative	US	Complete Reliable Steel	Colesville, 1160 Colesville Road, Unit Apartment 1, NY	Complete Reliable	116 Colesville Rd, NULL, COLESVILLE, NY	1
2	S1-307640318	S3-709212258	false_negative	India	All Janabikash (India) Private Limited	Mahabasement Mahalaxmichambers 22 Bhulabhai Desai Rd, Mumabi, Mumbai, Maharashtra	All (India) Private Limited Services	Mahabasement Mahalaxmichambers 5-22 Bhulabhai Desai Rd, Mumbai, Nagpur, MH	1
2	S1-292586706	S3-259159472	false_negative	India	Fortune Infra Private Limited	A-66/4, Midc Anand Nagar, Additional Ambernath, Ambernath, Thane, Maharashtra	Kelovio | www.kelovio.com	A-66/4, Midc Anand Nagar, Additional Ambernath, Ambernath, Thane, महाराष्ट्र	1
2	S1-388034709	S3-808116306	false_negative	US	Katalin Newhard, CPA, M.D., P.C.	6550 Mcfarland Lane, Gloucester County, VA	Kata1in Nahdr, CPA, M.D., P.C.	6550 Mcfarland Ln, Gloucester County, Virginia	1
2	S1-266668991	S2-443672917	false_negative	US	Hunger Center LLC	53 Cross Road, ME, Minot	Hunger LLC Center	CROSS ROAD, MINNOT CDP, ME	1
2	S1-735483081	S2-100278829	blocking_miss	India	Innovative Services Private Limited	No.131, 4Th Cross Street Sayee Nagar, Virugambakkam, Chennai, Tamil Nadu	இன்னோவேட்டிவ் சர்வீசஸ் பிரைவேட் லிமிடெட்	DOOR NO 131/9, CHENNAI, தமிழ்நாடு	0
2	S1-239251509	S3-982488285	false_negative	India	KV Tex Private Limited	Plot No. 131/9 Mezanine, Floor, Mp Nagar Zone-2, Huzur, Bhopal, Madhya Pradesh	Orbiquocalo	Floor, Mp Nagar Zone-2, Madhya Pradesh, Bhopal, Plot No. 131/9 Mezanine, Huzur	1
2	S1-957077770	S2-375801442	blocking_miss	India	Supreme Food Private Limited	# 5-1-21, R. P. Road, Hyderabad, Telangana	సుప్రీమ్ ఫుడ్ ప్రైవేట్ లిమిటెడ్	NO 5-1-21, R. P. ROAD, HYDERABAD, Telangana	0
2	S1-957077770	S3-119064392	blocking_miss	India	Supreme Food Private Limited	# 5-1-21, R. P. Road, Hyderabad, Telangana	Supreme Private Limited [Center]	# 5-1-21, Hyderabad, Secundrabad, TG	0
2	S1-957077770	S3-480888156	blocking_miss	India	Supreme Food Private Limited	# 5-1-21, R. P. Road, Hyderabad, Telangana	సుప్రీమ్ ఫుడ్ ప్రైవేట్ లిమిటెడ్	Secundrabad, Hyderabad, TG, R. P. Road, # 5-1-21	0
2	S1-348429062	S2-658446365	false_positive	India	APQ Advisory Pvt. Ltd.	Door No 3/2 Zackaria Colony 2Nd Street, Choolaimedu, Chennai, Tamil Nadu	AQ Advisory Pvt.	#C-3/2 ZACKARIA COLONY 2ND STREET, CHOOLAIMEDU, CHENNAI, Tamil Nadu	1
2	S1-795033026	S3-557588513	false_positive	India	Delhi Agencies Pvt. Ltd.	A-1/7, New Kondli, East Delhi, Delhi, East Delhi, Delhi	Delhi Agencies Private Ltd	Delhi, East Delhi, 1/30, DL	1
2	S1-795033026	S3-559822821	blocking_miss	India	Delhi Agencies Pvt. Ltd.	A-1/7, New Kondli, East Delhi, Delhi, East Delhi, Delhi	Delhi Agenocges Pvt. Ltd.	A-1/7, Delhi, New Delhi, DL	0
2	S1-300295010	S2-681351243	false_positive	India	Kaverin Enclaves Private Limited	Bangalore, Karnataka, Bangalore, No. 329/88, Borewell Road Opposite Whitefield Post Office, Whitefi, Eld	Caverin Enclaves Private Limited	NO. 329/91, BOREWELL ROAD OPPOSITE WHITEFIELD POST OFFICE, WHITEFI, ELD, BANGALORE, Karnataka	1
2	S1-909344203	S3-28712659	false_negative	US	FE Telecommunication Co	Bedford County, VA, 1042 Twin Lake Drive	FE Telecommunication Company		1
2	S1-766526142	S2-602796935	blocking_miss	India	Vijay International Private Limited	C-472, Noida, Gautam Buddha Nagar, Sector-19, Noida, Gautam Budhha Nagar, Uttar Pradesh	विजय इंटरनेशनल प्राइवेट लिमिटेड	GAUTAM BUDDHA NAGAR, Uttar Pradesh, N/A, PLOT #314 C-472, NOIDA	0
2	S1-766526142	S2-821902882	blocking_miss	India	Vijay International Private Limited	C-472, Noida, Gautam Buddha Nagar, Sector-19, Noida, Gautam Budhha Nagar, Uttar Pradesh	विजय इंटरनेशनल प्राइवेट लिमिटेड	GAUTAM BUDDHA NAGAR, PLOT #314 C-472, Uttar Pradesh, NOIDA, N/A	0
2	S1-65955617	S3-461622295	false_negative	US	Barrios Lithium LLC	Hamlin, NY, 37 A Loop Road	8arrios Lithium Llc	37 A Loop Road, Hamlin, New York	1
2	S1-866735103	S3-209588376	false_negative	India	Impact & Sons Private Limited	I.T. Premise Bearing, Uttar Pradesh, Plot No. A-40, Unit No. B-608, 6Th Floor, I-Thum Building, Sector-62, Gautam Buddha Nagar, Noida	M/s Impact + Sons Private	Hn ##43 I.t. Premise Bearing, Noida, Gautam Buddha Nagar, UP	1
2	S1-866735103	S3-230047729	blocking_miss	India	Impact & Sons Private Limited	I.T. Premise Bearing, Uttar Pradesh, Plot No. A-40, Unit No. B-608, 6Th Floor, I-Thum Building, Sector-62, Gautam Buddha Nagar, Noida	Smt Impact & Sons Private Ltd		0
2	S1-573701393	S3-68424668	blocking_miss	India	Bengal (India) Construction	D-1401, Arihant Arden, Plot No. Gh07A, Sec-1, Greater Noida West, Noida. Uttar Pradesh, Noida, Gautam Buddha Nagar, Uttar Pradesh	Mr Bengal (oncia) Construction	D-140, Gautam Buddha Nagar, Noida, UP	0
2	S1-153416040	S3-950886048	false_negative	US	Green Elite Fresenius, Inc	7 Beaver Creek Circle, Pepperell, MA	Zephdrex	7 Beaver Creek Circle, Massachusetts, Pepperell	1
2	S1-132453424	S2-134762909	blocking_miss	India	Anand Big Technologies Pvt Ltd	Fl 18, Unit 19, Sn 166/A/3/A, Medhi Park, Aundh Dp Road, Pune, Maharashtra	आनंद बिग टेक्नोलॉजीज प्रा. लि.	PUNE, FL ##18, Maharashtra, POONA	0
2	S1-132453424	S2-558972446	blocking_miss	India	Anand Big Technologies Pvt Ltd	Fl 18, Unit 19, Sn 166/A/3/A, Medhi Park, Aundh Dp Road, Pune, Maharashtra	आनंद बिग टेक्नोलॉजीज प्रा. लि.	FL ##18, PUNE, POONA, Maharashtra	0
2	S1-132453424	S3-607011577	blocking_miss	India	Anand Big Technologies Pvt Ltd	Fl 18, Unit 19, Sn 166/A/3/A, Medhi Park, Aundh Dp Road, Pune, Maharashtra	आनंद बिग टेक्नोलॉजीज प्रा. लि.	Fl 18, Poona, Pune, MH	0
2	S1-52133708	S2-759003953	blocking_miss	India	Green Bombay Projects Private Limited	P.No.68, S/F, Pochanpur, Sai Encl Sec-23 Dwarka, New Delhi, South West Delhi, Delhi	ग्रीन बॉम्बे प्रोजेक्ट्स प्राइवेट लिमिटेड	P.NO.68, NEW DELHI, दिल्ली, SOUTH WEST	0
2	S1-52133708	S3-115741579	blocking_miss	India	Green Bombay Projects Private Limited	P.No.68, S/F, Pochanpur, Sai Encl Sec-23 Dwarka, New Delhi, South West Delhi, Delhi	ग्रीन बॉम्बे प्रोजेक्ट्स प्राइवेट लिमिटेड	P.no.68, South West Delhi, New Delhi, DL	0
2	S1-443947183	S2-898289849	false_negative	India	Velocity Advisors	Viii/843, Ceevee Sadan Ancherychira P O, Trichur Taluk, Trichur, Thrissur, Kerala	Shri VELOCITY ADVISORS		0
2	S1-625542497	S3-534447858	false_negative	US	Quantos Crypto	10730 Red Flagstone Drive, Conroe, TX	Quantos Cssftpo	Conro CDP, 10732 Red Flagstone Drive, Texas	1
2	S1-219100656	S2-999982358	false_negative	US	Teteify Communications LLC	1400 7th Street, Unit UNIT 18C, Lynchburg City, VA	Teteify Cnoammunicabtions LLC #7087		1
2	S1-108905714	S3-385532882	false_negative	India	Khurana Funds (India) Company	Bhavnagar, Krishna Complex, Waghawadi Road, S/9, Bhavnagar, Gujarat	Khurana Funds (clioa) Company		1
2	S1-524939807	S3-99093678	false_negative	India	Super Industries Private Limited	Plot No:1, Near Park, Gandhiji Street Velmurugan Nagar, Madurai, Tamil Nadu	Jaxdovabelo	Plot No:a-1, Near Park, Gandhiji Street Velmurugan Nagar, Krishnagiri, Madurai, TN	1
2	S1-811257340	S3-801025595	false_negative	India	Tirupati Enterprises Private Limited	# S - 1, 2Nd Floor, Crescent Harmony, Apt # 35- 40, 45 To 50, Govindpura Villa, Ge, Bangalore, Karnataka	ತಿರುಪತಿ ಎಂಟರ್‌ಪ್ರೈಸಸ್ ಪ್ರೈವೇಟ್ ಲಿಮಿಟೆಡ್	Plot 8-561 # S - 1, 2Nd Floor, Crescent Harmony, Apt # 35- 40, 45 To 50, Govindpura Villa, Ge, Bengaluru, Bangalore, KA	1
2	S1-866264359	S2-156905655	blocking_miss	India	Micro Traders Private Limited	No. Sb-56A, 2Nd Cross, 1St Stage, Peenya Industrial Estate, Bangalore, Karnataka	Micro Traders Private		0
2	S1-232422484	S3-702840335	false_negative	US	The Dent Coffee	1606 Laurel Lane, Fl 0, Annapolis, MD	The Dent Coffee Corporation		1
2	S1-687887993	S3-503584318	false_negative	India	Equilibrium Seva Samiti	E-2 Ojas S.No. 132/2Pashan - Baner Link Road Pashan, Pune, Maharashtra	Dr Vantagenyla	Pune Region, null, Pune, MH, E-002 Ojas S.no. 132/2Pashan - Baner Link Road Pashan	1
2	S1-55442707	S2-763185735	false_negative	US	Metropolitan Data Studios LLC	2408 Morrison Avenue, AZ, Casa Grande	Xylohalocira	02408 MORRISON AVE, NULL, CASA GRANDE, AZ	1
2	S1-495903877	S3-926398691	false_negative	US	Ami's Towing	13128 Greybull Trail, Austin, TX	Dovasyn	Texas, 13128 Greybull Trail, Austin	1
2	S1-357903346	S3-255641109	false_negative	India	Black Energy Private Limited	2-22-298/11/C/401, Svas Signature Bhagyanagar Colony, Kukatpally, Hyderabad, Rangareddy, Telangana	Smt Black Private Limited Services	TG, Rangareddy, No. 420 2-22-298/11/C/401, Hyderabad	1
2	S1-741529325	S2-83050147	false_positive	US	Watson Surgical Inc	1749 Cornell Court, Naperville, IL	Watson Suriglca Inc		1
2	S1-628594110	S3-834618155	false_negative	US	Gulf Charities	9034 Weyburn Drive, Tucson, AZ	Gulf Charities Council	049 Weyburn Drive, Tucsno, Arizona	1
2	S1-384757516	S2-448200750	false_negative	India	Om Ventures Private Limited	148, Chitra Vihar, New Delhi, Delhi	Om Ventures Private Ltd Enterprises		1
2	S1-384757516	S2-606293630	blocking_miss	India	Om Ventures Private Limited	148, Chitra Vihar, New Delhi, Delhi	ॐ वेंचर्स प्राइवेट लिमिटेड	दिल्ली, 148, NEW DELHI	0
2	S1-644466553	S3-604942559	false_negative	India	Shree Media	Ward No.19, Circle -259 W/O Shyam Narain Khagaul Road, Gardanibagh, Patna, Bihar	Shree Shree Media Corporation	#5-19 Ward No.19, Circle -259 W/o Shyam Narain Khagaul Road, Gardanibagh, Patna, BR	1
2	S1-960400864	S2-358571540	blocking_miss	US	Pediatric Dentistry Medicine	163 Hardy Drive, Greene, NC	PEDIATRICDENTISTRYMEDICINE.COM	163- HARDY DR, GREENE, NC	0
2	S1-960400864	S3-250063905	blocking_miss	US	Pediatric Dentistry Medicine	163 Hardy Drive, Greene, NC	Pediatric [Dentistry] Enterprises		0
2	S1-379997775	S3-620091980	false_negative	US	M+ Software	3124 Dakota Falls Drive, Houston, TX	M+ Software		0
2	S1-629717155	S2-117562992	false_negative	US	Verrance Commodities LLC	2316 17th Street, City Of Monroe, WI	FAYEBELO	2316 17TH STREET, CITY OF MONROE, WI	1
2	S1-339153960	S3-274191949	blocking_miss	India	East Systems Private Limited	Uttar Pradesh, Noida, W-1402, 14Th Floor, Amrapali Sapphire, Gautam Buddha Nagar	ईस्ट सिस्टम्स प्राइवेट लिमिटेड	Gautam Buddha Nagar, No. C-132 W-1402, UP, null	0
2	S1-129123195	S3-751456825	false_negative	US	Katheryn's American Marketing	127 Bartleyville Road, Hanover Township, PA	Katheryn's Márketing Amercn		1
2	S1-949336783	S3-932417561	false_negative	India	Digi System Center	B-11 Second Floor Back Side Shankar Garden, Vikas Puri, New Delhi, West Delhi, Delhi	Rizavio	B-0011 Second Floor Back Side Shankar Garden, Vikas Puri, New Delhi, Najafgarh, DL	1
2	S1-47078736	S3-389527462	false_negative	US	Valida Donaldson Sony LLC	560 Washington Center Road, Fort Wayne, IN	Valida Donaldson LLC Services	Washington Center Rd, FT. Wayne, Indiana	1
2	S1-185352813	S2-536091179	false_negative	US	Nix, Darden and Hainey PC	OH, 523 Greenacre Circle, Howard	NIX, DARDEN AND HAINEY	435 GREENACRE CIRCLE, HOWARD, OH	1
2	S1-477426341	S3-668056491	singleton_false_merge	India	EX Online Private Limited	#334, Khatha No 2678/3342Nd Sector Hsr Layout, Bangalore, Karnataka	EC Online Private Ltd	Bangalore, KA, Bangalore, No 334	1
2	S1-356580368	S2-631555093	false_negative	India	Patni (india) Private Limited	Level 4, Phase 2, N-Heights, Plot No 38, Siddiq Nagar, Hitec City, Shaikpet, Hyderabad, Telangana	Patni (índia) Private Limited		1
2	S1-852228085	S2-152393484	false_negative	US	Cultural Better Committee	15022 Wells Port Drive, Austin, TX	Cultural Better-Services	15023 WELLS PORT DRIVE, AUSTIN, TX	1
2	S1-509241109	S2-367510527	false_negative	India	Import Services Limited	Telangana, K.V.Rangareddy, Serilingampally, Flat No:102, Camlotlayout, Sai Villa Appartment	IMPORT SEHBS LIMITED		0
2	S1-397213082	S2-864072822	false_negative	US	ED Pan LLC	3754 Alesia Kae Drive, Brunswick City, OH	ED PAN	375 ALESIA KAE DRIVE, BRUNSWICK, OH	1
2	S1-397213082	S3-822724868	false_negative	US	ED Pan LLC	3754 Alesia Kae Drive, Brunswick City, OH	ED LLC Center	Alesia Kae Drive, Brunswick, Ohio	1
2	S1-694268452	S2-89401287	false_negative	US	Coastal Council Inc	11230 Lillian Lane, Anchorage, AK	Nexveogild	AK, 11230 LILLIAN LN, ANCHORAGE	1
2	S1-977290006	S3-737417193	false_negative	US	Orthopedic Partners Inc.	101 Nedra Drive, Barboursville, WV	Orthopedic Partners lnc.	99 Nedra Dr, Barbouursville, West Virginia	1
2	S1-654134478	S2-502835159	false_negative	India	Vision Marketing	1203, Goregaon West, Rajyog Residency Ch, B/H Citi Centre, M G Road, Mumbai, Maharashtra	M/s Vision Services	#761- 1203, RAJYOG RESIDENCY CH, B/H CITI CENTRE, M G ROAD, GOREGAON WEST, Maharashtra	1
2	S1-780643533	S3-565737219	blocking_miss	US	Cascade Living Partners	1835 Harpswell Neck Road, Harpswell, ME	Cascade Partners Living		0
2	S1-799968749	S2-338241935	blocking_miss	India	Mothers Memorial Trust	44/07, Kiran Path, Madhyam Marg, Mansarovar, Jaipur, Rajasthan	trustmothersmemorial.com	44/07, JAIPUR, राजस्थान	0
2	S1-799968749	S2-393520171	blocking_miss	India	Mothers Memorial Trust	44/07, Kiran Path, Madhyam Marg, Mansarovar, Jaipur, Rajasthan	Wexhalobelo	44/07, JAIPUR, Rajasthan	0
2	S1-96001129	S2-189790302	false_negative	India	Shiv Systems Private Limited	C-702, Plot No-3 Sect-12 Vimal Cghs Dwarka, Delhi, New Delhi, Delhi	M/s Shiv Systems-Private		0
2	S1-797631206	S3-660523926	blocking_miss	US	Foot & Ankle Integrated Health	NY, 151 Franklin Avenue, Staten Island	footankle.com	151 Franklin Avenue, Staten Island, New York	0
2	S1-6770507	S2-195885172	false_negative	India	Naina Services Ltd	P-65, Iii Floor, South Extention, Part-Ii, New Delhi, South Delhi, Delhi	Naina 5ervices Ltd	P-6-65, III FLOOR, SOUTH EXTENTION, PART-II, NEW DELHI, Delhi	1
2	S1-574659660	S3-273372797	false_positive	US	Schmitz Summit Popular	Unit 128, UT, West Jordan City, 8400 4000	Schmitz Summit Pizza	# 128, Utah, 8421 4000, West Jordan	1
2	S1-772659617	S2-663968985	blocking_miss	US	Rev It Up Pilates	2 Grove Street, Millbury, MA	revitup.com	2D GROVE SAINT, MILLBURY, MA	0
2	S1-39566592	S2-165575040	false_negative	US	K N & Z Aria	OH, 5285 161st Street, Brook Park	K N & Z Service	9285 161ST STREET, BROOK PARK, OH	1
2	S1-182886161	S2-137493616	false_negative	US	Precision Cargo Technologies Ltd	8358 Sallyport Street, Fairfax County, VA	techcargoprecision.com	358 SALLYPORT SAINT, PMB 4694, LORTON, VA	0
2	S1-733464998	S3-603367785	false_positive	US	Patterson & Stafford	CA, 680 Spruce Avenue, Rialto	Siusan Anderson [Capital]	#680 Spruce Avenue, Rialto, California	1
2	S1-733464998	S2-592651766	blocking_miss	US	Patterson & Stafford	CA, 680 Spruce Avenue, Rialto	PATTERSON &-STAFORD	68 SPRUCE AVE, RIALTOCDP, CA	0
2	S1-733464998	S2-812394631	false_negative	US	Patterson & Stafford	CA, 680 Spruce Avenue, Rialto	PATTERSON STAFFORD PARTNERS	68 SPRUCE AVE, RIALTOCDP, CA	1
2	S1-733464998	S2-901256802	false_negative	US	Patterson & Stafford	CA, 680 Spruce Avenue, Rialto	Patterson & Stafford Ltd	68 Spruce Ave, CA, RIALTOCDP	1
2	S1-808216834	S3-586617247	false_negative	US	Trusted Heritage Cadenza Inc	37 Smiley Road, Banks, PA	Rizariza	37 Smiley Rd, Banks, Pennsylvania	1
2	S1-105317866	S3-230686575	false_negative	US	Urban Bistro PC	100 Old Post Road, Oswego, IL	Urban Bístro PC		1
2	S1-404341543	S3-40553410	false_positive	US	Delta League	517 Retreat Lane, Unit 2G, Burlington, NC	Deltalum League	517 Retreat Ln, # 2G, Burlington, North Carolina	1
2	S1-209455236	S2-739771592	false_positive	US	Great Fund Inc.	Nashville, 708 Harpeth Bend Drive, TN	Great Fund Inc	729 HARPETH BEND DR, NASHVILLE, TN	1
2	S1-209455236	S2-80296701	false_negative	US	Great Fund Inc.	Nashville, 708 Harpeth Bend Drive, TN	GREAT FUND INC.		1
2	S1-763835036	S3-871886931	false_negative	US	Chiropractic Physicians Inc	10471 Fort Cibolo Trail, Crowley, TX	Inc Chir0practic Physícians	10470 Fort Cibolo Trail, Crowley, Texas	1
2	S1-273600197	S2-598154215	false_negative	US	Unified Australia	1920 Dove Drive, Princeton, TX	Unified Services		0
2	S1-273600197	S3-497551485	false_negative	US	Unified Australia	1920 Dove Drive, Princeton, TX	Unified áustralia		1
2	S1-437177146	S2-800841053	false_negative	US	Highland Municipals	1540 La Salle Drive, Chicago, IL	Synzeta	154 LA SALLE DRIVE, CHICAGO, IL	1
2	S1-497307034	S2-530130060	false_positive	India	Kolkata India Pvt. Ltd.	Sonarpur Station Road Narendra Pur, Kolkata, Howrah, West Bengal	Kolkata Private Limited Service	A. P. NAGAR P.O & P.S- SONARPUR, KOLKATA, KOLKATA, West Bengal	1
2	S1-918125413	S3-256647401	false_negative	India	Gupta Brothers Care	H. No.1966, Ground Floor, Pana Udyan, Railway Road Near Police Station, Narela, Delhi, North West, Delhi	6upta Brothers Care Corp	Door No 1966, Delhi, North West, DL	1
2	S1-372478121	S3-937106063	false_negative	US	Cohen Galaxy of Keller Inc	88 Drover Drive, Keller, TX	Cohen Ga1axy Of Keller		0
2	S1-33329072	S3-436063675	false_negative	India	Raja Advisors Private Limited	44 Imampur Imamapur, Paithan Aurangabad, Paithan, Aurangabad, Maharashtra	Evowex	44 Imampur Imamapur, Paithan Aurangabad, Paithan, Aurangabad, Maharashtra	1
2	S1-313689980	S3-584606207	false_negative	US	Nolana Eatmon Salon Group	2464 Park Place, Westlake, OH	Nolana Eatmon Group Center	Park Pl, Westlake, Ohio	1
2	S1-540719987	S3-859941018	false_negative	US	Schulz Properties of Lubbock LLC	5403 13th Street, Lubbock, TX	Schulz Properties of LLC Service	13th St, Texas, Lubbock	1
2	S1-864755468	S2-210965758	false_negative	India	IW Publications Private Limited	H.No 349/14 Ward No.14 Ashok Nagar Ganaur, Sonipat, Sonepat, Haryana	-- IW PRIVATE LIMITED CENTER	H.NO 349/1 WARD NO.14 ASHOK NAGAR GANAUR, SONIPAT, SONEPAT, Haryana	1
2	S1-644427564	S3-619154595	false_negative	US	Burke, Elder & Girardi Onfolio Inc	15001 35th Avenue, Unit UNIT 24203, Lynnwood, WA	Burke, Elder + Girardi Onfolio	15001 35th Avenue, North Lynnwood, Washington	1
2	S1-843157346	S3-379104419	false_positive	India	Suryain Technologies Public Limited	C/O New Chandra Motor Cycleopptown Hall, Jamnagar, Gujarat	Public Suryaun Technologies Limited	C/o New Chandra Motor Cycleopptown Hall, Jamnagar, ગુજરાત	1
2	S1-3539013	S2-267909115	false_negative	US	Main Street Hypnosis, LLC	Owensboro, KY, 3907 Wellington Court	Main Stréet Hypnosis, LLC		1
2	S1-7675627	S3-234484740	false_negative	India	Galaxy Impex Private Limited	Site-2, Loni Road Industrial Area, Mohan Nagar, Ghaziabad, Uttar Pradesh, C-9	Galaxy Impex Limited Service	C-g-9, Ghaziabad, UP	1
2	S1-517068585	S3-295478376	false_negative	US	Morris and Bliss Partners	2422 Jones Street, Winterville, NC	MORRIS AND BLISS PARTNERS		1
2	S1-313317038	S2-905733290	false_negative	US	Federal Family Practice LLC	332 Smith, Magnolia, AR	TAVOVERAFAYE	332 SMITH, MAGNOLIA, AR	1
2	S1-355890903	S2-634871523	false_negative	US	Dermatology Horizon Clinic LLC	Austin, 3704 Kandy Drive, TX	Deltaonyx	3704 KANDY DR, TX, AUSTIN	1
2	S1-264032120	S2-886326618	false_negative	US	Summers Atlantic Morgan LLC	Grayson County, 450 Flatridge Road, VA	Services Summers Atlantic LLC	45 Flatridge Road, GRAYSON COUNTY, VA	1
2	S1-915545734	S3-995340720	false_negative	India	Aradhna Software Private Limited	#6401, Sy #48 51, 6 A Blc, Trendz Whispering Woods, Mysore, Karnataka	Aradhna (Software)		1
2	S1-649781533	S2-877642065	false_negative	US	Grace Catholic Church	151 California Avenue, Mundelein, IL	Grace Catholic Church Inc.		0
2	S1-293355245	S2-822990378	blocking_miss	US	Chiropractic Total Specialists LLC	6124 M Street, Tacoma, WA	Chiropractic Total	124 M SAINT, TACCOMA CITY, WA	0
2	S1-293355245	S2-873957002	false_negative	US	Chiropractic Total Specialists LLC	6124 M Street, Tacoma, WA	chiropractic total specialists llc		1
2	S1-293355245	S3-193840083	false_negative	US	Chiropractic Total Specialists LLC	6124 M Street, Tacoma, WA	Chiropractic Total Specialists	null, Tacoma, Washington, 6266 M St	1
2	S1-80598885	S3-999289896	blocking_miss	India	Sunrise Media Private Limited	Ground Floor, West Wing, 12A, Second Street, Lake Area, Melur Main Road, Uthangudi, Madurai, Tamil Nadu	சன்ரைஸ் மீடியா பிரைவேட் லிமிடெட்	Ground Floor, Madurai, தமிழ்நாடு	0
2	S1-201691290	S3-15310899	false_negative	US	Burnett & Park Light LLC	121 63rd Street, Kansas City, MO	@burnett	121 63th Street, null, Kanass CITY, Missouri	1
2	S1-70377509	S3-512196276	false_negative	US	Ng Resources	31 Hopkins Road, Amherst, NY	Ng Resources		1
2	S1-324027990	S3-658702641	false_negative	US	Fidelity C. Watkins, P.A., M.D., P.C.	AZ, Sahuarita, 34 Rancho Lucido	Fidelity C. Watkins, P.A., P.C. (Services)		1
2	S1-507919153	S3-809599089	false_negative	US	Tindall Silver Sizzle LLC	3707 Sunridge Drive, Bldg BUILDING, Park City, UT	Tindall Silver Sizzle LLC		1
2	S1-5684362	S2-408864995	false_negative	India	Yashraj & Co	1008Maker Chambers 221 Nariman Point, Mumbai, Maharashtra	Yashraj & Company		1
2	S1-811934172	S2-461007961	false_negative	US	Velasquez Southern Inc	610 Braxton Street, Gassaway, WV	VELASQUEZ [SOUTHERN] [SOUTHERN]		1
2	S1-811934172	S3-306358862	false_negative	US	Velasquez Southern Inc	610 Braxton Street, Gassaway, WV	velasquez southern inc #75917	60 Braxton St, Gassaway, West Virginia	1
2	S1-370428743	S2-687700147	false_positive	India	Ziraya Realcon Limited	Flat No27 Vishram Griha Chssector-6 Shree Nagar Wagle Estate, Thane, Maharashtra	Zirayi Realcon Limited	27 VISHRAM GRIHA CHSSECTOR-6 SHREE NAGAR WAGLE ESTATE, THANE, Maharashtra	1
2	S1-743605943	S2-176574824	false_negative	US	Pediatric Health LLC	108 Bedbug Hill Road, Otsego, NY	Pediatric [Hea1th]	108. BEDBUG HILL ROAD, FLY RCEEK, NY	1
2	S1-226128307	S2-941168277	false_negative	India	New Estate Private Limited	6/2084, 2Nd Floor, Cabin No.202, Matruchaya Bldg, Rampura Main Road, Patidar Bhavan, Mahid, Harpura, Surat, Gujarat	ન્યૂ એસ્ટેટ પ્રાઇવેટ લિમિટેડ	B3/6/2084, SURAT, null, Gujarat	0
2	S1-226128307	S3-607113630	false_negative	India	New Estate Private Limited	6/2084, 2Nd Floor, Cabin No.202, Matruchaya Bldg, Rampura Main Road, Patidar Bhavan, Mahid, Harpura, Surat, Gujarat	ન્યૂ એસ્ટેટ પ્રાઇવેટ લિમિટેડ	Hn 652- 6/2084, Surat, ગુજરાત	0
2	S1-226128307	S3-923819534	blocking_miss	India	New Estate Private Limited	6/2084, 2Nd Floor, Cabin No.202, Matruchaya Bldg, Rampura Main Road, Patidar Bhavan, Mahid, Harpura, Surat, Gujarat	ન્યૂ એસ્ટેટ પ્રાઇવેટ લિમિટેડ	Hn 652- 6/2084, Surat, GJ	0
2	S1-452832647	S2-15065467	false_negative	US	Q 9 M John Inc	2404 Keating Street, Temple Hills, MD	Q Q 9 M John	240 KEATING ST, TEMPLE HILLS, MD	1
2	S1-452832647	S2-372233338	false_negative	US	Q 9 M John Inc	2404 Keating Street, Temple Hills, MD	Q 9 M M JOHN	240 KEATING STREET, TEMPLE HILLS, MD	1
2	S1-452832647	S2-670679163	false_negative	US	Q 9 M John Inc	2404 Keating Street, Temple Hills, MD	Q9M.COM	240 KEATING ST, TEMPLE HILLS, MD	1
2	S1-410287051	S2-661150802	blocking_miss	US	Family Silver Center Inc	7833 State Rte 218, Gallipolis, OH	Family Silver		0
2	S1-232255602	S3-53935669	false_negative	India	High Properties Private Limited	75, Govind Nagar East Park Street, Near Jorawar Singh Gate, Am, Er Road, Jaipur, Rajasthan	High Properties Private Ltd		1
2	S1-95468322	S2-595344511	false_negative	US	Historical Committee P.C.	802 Blakely Court, Unit 292, Frederick, MD	Historical Committee (P.C.)		1
2	S1-625351196	S2-684928082	false_negative	US	Choice Cloud Brands	12208 Jordan Avenue, Lubbock, TX	Lumvera	LUBBOCK, TX, 12208 Jordan Ave	1
2	S1-625351196	S3-717077818	false_negative	US	Choice Cloud Brands	12208 Jordan Avenue, Lubbock, TX	Choice Cloud	Jordan Ave, Lubbokc CITY, Texas	1
2	S1-197710937	S3-850875577	false_negative	US	Ear Nose & Throat Allied Clinic LLC	604 Willey District Road, Cherryfield, ME	Veogild	Cherryfield, ##604 Willey District Road, Maine	1
2	S1-366716212	S3-314463126	false_positive	US	Cimini Grand Ameren LLC	11018 Bonwell Loop, Kountze, TX	Cimini Grand Ameren ([LLC])		1
2	S1-465423093	S2-970690097	false_negative	India	Real Foods Private Limited	Office No. 101-102, First Floor Plot No. 353, Ward No. 12-B, Gandhidham, Kachchh, Gujarat	રિયલ ફૂડ્સ પ્રાઇવેટ લિમિટેડ	OFFICE NO. C-101-102, GANDHIDHAM, Gujarat	1
2	S1-428483224	S3-484230127	false_negative	US	Frontier Atlantic Webster	1131 Muscadine Hollow Lane, Richmond, TX	FRONTIER ATLANTIC WEBSTER		1
2	S1-754781351	S3-209526503	blocking_miss	India	Future Power Private Limited	Plot No-136, Ground Floor, Blk- F Pkt 2 Sec-16 Rohini, Near Puneet Gas Agency, Delhi, North West, Delhi	फ्यूचर पावर प्राइवेट लिमिटेड	Pot No-136., Delhi, North West, DL	0
2	S1-813952512	S2-235322060	blocking_miss	US	Surgical First Specialists	421 Limerock Dr NW, Cedar Rapids, IA	Surgical First		0
2	S1-139425336	S2-545539195	false_negative	India	Ramsarup International School	Ahmedabad, 401, Shaili Complex, B/H Rainbow Complex, Nr. Railway Line, Gujarat, Ahmadabad City	Sri RAMSARUP INTERNATIONAL	4-01, SHAILI COMPLEX, B/H RAINBOW COMPLEX, NR. RAILWAY LINE, AHMADABAD CITY, ગુજરાત	1
2	S1-139425336	S2-922033856	false_negative	India	Ramsarup International School	Ahmedabad, 401, Shaili Complex, B/H Rainbow Complex, Nr. Railway Line, Gujarat, Ahmadabad City	Ramsarup-International	4-01, SHAILI COMPLEX, B/H RAINBOW COMPLEX, NR. RAILWAY LINE, AHMADABAD CITY, ગુજરાત	1
2	S1-597516264	S3-746774431	false_negative	India	United Impex Pvt Ltd	Delhi, House No 456 Iind Floorbhai Parmanand Colony Kingsway Camp, Delhi	United Pvt Ltd Service	House No 56 Iind Floorbhai Parmanand Colony Kingsway Camp, Delhi, DL	1
2	S1-266106168	S2-959761695	false_negative	US	Internal Medicine Ridge Group	802 Canyon Terrace Lane, Folsom, CA	LÚMSOLFLUX	802-804 CANYON TERRACE LANE, FOLSOM, CA	1
2	S1-594725587	S3-285853493	blocking_miss	India	Perfect Tech Private Limited	Flat No.3, Sona Apartment, Shelliar Shet Chowk, Near Yappa Mandir, Rasta Peth, Pune, Maharashtra	परफेक्ट Tech Private Limited	No 3, Pune, MH	0
2	S1-544891498	S2-513852285	false_positive	India	Qualitech Foundation Pvt Ltd	8-2-273, 276 & 277, Flat No 204, Raod No 2 Banjara Hills, Hyderabad, Telangana	QUALITECH FOUNDATION PRIVATE [LIMITED]		1
2	S1-544891498	S2-920875824	false_negative	India	Qualitech Foundation Pvt Ltd	8-2-273, 276 & 277, Flat No 204, Raod No 2 Banjara Hills, Hyderabad, Telangana	KELOKORMIRA	8-2-273, HYDERABAD, Telangana	0
2	S1-912591388	S3-618338092	false_negative	US	Pediatric Medicine	Spring Lake, 138 Lamplighter Way, NC	Pediatric Medicine Trust	Lamplighter Way, Anderson Creek, North Carolina	1
2	S1-826515191	S3-700500254	singleton_false_merge	US	31/70 Hospitality L.L.C.	328 Saturnia Drive, Georgetown, TX	31/70 Hóspitality LLC	332 Saturnia Dr, Georgetown, Texas	1
2	S1-734353448	S2-839963274	false_negative	US	Vega Highland Rain	21 Sumner Street, Unit 1, Taunton, MA	Vega Highland Rain LLC	21 SUMNER STREET, PMB 5164, TAUNTON, MA	1
2	S1-897080550	S3-304154543	false_negative	US	Baker Amplify LP	7071 Wiser Avenue, Camby, IN	Baker Amplify Inc		1
2	S1-424873810	S2-693111079	false_negative	US	Patriot Better Tailwind	AL, Oxford, 2409 Mcnabb Road	Patriot Better Tailwind Inc	1409 MCNABB RD, OXFORD, AL	1
2	S1-749373372	S2-903174846	false_negative	US	Le Ray Internal Medicine Legacy Partners LLC	27784 342, Le Ray, NY	irle.com	342, LE RAY, NY	1
2	S1-837628124	S2-913090740	blocking_miss	India	Hitech Logistics Private Limited	321, Powai Plaza, Hiranandani Business Park, Powai, Mumbai, Mumbai City, Maharashtra	हाईटेक लॉजिस्टिक्स प्राइवेट लिमिटेड	321, MUMBAI, MUMBAI CITY, महाराष्ट्र	0
2	S1-837628124	S3-455672546	blocking_miss	India	Hitech Logistics Private Limited	321, Powai Plaza, Hiranandani Business Park, Powai, Mumbai, Mumbai City, Maharashtra	हाईटेक लॉजिस्टिक्स प्राइवेट लिमिटेड	Mumbai City, 321, Mumbai, MH	0
2	S1-890060222	S3-793905030	false_negative	India	ITZ Infosys Private Limited	M.No.10517, Nilmoti Appt. 2Nd Floor, Flat No. S-1, Moti Chowk, Kupwad, Sangli, Maharashtra	iiprivate.com	Nilmoti Appt. 2Nd Floor, Flat No. S-1, Moti Chowk, Kupwad, No 582 M.no.10517, Sangli, महाराष्ट्र, Sangli	1
2	S1-326779810	S3-361647350	blocking_miss	India	Fortune Agro Limited	F/702, Plot No. 24, Goodwill Construction, Sector-15, Panvel, Raigarh(Mh), Maharashtra	Sri F0rtune Agro	F/70, Panvel, Raigarh(mh), MH	0
2	S1-461036241	S2-134240287	false_negative	US	Durant Partners Associates	17 Webster Court, Unit Apartment 4, Binghamton, NY	Durant Pártners Associates		1
2	S1-461036241	S2-262783970	false_negative	US	Durant Partners Associates	17 Webster Court, Unit Apartment 4, Binghamton, NY	DURANT PARTNERS ASSOCIATES		1
2	S1-512238503	S2-251611635	false_negative	US	W U & F Equipment	IL, 14518 Eggleston Avenue, Riverdale	W U & F EQUIPMENT		1
2	S1-512238503	S3-747410006	false_negative	US	W U & F Equipment	IL, 14518 Eggleston Avenue, Riverdale	W U & F-Equipment		1
2	S1-518799844	S2-641691263	false_negative	India	Sai Systems Pvt Ltd	Food Court, Stall 18, Drb Palace Motijheel, Muzaffarpur, Bihar	साईं सिस्टम्स प्रा. लि.	MUZAFFARPUR, बिहार, MUZAFFARPUR, FOOD COURT	0
2	S1-14340277	S3-192586392	false_positive	India	Deep Industries Group	Kh 278/4, Rampark Ext, Rampark, Ghaziabad, Uttar Pradesh	Deep-Industries Group Industries Ltd	Kh 278/5, UP, Ghaziabad	1
2	S1-565453985	S2-53680046	blocking_miss	US	Creative Valley Drive, Inc	7807 Harvester Street, Houston, TX	Creative Valley Drive, Inc		0
2	S1-399092198	S2-5449945	false_negative	India	Sakthi Production Private Limited	Kamal Theatre Building Muzaffarnagar, U P, Muzaffarnagar, Uttar Pradesh	Shri Sakthi Production Private Limited		1
2	S1-267311694	S2-24720934	false_negative	India	Baba Software LLP	Plot No 629 Oppst Judes High School Jari Mari Kurla, Mumbai, Maharashtra	Dr Synzetacira	DOOR NO 629 OPPST JUDES HIGH SCHOOL JARI MARI KURLA, BOMBAY, MUMBAI, Maharashtra	1
2	S1-918027298	S2-702272867	blocking_miss	US	Egan Montage	303 North Avenue, Unit Apartment 2, New Rochelle, NY	megan.com	1 NORTH AVE, NEW ROCHELLE, NY	0
2	S1-167273489	S2-636888012	false_negative	India	Lotus Consultancy Private Limited	24 East, Samta Nagar, Behind Mds School, Sec-3, Girwa, Udaipur, Rajasthan	लोटस कंसल्टेंसी प्राइवेट लिमिटेड	2-4 EAST, GIRWA, UDAIPUR, Rajasthan	0
2	S1-167273489	S2-996715308	false_negative	India	Lotus Consultancy Private Limited	24 East, Samta Nagar, Behind Mds School, Sec-3, Girwa, Udaipur, Rajasthan	लोटस कंसल्टेंसी प्राइवेट लिमिटेड	#2-4 EAST, UDAIPUR, GIRWA, Rajasthan	1
2	S1-167273489	S3-224768953	false_negative	India	Lotus Consultancy Private Limited	24 East, Samta Nagar, Behind Mds School, Sec-3, Girwa, Udaipur, Rajasthan	Iridelta One	24 East, Samta Nagar, Behind Mds School, Sec-3, Girwa, Udaipur, Rajasthan	1
2	S1-910560934	S2-502134034	false_negative	India	Dalvi Remedies	Flat No. 14, 5Th Floor, Mangalam Apartment 99-A, Walkeshwar Road, Malbar Hill, Mumbai, Maharashtra	Dalvi Rlcesmdies		1
2	S1-301209597	S3-467809125	blocking_miss	India	Ritu Brothers Private Limited	103, Kamalapur East Dum Dum, Kolkata, Howrah, West Bengal	Ritu Brothers (Private)	10, Kolkata, Howrah, WB	0
2	S1-490059685	S2-479623192	false_negative	US	West Malt LLC	11 Nottingham Drive, Sandwich, MA	WEST MALT	#1 NOTTINGHAM DR, E. SANDWICH, MA	1
2	S1-699584156	S2-36852095	false_negative	India	Dkv India LLP	Bangalore South, No. 55, Shakthi Nilaya, Situated At 4Th A Cross, Lalbagh Road, Karnataka, Bangalore	Dkv LLP lndia		1
2	S1-699584156	S2-543777432	blocking_miss	India	Dkv India LLP	Bangalore South, No. 55, Shakthi Nilaya, Situated At 4Th A Cross, Lalbagh Road, Karnataka, Bangalore	idkv.com	BANGALORE, DOOR NO 55, Karnataka, BANGALORE SOUTH	0
2	S1-307135353	S3-223354034	false_negative	US	Loor	Greenwood, 188 Spruce Street, AR	Rizaorbi	188 Spruce St, Greenwood, Arkansas	1
2	S1-307135353	S3-968088761	false_negative	US	Loor	Greenwood, 188 Spruce Street, AR	Loor Enterprises		1
2	S1-738982966	S3-222403054	false_negative	India	Jai Impex Private Limited	C/O Suresh Kumar, House No. 867, Sector 23, Faridabad, Haryana, Faridabad	Sri Jai Impex Limited Center	C/o Suresh Kumar, Faridabad, हरियाणा	1
2	S1-647790428	S2-76737631	false_negative	US	Roseboro Memorial Alliance	7029 Roseboro Highway, Roseboro, NC	MEMORGAL ROSEBORO ALLIANCE	7140 ROSEBORO HIGHWAY, NC, ROSEBORO	1
2	S1-35162104	S2-854968473	false_negative	India	Lush Empowerment Private Limited	Sno 62/65 Mahatma Soc., Plot No 75, Lane No 9, Pune City, Pune, Maharashtra	Lush Emp0werment Private (Limited)		1
2	S1-940846827	S3-544383566	false_negative	India	Asap Services Private Limited	Delhi, 6-B, Sagar Apartments 6, New Delhi, Tilak Mark	privateasapservices.com	#6-B, दिल्ली, Sagar Apartments 6, Tilak Mark, New Delhi	1
2	S1-768325832	S3-984075192	blocking_miss	India	Inner Bhoomi Limited	709, 7 Th Floor, Pearls Business Park Building Netaji Subhash Place Pitampura, New Delhi, North Delhi, Delhi	innerbhoomi.com	दिल्ली, Rani Baghdelhi, 709, North Delhi	0
2	S1-27270433	S2-69705977	false_positive	India	Thirteen Hair Private Limited	A-212C/Ug 05 Tirupati Plaza, Street No.1, Shakarpur, Delhi, East Delhi, Delhi	tirupati industries private limited	A-212C/UG 05, TIRUPATI PLAZA, STREET NO.1, Delhi	1
2	S1-560569462	S3-73607677	blocking_miss	India	Innovative Enterprise Pvt Ltd	717, Dalamal Tower, 211 Nariman Point, Mumbai, Maharashtra	Innovative Enterprise Pvt		0
2	S1-604561196	S2-77579156	false_negative	US	Adda's Preferred Farms PC	123 Champaign Avenue, Vandalia, IL	pfaddas.com	VANDALIA, IL, 23 CHAMPAIGN AVENUE	1
2	S1-989099156	S2-407706855	blocking_miss	India	Creative Agro Limited	D2, 2Nd Floor, D Wing, Chanakya Chs Ltd, Mahavir Nagar, Kandivali West, Mumbai, Maharashtra	क्रिएटिव एग्रो लिमिटेड	NO. C-67 D2, <NULL>, CHURU, MUMBAI, Maharashtra	0
2	S1-989099156	S2-65751330	blocking_miss	India	Creative Agro Limited	D2, 2Nd Floor, D Wing, Chanakya Chs Ltd, Mahavir Nagar, Kandivali West, Mumbai, Maharashtra	क्रिएटिव एग्रो लिमिटेड	KANDIVALI WEST, CHURU, C-67 D2, Maharashtra, <NULL>	0
2	S1-614632879	S2-176686518	blocking_miss	India	Creative Food Pvt Ltd	Plot No.F 7/8, Dhanashri Bunglow, Chandan Estate, Maniknagar, Pune Road, Ahmednagar, Maharashtra	क्रिएटिव फूड प्रा. लि.	PHOT NO.F 7/8, PUNE ROAD, AHMEDNAGAR, Maharashtra	0
2	S1-309705810	S2-354039020	false_negative	US	Commission on Environmental Protection of Shoreview	1081 Amble Drive, Shoreview, MN	Commission Environmental on Protection of-Shoreview Co		1
2	S1-210026012	S2-410656357	false_negative	US	Chiropractic Care LLC	470425 1086 Road, Muldrow, OK	Chiropractic Care	470423 1086 ROAD, MULDROW, OK	1
2	S1-210026012	S3-111880778	false_negative	US	Chiropractic Care LLC	470425 1086 Road, Muldrow, OK	Rizaumbrazeph	470425 1086 Rd, Muldrow, Oklahoma	1
2	S1-471825556	S2-124366173	blocking_miss	US	Joe Cornerstone Solutions	Ocean City, Unit 502, MD, 1801 Atlantic Avenue	joecornerstonesol.com	ATLANTIC AVENUE, N/A, OECAN CITY, MD	0
2	S1-471825556	S2-657251920	blocking_miss	US	Joe Cornerstone Solutions	Ocean City, Unit 502, MD, 1801 Atlantic Avenue	Fayedelta	1801 ALANTIC AVENUE, N/A, OECAN CITY, MD	0
2	S1-362982307	S2-330560040	false_negative	India	Midland Real Private Limited	H.No. 23, Puneet Vihar Pashchim Puri Road, Agra, Uttar Pradesh	Midland Private Limited Center		1
2	S1-131044299	S2-424159481	blocking_miss	US	757 Broadway Blvd Associates	102 Wick Lane, Whitpain Township, PA	Brixonyxbelo #99883	102 WICK LN, null, BUE BELL, PA	0
2	S1-38671815	S3-197768025	false_negative	India	Venus (India) Info Private Limited	301 3Rd Flr Mahaveer Deep, Ind Est 167 Santacruz, Mumbai, Maharashtra	Venus (India) Inofo Private Limited		0
2	S1-871382695	S2-212338575	false_negative	US	Horizon United	12327 Steeple Lane, Houston, TX	horizon united		1
2	S1-269068471	S2-215586314	false_negative	India	Zero Foundation (India) LLP	No.1-496 (Old No. 1/683) The Yemmiganur Cooperative Building Soci, Ety Colony, Yemmiganur, Vishakhapatnam, Andhra Pradesh	Zero Foundation (India) LLP		1
2	S1-269068471	S3-828185912	false_negative	India	Zero Foundation (India) LLP	No.1-496 (Old No. 1/683) The Yemmiganur Cooperative Building Soci, Ety Colony, Yemmiganur, Vishakhapatnam, Andhra Pradesh	Zero Foundation (India) L.L.P.		0
2	S1-343675026	S2-384258444	false_negative	US	Colonial League LLC	1367 Purchase Street, New Bedford, MA	Colonial League Enterprises		0
2	S1-245763125	S2-642076958	blocking_miss	US	Eastern Suisse	Chesterville, 50 East Road, ME	EASTEM SUISSE	52 EAST ROAD, FARMINGTON, ME	0
2	S1-781356873	S3-322887443	blocking_miss	US	72 Hour Locksmith LLC	5107 Cambridge Street, Sugar Land, TX	72hourlocksmith.com	5107 Cambridge Street, Sugar Land, Texas	0
2	S1-781356873	S3-997035417	false_negative	US	72 Hour Locksmith LLC	5107 Cambridge Street, Sugar Land, TX	Gildfaye	Texas, Sugar Land, Cambridge Street	0
2	S1-498248895	S2-859418771	false_negative	US	Morgan Animal Hospital	452 Wildwood Avenue, Fort Wayne, IN	Morgan Hospital Center	WAYNE, IN, WILDWOOD AVENUE	1
2	S1-339353560	S2-851433279	false_negative	US	4653 Main Ave Owners Corp LLC	668 Main Street, Lancaster, MA	4653 MAIN AVE OWNERS | www.main.com	662 MAIN STREET, LANCASTER CITY, MA	1
2	S1-817783724	S2-313424071	false_positive	US	Value Interstate Pgim LLC	3745 44th Avenue, Minneapolis, MN	Ciraonyx	3745. 44TH AVE, MINNEAPOLIS, MN	1
2	S1-953454738	S2-616622943	blocking_miss	India	Varshini & Co	Block D, Uttar Pradesh, Noida, Gautam Buddha Nagar, Near Mahunaka	Vahrishri & Co	HN 180 BLOCK D, NOIDA, GAUTAM BUDDHA NAGAR, Uttar Pradesh	0
2	S1-236754935	S3-543522195	blocking_miss	US	Rocky Network VI Corp	Orion, 32 Lake Of The Hills, IL	Fluxfaye	32 Lake Of The Hills, Orino, Illinois	0
2	S1-297873582	S2-830135742	blocking_miss	US	Pacific Network PLLC	18526 Hudson Corner Road, Keota, OK	Pacific Nerk PLLC		0
2	S1-297873582	S3-575903646	blocking_miss	US	Pacific Network PLLC	18526 Hudson Corner Road, Keota, OK	Pacific Netw0rk [PLLC] [PLLC]		0
2	S1-833486232	S3-737950629	false_negative	India	Hitech Marketing	9/6661, Old No 632 Nehru Gali Dharampura Gandhi Nagar, Delhi, East Delhi, Delhi	Hitech Mbrketdarg - 1688340807	Hn 474 9/6661, Delhi, East Delhi, दिल्ली	1
2	S1-31687826	S3-167081387	blocking_miss	India	Apex Products Limited	F-101 F/F Type-6A, New Delhi, Central Delhi, Block-F, Central Govt Housing Complex, Deen Dayal Upadhaya Road, Delhi	Dr Apex Products		0
2	S1-508656491	S2-25698907	false_positive	India	Bangalore South Consultants Private Limited	#677, 1St Floor, Desk #158B, 27Th Main, 13Th Cross, Sector 1, Bangalore South, Bangalore, Karnataka	Bangalore South-Consultants Private Límited	H.NO 677 , 1ST FLOOR, 27TH MAIN ROAD, 13TH CROSS, HSR LAYOUT SECTOR 1, BANGALORE SOUTH, Karnataka	1
2	S1-508656491	S2-348474864	false_positive	India	Bangalore South Consultants Private Limited	#677, 1St Floor, Desk #158B, 27Th Main, 13Th Cross, Sector 1, Bangalore South, Bangalore, Karnataka	Bangalore South Consultants Private Ltd	NO 677 , 1ST FLOOR, 27TH MAIN ROAD, 13TH CROSS, HSR LAYOUT SECTOR 1, BANGALORE SOUTH, Karnataka	1
2	S1-508656491	S2-991105108	false_positive	India	Bangalore South Consultants Private Limited	#677, 1St Floor, Desk #158B, 27Th Main, 13Th Cross, Sector 1, Bangalore South, Bangalore, Karnataka	Bangalore South-Consultants Private Limited	#677, 1ST FLOOR, 27TH MAIN ROAD, 13TH CROSS, HSR LAYOUT SECTOR 1, BANGALORE SOUTH, Karnataka	1
2	S1-508656491	S3-343945016	false_positive	India	Bangalore South Consultants Private Limited	#677, 1St Floor, Desk #158B, 27Th Main, 13Th Cross, Sector 1, Bangalore South, Bangalore, Karnataka	Bangalore South Consultants	No 677, 1St Floor, 27Th Main Road, 13Th Cross, Hsr Layout Sector 1, Bangalore, KA	1
2	S1-508656491	S3-845719317	false_positive	India	Bangalore South Consultants Private Limited	#677, 1St Floor, Desk #158B, 27Th Main, 13Th Cross, Sector 1, Bangalore South, Bangalore, Karnataka	Bangalore 5outh Consultants Private Limited	#677, 1St Floor, 27Th Main Road, 13Th Cross, Hsr Layout Sector 1, Bangalore, KA	1
2	S1-508656491	S3-963228570	false_positive	India	Bangalore South Consultants Private Limited	#677, 1St Floor, Desk #158B, 27Th Main, 13Th Cross, Sector 1, Bangalore South, Bangalore, Karnataka	Bangalore South Consultants Private	677, 1St Floor, 27Th Main Road, 13Th Cross, Hsr Layout Sector 1, Bangalore, ಕರ್ನಾಟಕ	1
2	S1-508656491	S3-439819243	false_negative	India	Bangalore South Consultants Private Limited	#677, 1St Floor, Desk #158B, 27Th Main, 13Th Cross, Sector 1, Bangalore South, Bangalore, Karnataka	Bangalore South Consultants Private Limited	#677, Bangalore South, Bangalore, ಕರ್ನಾಟಕ	1
2	S1-352702858	S3-730497437	false_negative	US	American Northland	3908 Conference Cove, Austin, TX	Lyradrexdova	3908 Conference Cove, Austin, TX	1
2	S1-638137359	S3-239764097	false_negative	US	Mangan Bank	New Sharon, 5 Weeks Mills Road, ME	Mangan Bank		1
2	S1-638137359	S3-751953450	false_negative	US	Mangan Bank	New Sharon, 5 Weeks Mills Road, ME	Mangan Bank LP	Weeks Mills Rd, New Sharon, Maine	1
2	S1-29644365	S3-323800301	false_positive	US	Knox's Secure Pizza LLC	22354 Campground Road, Washington County, VA	Knox's Secure Pízza		1
2	S1-200762670	S2-618949361	false_negative	India	Services United Aerated Private Limited	38-40-1, 104 Area, Near Lakshmi Narasimha Th, Visakhapatnam (Urban), Visakhapatnam, Vishakhapatnam, Andhra Pradesh	5ervices United Aerated Limited Services	547 38-40-1, 104 AREA, NEAR LAKSHMI NARASIMHA TH, VISAKHAPATNAM (URBAN), VISHAKHAPATNAM, VIZAG, Andhra Pradesh	1
2	S1-200762670	S3-524450872	false_negative	India	Services United Aerated Private Limited	38-40-1, 104 Area, Near Lakshmi Narasimha Th, Visakhapatnam (Urban), Visakhapatnam, Vishakhapatnam, Andhra Pradesh	Lyracira+	38-40-1, 104 Area, Near Lakshmi Narasimha Th, Visakhapatnam (Urban), Visakhapatnam, Vishakhapatnam, Andhra Pradesh	1
2	S1-570340976	S3-541119894	blocking_miss	India	Jersey & Co	No.3, 9Th Cross, 1St Main, Siddeshwara Layout, Kuduregere Main Road, Bangalore, Karnataka	Jemrhhey & Co	##3, Bangalore, ಕರ್ನಾಟಕ	0
2	S1-402136117	S3-392576998	blocking_miss	India	New Delhi Metal Private Limited	7Th Floor, Konnectus Building, Bhavbhuti Marg, Near Minto Bridge, Conna, Ught Place, New Delhi, Central Delhi, Delhi	newdelhimetal.com	No B3/7th Floor, New Delhi, DL	0
2	S1-262797772	S2-574000402	false_negative	US	Orozco Beacon Eqv	1408 59 Street, Brooklyn, NY	OROZCO BEACON BEACON EQV		1
2	S1-529404573	S3-877688367	false_negative	US	Summit Bright Chemical LLC	7695 Country Club Lane, Athens, OH	Summit Bright Chemical LLC		1
2	S1-828458991	S2-131845375	false_negative	US	Office of Motor Vehicles	17512 13th Avenue, Lynnwood, WA	OFFICE OF MOTOR (VFSHLCCS) (VFSHLCCS)		0
2	S1-846006209	S2-493210329	false_negative	US	Community Project VI	CT, 36 Chapel Hill Road, Sherman	COMMUNITY PROJECT Enterprises		0
2	S1-742530584	S3-339824192	false_negative	US	Thomson's Produce LLC	9287 Ridge Road, Huron, NY	Thomson's Produce Produce		1
2	S1-587086365	S2-126191474	false_negative	US	Scholarship All Alliance	TN, 7334 Dividing Way, Ooltewah	Scholarship All Alliance Co		1
2	S1-757118055	S2-589077281	blocking_miss	India	Bright Impex Private Limited	Surat, Gujarat, 601, Royal Trade Centre Opp. Star Bazar, Pal-Hazira Road, Adajan	બ્રાઇટ ઇમ્પેક્સ પ્રાઇવેટ લિમિટેડ	601, SURAT, Gujarat	0
2	S1-79461496	S3-600192849	blocking_miss	India	Maa Infotech Private Limited	Plot No.37, Tamil Nadu, Tiruvallur, Poonamallee, Ground Floor, Rajiv Nagar 1St Main Road	Maa Infotech Privafte Limited	TN, Thiruvallur, Tiruvallur, 1.	0
2	S1-677047763	S3-838738988	false_positive	India	Southern Foods Private Limited	A-98/2, Iind Floor Okhla Industrial Area, Phase-Ii, New Delhi, South Delhi, Delhi	SOUTHERN FOOD PRIVATE LÍMITED	E-47, Okhla Industrial Area Phase-ii, New Delhi, दिल्ली	1
2	S1-677047763	S2-516737958	false_negative	India	Southern Foods Private Limited	A-98/2, Iind Floor Okhla Industrial Area, Phase-Ii, New Delhi, South Delhi, Delhi	सदर्न फूड्स Private Limited	A-8/2, IIND FLOOR OKHLA INDUSTRIAL AREA, PHASE-II, NEW DELHI, SOUTH DELHI, Delhi	1
2	S1-677047763	S2-779539471	blocking_miss	India	Southern Foods Private Limited	A-98/2, Iind Floor Okhla Industrial Area, Phase-Ii, New Delhi, South Delhi, Delhi	सदर्न फूड्स प्राइवेट लिमिटेड	A-8/2, SOUTH DELHI, NEW DELHI, Delhi	0
2	S1-677047763	S3-161778331	false_negative	India	Southern Foods Private Limited	A-98/2, Iind Floor Okhla Industrial Area, Phase-Ii, New Delhi, South Delhi, Delhi	सदर्न फूड्स प्राइवेट लिमिटेड	A-8/2, Iind Floor Okhla Industrial Area, Phase-ii, दिल्ली, South Delhi, New Delhi	1
2	S1-453952884	S2-659432701	false_negative	US	Christ Emanuel	2090 Eldin Court, Whitestown, IN	CHRIST PARTNERS	1812 ELDIN CT, WHITESTOWN, IN	1
2	S1-764130793	S2-135725061	blocking_miss	India	Prime Services Private Limited	B-7, 3Rd Floor Defence Colony, New Delhi, South Delhi, Delhi	प्राइम सर्विसेज प्राइवेट लिमिटेड	B-7, 3RD FLOOR DEFENCE COLONY, CENTER SECTOR -II ROHINI DELHI, SOUTH DELHI, Delhi	0
2	S1-117616478	S2-142325055	false_negative	US	Lee Defense	12201 Pearl Road, Strongsville, OH	Lee Service	OH, STRONGSVILLE, 12212 PEARL RD	1
2	S1-117616478	S2-774274260	false_negative	US	Lee Defense	12201 Pearl Road, Strongsville, OH	Lee (Services)	12212 Pearl Rd, STRONGSVILLE, OH	1
2	S1-484558021	S2-77436978	false_positive	US	Newman Interstate Montreal Inc.	7057 Maplewood Avenue, Chicago, IL	Newman Interstate-Montreal Inc		1
2	S1-161074631	S2-868832836	false_negative	India	Future Logistics Private Limited	Mahalakshmi Park Durgapur-6, Barddhaman, Bardhaman, Plot No. 505, West Bengal	ফিউচার লজিস্টিকস প্রাইভেট লিমিটেড	DOOR NO 505, BARDDHAMAN, BARDHAMAN, West Bengal	1
2	S1-161074631	S3-118470248	blocking_miss	India	Future Logistics Private Limited	Mahalakshmi Park Durgapur-6, Barddhaman, Bardhaman, Plot No. 505, West Bengal	ফিউচার লজিস্টিকস প্রাইভেট লিমিটেড	No 505, Durgapur, পশ্চিমবঙ্গ	0
2	S1-161074631	S3-866618695	false_negative	India	Future Logistics Private Limited	Mahalakshmi Park Durgapur-6, Barddhaman, Bardhaman, Plot No. 505, West Bengal	ফিউচার লজিস্টিকস প্রাইভেট লিমিটেড	Plot No. 505, Barddhaman, Purba Bardhaman, WB	1
2	S1-199480422	S2-493590140	false_negative	US	Smart Semiconductor Global, LLC	MD, 11334 Cherry Hill Road, Unit 101, Beltsville	Smart Semiconductor Glóbal, LLC		1
2	S1-555203016	S3-766432751	false_negative	US	Better Digital Advisors	19633 Montecito Avenue, Buckeye, AZ	Better Digital		1
2	S1-748860203	S2-638173519	false_negative	US	Regional Rocky Hair Studio P.C.	11567 Partridge Road, Holland, NY	Regional Rócky Hair		1
2	S1-906296392	S2-209345939	false_positive	India	All All Estate Limited	4-4/1, Clover Garden, D-1, Naylor Rd., Pune City, Pune, Maharashtra	All All Consultants Limited	4-4/4, CLOVER GARDEN, D-1, NAYLOR RD., PUNE CITY, महाराष्ट्र	1
2	S1-906296392	S2-901365074	blocking_miss	India	All All Estate Limited	4-4/1, Clover Garden, D-1, Naylor Rd., Pune City, Pune, Maharashtra	ऑल ऑल एस्टेट लिमिटेड	4-4, PUNE CITY, PUNE, Maharashtra	0
2	S1-811284656	S3-334092245	false_negative	US	Guerrero Dental Associates	24 Alford Road, Lewisville, AR	6uerrero Dental	348B Alford Rd, Lewisville, Arkansas	1
2	S1-689444500	S2-565393794	blocking_miss	India	Life Solutions Private Limited	303, Maharashtra, 3Rd Floor, Kumar, Plaza, Kalina Kurla Road, Mumbai	लाइफ सॉल्यूशंस प्राइवेट लिमिटेड	303, GREATER MUMBAI, MUMBAI, Maharashtra	0
2	S1-689444500	S3-477325009	blocking_miss	India	Life Solutions Private Limited	303, Maharashtra, 3Rd Floor, Kumar, Plaza, Kalina Kurla Road, Mumbai	लाइफ सॉल्यूशंस प्राइवेट लिमिटेड	303, Bombay, Mumbai, MH	0
2	S1-193979312	S2-778753676	false_positive	US	Cypress PLLC	4804 Gardenia Avenue, Glendale, AZ	Cypress Greater	480 GARDENIA AVENUE, GLENDALE, AZ	1
2	S1-124267666	S3-39545945	false_negative	India	Smart Construction LLP	Street 4Th Lane, 47 (17) Seniamman Koil, Tondiarpet Fort St George, Chennai, Tamil Nadu	Dr Smart Congsoutcion LLP	(17) Seniamman Koil, Tondiarpet Fort St George, TN	1
2	S1-15911587	S2-448652338	false_positive	US	Regional Transit Ventures Inc.	33 Enterprise Street, Unit 2E, Duxbury, MA	Regional Transit Ventures Inc	35 ENTERPRISE STREET, DUXBURY, MA	1
2	S1-185964550	S2-802842610	blocking_miss	India	Ace Business Private Limited	Amritsar, Punjab, Scf 3, First Floor, Kabir Park Market, Opp. Gndu	ਏਸ ਬਿਜ਼ਨਸ ਪ੍ਰਾਈਵੇਟ ਲਿਮਟਿਡ	SCF 3, AMRITSAR, ਪੰਜਾਬ	0
2	S1-185964550	S2-902433212	blocking_miss	India	Ace Business Private Limited	Amritsar, Punjab, Scf 3, First Floor, Kabir Park Market, Opp. Gndu	businessprivate.com	SCF 3, AMRITSAR, Punjab	0
2	S1-234662663	S2-58531723	blocking_miss	India	Balaji Exports Private Limited	#13, Ag1, Kalaimagal Street, Radha Nagar, Chromepet, Chennai, Tamil Nadu	பாலாஜி எக்ஸ்போர்ட்ஸ் பிரைவேட் லிமிடெட்	#13, CHENNAI M CORP, தமிழ்நாடு	0
2	S1-234662663	S3-181977735	blocking_miss	India	Balaji Exports Private Limited	#13, Ag1, Kalaimagal Street, Radha Nagar, Chromepet, Chennai, Tamil Nadu	பாலாஜி எக்ஸ்போர்ட்ஸ் பிரைவேட் லிமிடெட்	TN, ##13, Chengalpattu, Chennai	0
2	S1-961149925	S3-4692012	false_negative	US	Foot & Ankle Midwest Medicine LLC	3992 Bardstown Road, Lawrenceburg, KY	Foot LLC Ankle Midwest Medicine +		1
2	S1-390765065	S2-331241947	false_negative	India	Laxmi Technology	Ballarad House 2Nd Flooradi Marzban Path Ballard Estate, Mumbai, Maharashtra	SYNBRIXECTO	BALLARAD HOUSE 2ND FLOORADI MARZBAN PATH BALLARD ESTATE, GREATER MUMBAI, MUMBAI, Maharashtra	1
2	S1-882496534	S2-137025301	false_positive	India	Roopika Fittings Private Limited	Jaipur, Rajasthan, Plot No. 102-103, Jaipur, Chhatarpura Villege, Opposite Ashiana Umang, Sez Sampark Road	Maa Care	NO #102-103 , CHHATARPURA VILLEGE, OPPOSITE ASHIANA UMANG, SEZ SAMPARK ROAD, JAIPUR, Rajasthan	1
2	S1-882496534	S3-959273882	false_positive	India	Roopika Fittings Private Limited	Jaipur, Rajasthan, Plot No. 102-103, Jaipur, Chhatarpura Villege, Opposite Ashiana Umang, Sez Sampark Road	Solnexkelo	Plot No. 102-103, Chhatarpura Villege, Opposite Ashiana Umang, Sez Sampark Road, Jaipur, Rajasthan	1
2	S1-382182166	S2-494973242	blocking_miss	India	Vision Properties	B/2104, Zenith, B Wing, P K Road, Near K Kalidas Hall, Opp Keshapada Mulund (W), Mumbai, Mumbai City, Maharashtra	विजन प्रॉपर्टीज	B/2104, MUMBAI, MUMBAI CITY, Maharashtra	0
2	S1-367586627	S3-641520090	false_positive	India	TU Developers Corporation	Plot 150/3360, Raghunathpur, Barang, Cuttack Sadar, Cuttack, Orissa	TM DEVELOPERS CORPORATION	Plot 150/3360, Cuttack, OD	1
2	S1-422219988	S3-117670746	false_negative	India	Electronic Computer Private Limited	Shop No Lg-3 Acharaj Tower-Iichindwara Road, Nagpur, Maharashtra	Electr0nic Computer Limited Center	#B3/788 Shop No Lg-3 Acharaj Tower-iichindwara Roda, Nagpur, MH	1
2	S1-147902075	S3-178587952	blocking_miss	India	Shivam Investments Private Limited	North West, Delhi, Floor Ground, Landmark Near Gupta Colony, Priya Darshini Vihar, House No. 92, Delhi	शिवम इन्वेस्टमेंट्स प्राइवेट लिमिटेड	House No. 92, Delhi, North West, DL	0
2	S1-147902075	S3-524134235	blocking_miss	India	Shivam Investments Private Limited	North West, Delhi, Floor Ground, Landmark Near Gupta Colony, Priya Darshini Vihar, House No. 92, Delhi	5hivam Private Limited Service	House No. 92, North West, Delhi, दिल्ली	0
2	S1-564576273	S3-778722200	false_negative	US	Roda Mendoza Street	1249 13th Street, Des Moines, IA	RODA MENDOZA STREET		1
2	S1-696668228	S2-368883246	blocking_miss	India	Pioneer Future Products Pvt Ltd	Shahdara, F-1/10 F/F, Shahdara, Plot No-10, Block-F-1 Krishna Nagar, Delhi	पायोनियर फ्यूचर प्रोडक्ट्स प्रा. लि.	F-1/10 F/F, PLOT NO-10, BLOCK-F-1 KRISHNA NAGAR, SHAHDARA, Delhi	0
2	S1-696668228	S2-441376930	blocking_miss	India	Pioneer Future Products Pvt Ltd	Shahdara, F-1/10 F/F, Shahdara, Plot No-10, Block-F-1 Krishna Nagar, Delhi	पायोनियर फ्यूचर प्रोडक्ट्स प्रा. लि.	F-1/10 F/F, PLOT NO-10, BLOCK-F-1 KRISHNA NAGAR, SHAHDARA, Delhi	0
2	S1-696668228	S3-149458655	blocking_miss	India	Pioneer Future Products Pvt Ltd	Shahdara, F-1/10 F/F, Shahdara, Plot No-10, Block-F-1 Krishna Nagar, Delhi	पायोनियर फ्यूचर प्रोडक्ट्स प्रा. लि.	F-1/10 F/f, Plot No-10, Block-f-1 Krishna Nagar, Shahdara, Delhi, DL	0
2	S1-696668228	S3-831578161	blocking_miss	India	Pioneer Future Products Pvt Ltd	Shahdara, F-1/10 F/F, Shahdara, Plot No-10, Block-F-1 Krishna Nagar, Delhi	पायोनियर फ्यूचर प्रोडक्ट्स प्रा. लि.	Plot No-10, Block-f-1 Krishna Nagar, Delhi, F-1/10 F/f, DL, Shahdara	0
2	S1-727760881	S2-667863815	false_negative	US	Pediatric Dental Center	299 Marvin Road, Thomasville, NC	Kornex	299 MARVIN ROAD, THOMASVILLE, NC	1
2	S1-727760881	S3-13773945	false_negative	US	Pediatric Dental Center	299 Marvin Road, Thomasville, NC	Pediatric [Dental] Enterprises		0
2	S1-727760881	S3-954739745	blocking_miss	US	Pediatric Dental Center	299 Marvin Road, Thomasville, NC	Evolyra	00299 Marvin Road, Thomaville, North Carolina	0
2	S1-164560604	S3-658787922	false_negative	India	Mangesh Industries Group	N0-37 Anupam Apttsaket, New Delhi, South Delhi, Delhi	Mangesh Industries		1
2	S1-383167878	S2-807755815	blocking_miss	US	Atlantic Federation	3131 Mountain Creek Road, Unit 04B6, Chattanooga, TN	AF	3131 MOUNATIN CREEK RD, CHATTTANOOGA, TN	0
2	S1-188917352	S3-712523510	false_negative	US	Bricklayers Local 932	1799 Bethlehem Road, Franklin County, VA	Bricklayers Local Ventures		0
2	S1-371135122	S2-473618372	false_negative	US	Coastal Cyber Inc	12230 Viewpoint Road, Northport, AL	Coastal Clybbdr lnc	12230 VIEWPOINT RD, PO BOX 5258, NORTHPORT, AL	1
2	S1-371135122	S3-179804987	false_negative	US	Coastal Cyber Inc	12230 Viewpoint Road, Northport, AL	Belofaye	12230 Viewpoint Rd, null, Northport, Alabama	1
2	S1-459520815	S2-188841034	blocking_miss	India	Jay Products Private Limited	Second Floor, Walchand Darshan, Building No. 1, Opp. Dmart, 150Feet Cross Road, Thane, Maharashtra	जय प्रोडक्ट्स प्राइवेट लिमिटेड	THANE, SECOND FLOOR, Maharashtra, THANE	0
2	S1-808302633	S3-677278412	blocking_miss	India	Shyam Tech Private Limited	Anugraha, 7Th Cross, Kalyananagar, Dharwad, Kalyananagar, Dharwad, Dharwar, Karnataka	Shyam Tech Private		0
2	S1-224383425	S2-357569184	false_negative	US	Modern Marketing Services, Inc	1160 West Road, Unit 1, Ashby, MA	Modern Marketing Services, #77758	MA, WEST ROAD, ASHBY	1
2	S1-989902864	S3-132830981	false_negative	India	Suvrat & Brothers Private Limited	Maharashtra, Ramvadi, Kalbadevi Road, Mumbai, 55/25	Shri Vantagenovi (ID: 37033)	A-55/25, Ramvadi, Mumbai, Kalbadevi Road, महाराष्ट्र	1
2	S1-993637944	S3-480677284	false_negative	India	Hitech Modern Estate	D-172 Defence Colony, New Delhi, Delhi	Services Modem Hitech	H.no 33 D-172 Defence Colony, New Delhi, Delhi, DL	1
2	S1-993637944	S3-755565219	blocking_miss	India	Hitech Modern Estate	D-172 Defence Colony, New Delhi, Delhi	हाईटेक मॉडर्न एस्टेट	Door No 33 D-172 Defence Colony, Delhi, New Delhi, DL	0
2	S1-187198158	S3-13785341	false_negative	India	Gvm It Pvt Ltd	Building No 2/335, Chowallur, Talappilly, Thrissur, Kerala	Gvm It Pvt		1
2	S1-378257963	S2-956991232	false_negative	US	Bright Ace Osisko P.C.	7355 Homestead Road, Town Of Manitowoc Rapids, WI	Bright Ace	HOMESTEAD RD, WHITELAW, WI	1
2	S1-388288183	S3-406931048	blocking_miss	India	Jp Beauty Private Limited	Flat No 207, No.500/472/408/472/318/222 Prakruthi Enclave, Bangalore, Karnataka	Jp 8eauty Private Limited	Flat No 207., Bengaluru, Bangalore, KA	0
2	S1-70831988	S2-560430118	false_negative	US	Latrena's Clear Maintenance Care	19248 Bittersweet Avenue, Town Of Grant, WI	clearlatrenasmaintenance.com	19248 BITTERSWEET AVENUE, WARRENS, WI	0
2	S1-20783532	S3-12975785	false_negative	US	Little Cleaning Service Inc	32 Star View Drive, Three Forks, MT	Lumsoltavo	32 Star View Drive, Three Forks, MT	1
2	S1-20783532	S3-2321748	false_negative	US	Little Cleaning Service Inc	32 Star View Drive, Three Forks, MT	Little Cleaning Service	Star View Drive, THRE Forks, Montana	1
2	S1-105500205	S2-662758209	false_negative	India	Magadha King Ltd	Sharda Manor, Flat No., 701, Shivaji Nagar, Nagpur, Maharashtra	Magadha Ltd Center	SHARDA MANOR, FLAT NO., 3-701, SHIVAJI NAGAR, NAGPUR, Maharashtra	1
2	S1-351502969	S3-263644556	false_negative	US	Wardell's Golden Accounting	645 Las Lomitas Road, Tucson, AZ	Warde1l's Golden Accounting	647 Las Lomitas Road, null, Tucson, Arizona	1
2	S1-240769165	S2-653630581	false_positive	US	Demeritt, Carpenter and Davis Inc.	MA, Plymouth, 19 Park Road	Demeritt, Carpenter And Davis Inc	30-A PARK ROAD, PLYMOUTTH CITY, MA	1
2	S1-560399610	S2-146263797	false_negative	India	Shyam Media Private Limited	B/34 1209 Paiki, Vaikunth Vihar Society, Daskroi, Ahmedabad, Gujarat	Smt Shyam Media Private Ltd	B/36 1209 PAIKI, VAIKUNTH VIHAR SOCIETY, DASKROI, Gujarat	1
2	S1-560399610	S3-937045682	false_negative	India	Shyam Media Private Limited	B/34 1209 Paiki, Vaikunth Vihar Society, Daskroi, Ahmedabad, Gujarat	Lumzeph	B/34 1209 Paiki, Vaikunth Vihar Society, Daskroi, Ahmedabad, Gujarat	1
2	S1-965106546	S3-258671985	false_negative	US	Express Associated LLC	5817 Ascot Glen Drive, Henrico County, VA	Express Associated	5819 Ascot Glen Dr, Henrico County, Virginia	1
2	S1-965106546	S3-666712423	false_negative	US	Express Associated LLC	5817 Ascot Glen Drive, Henrico County, VA	Express Associated	Henrico County, Virginia, 5819 Ascot Glen Drive	1
2	S1-965106546	S3-901454252	false_negative	US	Express Associated LLC	5817 Ascot Glen Drive, Henrico County, VA	Express Associated L.L.C.	5819 Ascot Glen Dr, Henrico County, Virginia	1
2	S1-840957068	S3-163288310	blocking_miss	US	Zephance Vance Inc.	1164 Mackubin Street, Unit Apartment 304, Saint Paul, MN	Zephance Vnae Inc.		0
2	S1-982579795	S3-144711383	blocking_miss	US	Cultural League Corp	2354 Nebraska Avenue, Toledo, OH	Vionexkor	Nebraska Avenue, Toledo, Ohio	0
2	S1-614977290	S3-887064849	false_negative	US	Green Automation Solutions	252 26 Street, Brooklyn, NY	Green Automation Solutions		1
2	S1-375755664	S2-406643328	false_positive	India	Nagan Techno Private Limited	Maharashtra, C/O. Shri. Kiran Sudhakar Karandikar, Ganpur, 414/49, Ganpur, Tal.Chopda, Dist.Jalgaon, Jalgaon	NAGGAN TECNHO PRIVATE LIMITED	NO 7 C/O. SHRI. KIRAN SUDHAKAR KARANDIKAR, 414/49, GANPUR, TAL.CHOPDA, DIST.JLAGAON, GANPUR, Maharashtra	1
2	S1-59373327	S2-433997315	false_positive	India	Tangent Institute of Technology	Plot No. G1-191, Riico Industrial Estate, Khuskhera, Tehsil-Tijara, District-Alwar, Tizara, Alwar, Rajasthan	Tangent Institute of Technology Enterprises	Rajasthan, PLOT NO. G1-212, RIICO INDUSTRIAL ESTATE, KHUSKHERA, TEHSIL-TIJARA, DISTRICT-ALWAR, TIZARA	1
2	S1-306310677	S3-910929768	false_negative	India	Rsb & Brothers	B/310 C R Park, New Delhi, South Delhi, Delhi	Dr Rsb & Broetehrs	B/31 C R Park, New Delhi, South Delhi, DL	1
2	S1-405789574	S3-350765935	blocking_miss	India	Sun Finance	Office No. 27, Sujay Garden, 12 Mukund Nagar, Pune, Maharashtra	सन फाइनेंस	Office No. 27, Pune, MH	0
2	S1-405789574	S3-606818368	blocking_miss	India	Sun Finance	Office No. 27, Sujay Garden, 12 Mukund Nagar, Pune, Maharashtra	सन फाइनेंस	Office No. 27, Pune, MH	0
2	S1-549607684	S3-4740615	blocking_miss	India	Pune Flour Private Limited	Pune, C-604, Maharashtra, Poorva Residency, Shiv Sai Road, Pimple Saudagar, Pune	Pune Folcr Private Limited	C-604, Poona, महाराष्ट्र	0
2	S1-829757578	S2-816834829	false_negative	India	Lotus Estate Pvt Ltd	C/O Bindu Devi, Jinpura Rd, Krishna Nagar, Danapur, Patna, Bihar	लोटस एस्टेट प्रा. लि.	PLOT 239 C/O BINDU DEVI, DANAPUR, PATNA, Bihar	0
2	S1-829757578	S3-223539883	false_negative	India	Lotus Estate Pvt Ltd	C/O Bindu Devi, Jinpura Rd, Krishna Nagar, Danapur, Patna, Bihar	L0tus Pvt Ltd Partners	C/o Bindu Devi, Danapur, Patna, BR	1
2	S1-829757578	S3-908076603	blocking_miss	India	Lotus Estate Pvt Ltd	C/O Bindu Devi, Jinpura Rd, Krishna Nagar, Danapur, Patna, Bihar	lotusestate.com	C/o Binou Devi, Danapur, Patna, बिहार	0
2	S1-355861679	S2-265325047	false_negative	US	Escalante Investments Inc	2842 Inca Lane, Winston-salem, NC	ESCALANTE ÍNVESTMENTS INC		1
2	S1-568689262	S2-209919809	false_negative	India	Mumbai Gases Private Limited	Level Lg, 02&03, Wing B, Art Guild House Phoenixmarket City Mall, Lbs Marg, Kurla-W, Mumbai, Mumbai City, Maharashtra	Mumbai 6ases Private Ltd	DOOR NO 9-745 LEVEL LG, 02&03, WING B, ART GUILD HOUSE PHOENIXMARKET CITY MALL, LBS MARG, KURLA-W, MUMBAI, महाराष्ट्र	1
2	S1-915179993	S2-969788347	false_positive	India	Kolkata Urban Ltd	Iv Floor, P-44, Rabindra Sarani, Kolkata, Kolkata, Howrah, West Bengal	private kolkata services limited	P-G-44 RABINDRA SARANI, KOLKATA, HOWRAH, West Bengal	1
2	S1-915179993	S3-698610668	blocking_miss	India	Kolkata Urban Ltd	Iv Floor, P-44, Rabindra Sarani, Kolkata, Kolkata, Howrah, West Bengal	Ltd. Kolkata Urban	H.no 581 Iv Floor, WB, Dalhousie, Howrah	0
2	S1-915179993	S3-74419100	blocking_miss	India	Kolkata Urban Ltd	Iv Floor, P-44, Rabindra Sarani, Kolkata, Kolkata, Howrah, West Bengal	Kolkata Ltd Center Enterprises		0
2	S1-915179993	S3-981696492	false_negative	India	Kolkata Urban Ltd	Iv Floor, P-44, Rabindra Sarani, Kolkata, Kolkata, Howrah, West Bengal	Kolkata Ltd Pártners	H.no 581 Iv Floor, P-44, Rabindra Sarani, Kolkata, Dalhousie, Howrah, WB	1
2	S1-847812048	S3-250690556	false_negative	US	Mullin Biopharma Associates	11733 Westwood Road, Bldg Left, Alden, NY	Ariacalo	11733 Westwood Road, Bldg. Left, Alden, New York	1
2	S1-267956470	S2-830929046	false_negative	US	Lyra Third	400 Earll Drive, Unit 335, Phoenix, AZ	Lyra Tddah	400 EARLL DR, OSBORN, AZ	1
2	S1-26795149	S2-152877559	false_negative	US	Gomez Enterprises LLC	171-20 Mayfield Road, Jamaica, NY	Gomez LLC Enterprises (ID: 51641)	171-2 MAYFIELD RD, JAMAICA, NY	1
2	S1-26795149	S3-795843707	false_negative	US	Gomez Enterprises LLC	171-20 Mayfield Road, Jamaica, NY	Belosol	171-20 Mayfield Rd, Jamaica, New York	1
2	S1-28582512	S3-430395988	false_negative	US	Laia Inc	5256 3rd Place, Renton, WA	Soldrex	5256 Therd Pl, Renton, Washington	0
2	S1-949363281	S3-63061820	false_negative	US	Caple Smith, LLC	23491 580 Road, Afton, OK	Caple Smith,	23855 580 Rd, Afton, Oklahoma	1
2	S1-42264038	S2-974894705	blocking_miss	US	Crystal Supply Consultants, Inc	917 3rd Street, Elkhart, IN	csconsultants.com	917 THIRD ST, ELKHART, IN	0
2	S1-109951116	S3-43375578	false_negative	US	Nolan, Kammer and Watterson LP	111 Navajo Avenue, Thousand Oaks, CA	Nolan, Kamdalr and Watterson LP		1
2	S1-971062	S3-178269051	blocking_miss	India	Wave Estates (India) Limited	Flat No.301, Nandinivas Apts, Plot No 1163 21St Cross, 3Rd Sector, Hsr Layout, Bangalore, Karnataka	waveestatesindia.com	1, Bangalore, ಕರ್ನಾಟಕ	0
2	S1-971062	S3-277593792	false_negative	India	Wave Estates (India) Limited	Flat No.301, Nandinivas Apts, Plot No 1163 21St Cross, 3Rd Sector, Hsr Layout, Bangalore, Karnataka	Wave-Estates (Índia) Ltd	1, Bangalore, KA	1
2	S1-971062	S3-566924883	blocking_miss	India	Wave Estates (India) Limited	Flat No.301, Nandinivas Apts, Plot No 1163 21St Cross, 3Rd Sector, Hsr Layout, Bangalore, Karnataka	waveestatesindia.com	#30, Bengaluru, Bangalore, KA	0
2	S1-971062	S3-708818597	false_negative	India	Wave Estates (India) Limited	Flat No.301, Nandinivas Apts, Plot No 1163 21St Cross, 3Rd Sector, Hsr Layout, Bangalore, Karnataka	Wave Estates (India)		1
2	S1-405132837	S3-606687323	false_negative	India	Lion Charitable Trust	A-34 Munjal Nagar No 2Chembur, Mumbai, Maharashtra	Lion Ctraitab1e Trust		1
2	S1-469623247	S2-891315426	false_negative	India	Premier Developers Private Limited	Flat No. B/08, Twinkle Apartment Chs Ltd, Lokhandwala Complex, Costa Cofee, Andher, I(W), Mumbai, Mumbai City, Maharashtra	Premier Developers Private		1
2	S1-469623247	S3-599940534	blocking_miss	India	Premier Developers Private Limited	Flat No. B/08, Twinkle Apartment Chs Ltd, Lokhandwala Complex, Costa Cofee, Andher, I(W), Mumbai, Mumbai City, Maharashtra	*** Premier Private Limited Center	Flat No. B/08, Mumbai City, Mumbai, MH	0
2	S1-732736054	S2-731709602	false_negative	India	Gujarat Consultants Private Limited	G/F Plot No-25-A, 25-B, 25-C Kh No- 141/3 Dichaon Enclave B-Block Gali No-3, Najafgarh, South West Delhi, Delhi	गुजरात कंसल्टेंट्स प्राइवेट लिमिटेड	G/F PLOT NO-25-A, NAJAFGARH, SOUTH WEST DELHI, Delhi	1
2	S1-427953563	S3-619732641	blocking_miss	India	Narsingh Traders Private Limited	3-4, Diamond Trade Colony Unit No. 206, Indore, Madhya Pradesh	Drexirixylo	No. B3/955 3-4, Indore, Madhyapradesh, MP	0
2	S1-9132548	S3-102613834	false_negative	India	DP (india) Pvt. Ltd.	72-G, Chesney Estate, Commander-In-Chief Road, Commander-In-Chief Road, Madras - 600 105., Tamil Nadu	Ciranyla	72, Chesney Estate, Commander-in-chief Road, Madras - 600 105., Commander-in-chief Road, TN	1
2	S1-993641918	S2-388208538	false_negative	US	Brookhaven Premier Esports Inc.	NY, 66 Miller Place Middle Island Road, Brookhaven	Brookhaven Premier Esports		1
2	S1-45097379	S3-645390288	blocking_miss	US	Fresh Industrials LLC	20 Cleveland Avenue, Unit 3, MA, Brockton	freshindustrials.com	20 Cleleland Avenue, PMB 7497, Brockton, Massachusetts	0
2	S1-137892431	S2-698414357	false_positive	US	Doralyn Heise Delta Acquisitions LLC	950 25th Street, Unit 726N, Washington, DC	GAINES HEISE DELTA ACQUISITIONS LLC	950- 25TH ST, WASHINGTON, DC	1
2	S1-832935788	S2-921477783	blocking_miss	India	High Projects Private Limited	Shop No.33, Ground Floor, Grand Square, Anand Nagar Ghodbunder Road, Boriwade, Thane, Maharashtra	हाई प्रोजेक्ट्स प्राइवेट लिमिटेड	#33, THANE, महाराष्ट्र	0
2	S1-962253889	S2-245818554	false_negative	India	Smart Hospitality Pvt Ltd	C/O Shiv Kumar, V T H Singh Bargodam Feeder, Kalka, Panchkula, Haryana	स्मार्ट हॉस्पिटैलिटी प्रा. लि.	HN D/858 C/O SHIV KUMAR, PANCHKULA, KALKA, हरियाणा	1
2	S1-707247601	S2-302119650	false_negative	US	Crestline LLC	3430 42nd Avenue, Unit APT 6, Anchorage, AK	Crestline LLC Trading		0
2	S1-707247601	S3-750886332	false_negative	US	Crestline LLC	3430 42nd Avenue, Unit APT 6, Anchorage, AK	Crestline (LLC)		1
2	S1-245199958	S3-525299979	false_negative	India	Shanghai Services (India) Pvt Ltd	257/56/57 Kandhatikat Ganj, Aishbagh, Lucknow, Uttar Pradesh	siservices.com	Kandhatikat Ganj, Lucknow Vasant Kunj Yojna, UP	1
2	S1-373264397	S3-979815308	false_negative	US	Bowman Oceanhawk Corp	5213 Avalon Way, Bldg 5000, Shrewsbury, MA	B0wman Oceanhawk	Avalon Way, Building 5000, Shrewsbury, Massachusetts	1
2	S1-125521011	S2-881615228	false_negative	India	Esar Trading LLP	No. 201 A, 17Th A Main, 22Nd A Cross, 3Rd Sector, Hsr Layout, Bangalore, Karnataka	Esar Trading		1
2	S1-125521011	S3-21206467	false_negative	India	Esar Trading LLP	No. 201 A, 17Th A Main, 22Nd A Cross, 3Rd Sector, Hsr Layout, Bangalore, Karnataka	Esar LLP Services	No 20 A, Bangalore, ಕರ್ನಾಟಕ	1
2	S1-944255684	S3-60602953	false_negative	US	Horizon LLC	1309 Saint Adalbert Avenue, Dayton, OH	Drexfaye	1309 Saint Adalbert Ave, Dayton Ccity, Ohio	1
2	S1-918453544	S3-223045777	false_negative	US	VOL Delta Nextera Inc	2139 Wharton Road, Abington Township, PA	V0L Delta Nextera	2139-2141 Wharton Road, NULL, Abington Township, Pennsylvania	1
2	S1-366525907	S2-534520354	false_negative	US	Martin Total Housing	301 Florida Avenue, Unit Apartment 118, City Of Appleton, WI	Martin Total	30 FLORIDA AVE, CITY OF APPLETON, WI	1
2	S1-137014284	S2-951621227	false_negative	India	Cawnpore Sangh	No. 28 Sidco, Olympia Teknos Park, Tamil Nadu, Level 8 & 9, Chennai, Chennai City Corporation	Mr Cawnp0re Sangh	LEVEL 8/7 & 9, NO. 28 SIDCO, OLYMPIA TEKNOS PARK, CHENNAI CITY CORPORATION, Tamil Nadu	1
2	S1-137014284	S3-906017920	blocking_miss	India	Cawnpore Sangh	No. 28 Sidco, Olympia Teknos Park, Tamil Nadu, Level 8 & 9, Chennai, Chennai City Corporation	Shri Cawnporesangh.Com	Level 8 & 9, null, Chennai City Region, Chennai, TN	0
2	S1-218019814	S2-954916793	false_positive	US	Kies Chicago	1606 Essex Heights Drive, Desoto, MO	Kies Chicago		1
2	S1-218019814	S3-812707601	false_positive	US	Kies Chicago	1606 Essex Heights Drive, Desoto, MO	Kies Chicago		1
2	S1-203547220	S3-522287157	false_negative	US	Peak Frontier Pebblebrook	2124 Locust Street, Anderson, IN	Peak Frontier Pebblebrook Inc		1
2	S1-211769973	S2-331999439	false_negative	US	N & R Telephone LLC	Canby, 1400 Elm Street, Unit #101, OR	Deltahalonex	1400 ELM STREET, CANBY, OR	1
2	S1-686650709	S2-972132656	false_negative	US	Hogan Ventures LLC	209 Baker Avenue, Lodi Village, OH	Keloriza	209 BAKER AVENUE, LODI, OH	1
2	S1-370304707	S2-619800511	blocking_miss	India	Durgesh & Co	4Th Floor, Nawab Building, Dadabhai Nawroji Road Hutatma Chowk, Fort, Mumbai Mumbai, Maharashtra., Mumbai, Maharashtra	DDUTGTSH & CO	MUMBAI, 4TH FLOOR, MUMBAI, Maharashtra	0
2	S1-392842068	S3-896404561	false_negative	India	Alpha Developers Private Limited	Plot No-35, Gut No-148/P, Chandrasekhar Nagar Alok Nagar Road, Aurangabad, Maharashtra	Alpha Developers		0
2	S1-897868905	S2-892269425	false_negative	India	Bombay Technologies LLP	Shop No.123, Mohali Citi, Centre Walk, Block-E, Mote Majra, S.A.S.Nagar (Mohali), Rupnagar, Punjab	ਬੰਬੇ ਟੈਕਨਾਲੋਜੀਜ਼ ਐਲਐਲਪੀ	S.A.S.NAGAR (MOHALI), RUPNAGAR, Punjab, SHOP NO.123	1
2	S1-897868905	S3-352276614	false_negative	India	Bombay Technologies LLP	Shop No.123, Mohali Citi, Centre Walk, Block-E, Mote Majra, S.A.S.Nagar (Mohali), Rupnagar, Punjab	ਬੰਬੇ ਟੈਕਨਾਲੋਜੀਜ਼ ਐਲਐਲਪੀ	#6-123, Mohali Citi, Centre Walk, Block-e, Mote Majra, S.a.s.nagar (Mohali), Rupnagar, ਪੰਜਾਬ	1
2	S1-897868905	S3-822250210	false_negative	India	Bombay Technologies LLP	Shop No.123, Mohali Citi, Centre Walk, Block-E, Mote Majra, S.A.S.Nagar (Mohali), Rupnagar, Punjab	ਬੰਬੇ ਟੈਕਨਾਲੋਜੀਜ਼ ਐਲਐਲਪੀ	Sohp No.6-123, Mohali Citi, Centre Walk, Block-e, Mote Majra, S.a.s.nagar (Mohali), Rupnagar, PB	1
2	S1-506698161	S2-32873902	false_negative	India	Circle Academy Limited	Shop No-3253, Konark Indrayu Business, Hub Sn-7/1, 7/2 Kondhwa Kd., Pune City, Pune, Maharashtra	CIRCLE ACHCTADEHMY (LIMITED)	SHOP NO-6253, KONARK INDRAYU BUSINESS, HUB SN-7/1, 7/2 KONDHWA KD., PUNE CITY, महाराष्ट्र	1
2	S1-506698161	S2-392242108	blocking_miss	India	Circle Academy Limited	Shop No-3253, Konark Indrayu Business, Hub Sn-7/1, 7/2 Kondhwa Kd., Pune City, Pune, Maharashtra	Kortavo	SHOP NO-6253, PUNE, PUNE CITY, Maharashtra	0
2	S1-618941484	S2-142152530	blocking_miss	US	Pacific Solutions	N11128 County Road F, Phillips, WI	Pacific Center & Co		0
2	S1-41794617	S2-583483039	false_negative	US	Tang Custom Impact LLC	200 Vernon Street, Unit 222S, Worcester, MA	Tang Csm lmpact LLC	215 VERNON STREET, WORCESTER, MA	1
2	S1-880910698	S2-559753192	false_negative	US	Bladenboro Behavioral Health Smart Medicine	11616 41, Bladenboro, NC	ARIAGILDVIO	11616 41, BLADENBORO, NC	1
2	S1-926438470	S2-750070041	blocking_miss	US	Atlantic Edison LLC	102 18th Street, MN, Austin	atlanticedison.com	102 18TH ST, AUSTIN, MN	0
2	S1-317560102	S2-346383238	false_negative	US	Helios Inc	7795 Antelope Road, Unit APT 46, Citrus Heights, CA	Dovatavo	7795 ANTELOPE RD, CITRUS HEIGHTS, CA	1
2	S1-11672589	S2-4234687	false_positive	US	Qunet Group	2103 Poplar Grove Street, Baltimore, MD	Quodelta Group	2103 POPLAR GROVE ST, BALTIMORE, MD	1
2	S1-787722214	S3-555881838	false_positive	India	Ravianth Events Private Limited	H-104, Krishna Residency, G/H Chs Ltd. Sunder Nagar Near Dalmia College Malad(W, Mumbai, Mumbai City, Maharashtra	Raviantha Events Limited Private #52662	H-104, Krishna Residency, G/h Chs Ltd. Sunder Nagar Near Dalmia College Malad(w, Mumbai, Mumbai City, MH	1
2	S1-787722214	S3-335679480	false_negative	India	Ravianth Events Private Limited	H-104, Krishna Residency, G/H Chs Ltd. Sunder Nagar Near Dalmia College Malad(W, Mumbai, Mumbai City, Maharashtra	Iriarckelo	H-104, Krishna Residency, G/h Chs Ltd. Sunder Nagar Near Dalmia College Malad(w, Mumbai, Mumbai City, महाराष्ट्र	1
2	S1-787722214	S3-828827879	blocking_miss	India	Ravianth Events Private Limited	H-104, Krishna Residency, G/H Chs Ltd. Sunder Nagar Near Dalmia College Malad(W, Mumbai, Mumbai City, Maharashtra	#ravianthevents	H-104, Mumbai, Mumbai City, MH	0
2	S1-407391464	S2-850652279	false_negative	US	UG Smart Suma	1270 Sunset Avenue, Cincinnati, OH	GILDCIRA	1270 SUNSET AVE, CINCINNATI, OH	1
2	S1-261922024	S3-237901376	false_negative	India	Sun Ventures Pvt Ltd	Plot No.232, Besides Pinnacle School, Harda, Madhya Pradesh	सन वेंचर्स प्रा. लि.	Plot No.132, Besides Pinnacle School, Harda, MP	1
2	S1-355940769	S2-378755635	blocking_miss	India	Swastik Products Private Limited	C-49 T/F B Kalkaji, New Delhi, South Delhi, Delhi	स्वस्तिक प्रोडक्ट्स प्राइवेट लिमिटेड	C-##49 T/F B KALKAJI, NEW DELHI, SOUTHEAST DELHI, दिल्ली	0
2	S1-355940769	S3-97483439	blocking_miss	India	Swastik Products Private Limited	C-49 T/F B Kalkaji, New Delhi, South Delhi, Delhi	swastikproducts.com	C-49 T/f B Kalkaji, South Delhi, DL, South Delhi	0
2	S1-817718304	S2-33971006	false_negative	India	East Delhi Coimbatore Pvt. Ltd.	Office No. S-11, 2Nd Floor Star City, Mayur Place, New Delhi, East Delhi, Delhi	-- East Delhi Coimbatore Pvt. Ltd.	H.NO 805 OFFICE NO. S-11, EAST DELHI, Delhi	1
2	S1-939115713	S3-82714897	false_negative	India	Jasper Bio Private Limited	House No- 845, Anand Nagar, Jogaiwadi, Ambejogai, Bid, Maharashtra	Jasper Bio Prívate Limited		1
2	S1-509091967	S2-451296262	false_negative	India	Agencies Labs Private Limited	No 13, Sai Colony Belathur, Kadugodi, Bangalore, Karnataka	Agencies Labs Private		1
2	S1-764219984	S2-4360289	false_negative	India	Life Marketing Private Limited	Plot No. 3, Navjeevan Society 2, Near Mahavir Hall, Gujarat, Vadodara, 1St Floor, Vadodara	લાઇફ માર્કેટિંગ પ્રાઇવેટ લિમિટેડ	NO ST FLOOR, VADODARA, Gujarat	1
2	S1-764219984	S3-194199854	false_negative	India	Life Marketing Private Limited	Plot No. 3, Navjeevan Society 2, Near Mahavir Hall, Gujarat, Vadodara, 1St Floor, Vadodara	Dr Life Marketing Private	1St Floor, NULL, Vadodara, GJ	1
2	S1-764219984	S3-464534413	false_negative	India	Life Marketing Private Limited	Plot No. 3, Navjeevan Society 2, Near Mahavir Hall, Gujarat, Vadodara, 1St Floor, Vadodara	લાઇફ માર્કેટિંગ પ્રાઇવેટ લિમિટેડ	GJ, Vadodara, NULL, Vadodara, Door No 1St Floor	1
2	S1-610954271	S3-374497471	false_negative	India	Spg (India) Paints	30 Cirus, Amaipakkam Township, Anupuram Post Offic, E, Thirukalukundram, Kancheepuram, Tamil Nadu	Spg (India) Service	30/4 Cirus, Kancheepuram, Thirukalukundram, TN	1
2	S1-847599813	S2-393447660	false_negative	US	Clean Pioneer Tsakos, Inc	6931 Collingwood Lane, Unit Unit 5, Woodbury, MN	Clean Pioneer Tsakos, Incorporated		1
2	S1-1488791	S2-737507063	false_negative	US	Regional Algonquin Inc	Audubon, MN, 11999 Lake Maud Trail, Unit Unit 2	Solbeloorbi	11999 LAKE MAUD TRL, AUUDBON, MN	1
2	S1-653576701	S3-980850950	blocking_miss	India	Sun Enterprises	Flat No. H-202, Mahim Iris-2 Apartment, Plot No. 3, Swage Farm, New Sanganer, Ro, Ad, Jaipur, Rajasthan	sunenterprises.com	046 Flat No. H-202, Mansarovar, RJ	0
2	S1-633706277	S3-869236003	false_negative	India	Paramount Vision Private Limited	C/O Kamaleswari Prasad Singh At-Gorgawan, Po-Dumariya, Ps-Belhar, Dis, T-Banka, Banka, Bihar	Paramount Vision Limited Private		1
2	S1-40149720	S2-809687097	false_negative	US	Liberty Initiative	Bethesda, 7105 Nevis Road, MD	Ariadovajax	7105 NEVIS RD, PO BOX 5573, BETHESDA, MD	1
2	S1-495702655	S2-273046548	false_positive	US	Solus Pegasus	16610 15th Street, Lake Saint Croix Beach, MN	SOLUZ (PEGASUS)	16610-B FIFTEENTH STREET, LAKE ST CROIX BEACH, MN	1
2	S1-437740294	S2-509058502	singleton_false_merge	US	Merlin and Herrera Chesapeake	5221 Longridge Road, De Witt, NY	TINSLEY AND HERRERA CHESAPEAKE	5221 LONGRIDGE RD, JAMESVILLE, NY	1
2	S1-953526649	S2-163194328	false_negative	India	Bombay Global Private Limited	H. No. 271, Ground Floor Shop, Kh. No. 10, Kunj Gali, Street No.1, Village Shalimar, Bagh, Delhi, North West, Delhi	Bombay Global Private		1
2	S1-953526649	S2-983383924	blocking_miss	India	Bombay Global Private Limited	H. No. 271, Ground Floor Shop, Kh. No. 10, Kunj Gali, Street No.1, Village Shalimar, Bagh, Delhi, North West, Delhi	B0mbay Global Private Limited	271, दिल्ली, NORTH WEST	0
2	S1-952288153	S2-452644831	false_negative	India	Future Infotech	13-11-107/402, Sai Krupa, Pragati Nagar, Gaddiannara, Saroornagar, Hyderabad, Telangana	ఫ్యూచర్ ఇన్ఫోటెక్	3-11-107/402, SAROORNAGAR, HYDERABAD, Andhra Pradesh	1
2	S1-952288153	S2-816971155	false_negative	India	Future Infotech	13-11-107/402, Sai Krupa, Pragati Nagar, Gaddiannara, Saroornagar, Hyderabad, Telangana	Shri Future Infotech Corporation	3-11-107/402, SAI KRUPA, PRAGATI NAGAR, GADDIANNARA, SAROORNAGAR, Andhra Pradesh	1
2	S1-952288153	S3-278778984	false_negative	India	Future Infotech	13-11-107/402, Sai Krupa, Pragati Nagar, Gaddiannara, Saroornagar, Hyderabad, Telangana	ఫ్యూచర్ ఇన్ఫోటెక్	1-13-11-107/402, Sai Krupa, Pragati Nagar, Gaddiannara, Saroornagar, Hyderabad, Andhra Pradesh	1
2	S1-805248506	S3-120706023	false_negative	India	Beekay Solutions Limited	Plot No-36/11/198, Main Road Gulipatna, Umerkote, Nabarangpur, Orissa	Irionyx Sys	Plot No-36/11/198, Main Road Gulipatna, Umerkote, Nabarangpur, Orissa	1
2	S1-861540104	S2-681876569	blocking_miss	India	Green Impex Private Limited	H No: 2-20, Eravennu, Warangal, Warangal Urban, Telangana	GREENIMPEX.COM	H NO: 2-20, ERAVENNU, WARANGAL, Telangana	0
2	S1-69803785	S2-90942759	blocking_miss	India	Arihant Consultancy Private Limited	C-195, Ground Floor Anand Vihar, Delhi, East Delhi, Delhi	अरिहंत कंसल्टेंसी प्राइवेट लिमिटेड	C-195, DELHI	0
2	S1-424299367	S3-761711741	singleton_false_merge	US	Professional Packaging Solutions Corp	288 Reiman Street, Unit Apartment 1, Sloan, NY	Professional Packaging Solutions		1
2	S1-923392553	S2-728346742	blocking_miss	US	Ear Nose & Throat Medicine	539 Old Town Way, Hanover, MA	earnose.com	#539 OLD TOWN WAY, HANOVER, MA	0
2	S1-625514000	S2-456829659	blocking_miss	India	Godavari India Limited	Delhi, West Delhi, Plot No 30, Nand Ram Park Mahaveer Enclave Near 60 Foot Road, New Delhi	6odavari Limited Services	#30, WEST DELHI, NEW DELHI, दिल्ली	0
2	S1-63356273	S3-946881402	false_negative	US	Bastion Inc.	41 Deer Field Circle, Northumberland County, VA	Xylovantage	##41 Deer Field Circle, Callao, Virginia	1
2	S1-131746315	S2-336652483	false_negative	India	GX Land Private Limited	B-1/204, Maharashtra, Thane, Bright Star Chs, Ltd, Phase Yashaswvi Nagar, Thane	GX Private Limited Service	H.NO 54 B-1/204, BRIGHT STAR CHS, LTD, PHASE YASHASWVI NAGAR, THANE, महाराष्ट्र	1
2	S1-131746315	S3-581204361	false_negative	India	GX Land Private Limited	B-1/204, Maharashtra, Thane, Bright Star Chs, Ltd, Phase Yashaswvi Nagar, Thane	Nylatavo	B-1/204, Bright Star Chs, Ltd, Phase Yashaswvi Nagar, Thane, MH	1
2	S1-963668454	S3-275552194	singleton_false_merge	India	Sky It Private Limited	Bangalore, Karnataka, Second Floor, Sampige Main Road, Malleshwaram, Bangalore, No 35/3	Sky Industries Private (Limited)	No 35/4, Second Floor, Sampige Main Road, Malleshwaram, KA, Bangalore	1
2	S1-883452687	S3-838966620	false_negative	US	Atlantic Institute	701 5th Street, Noble, OK	Atlantic Institute Co		1
2	S1-540948094	S2-28142967	blocking_miss	US	Cardiology Better Associates LLC	276 K Street, Fl Floor 2, Benicia, CA	BCASSOCIATES.COM	276 K ST, BENICIA, CA	0
2	S1-439978240	S2-224294461	false_negative	India	Real Services Private Limited	301/302, Gateway Plaza, Hirananadani Gardens, Powai, Mumbai, Mumbai City, Maharashtra	REAL 5ERVICES PRIVATE	301/302, GATEWAY PLAZA, HIRANANADANI GARDENS, POWAI, MUMBAI, Maharashtra	1
2	S1-439978240	S3-872741879	false_negative	India	Real Services Private Limited	301/302, Gateway Plaza, Hirananadani Gardens, Powai, Mumbai, Mumbai City, Maharashtra	रियल Services प्राइवेट लिमिटेड	301/302/8, Gateway Plaza, Hirananadani Gardens, Powai, Mumbai Suburban, Mumbai City, MH	1
2	S1-220851648	S3-517465200	false_negative	India	Anurag Vidyalaya Private Limited	Fl-011, Marvel Building Plot -17, Sector-07, New Panvel West, Navimumbai, Raigarh, Maharashtra	Anurag Vidyalaya Private Ltd #8691	No. 708 Fl-011, Navimumbai, Raigarh, महाराष्ट्र	1
2	S1-366347462	S3-753399975	blocking_miss	US	Foot & Ankle Health, LLC	33 Harrison Avenue, South Shore, KY	footanklehealth.com	33. Harrison Avenue, South Shore, Kentucky	0
2	S1-353232243	S2-922369583	false_negative	US	Aguilar Federal Products LLC	96 Sebastian Street, Somerset, MA	AGUILAR FEDERAL	103 SEBASTIAN STREET, SOMERSET, MA	1
2	S1-932816505	S3-501487415	false_negative	US	TK Service Partners	1844 Weiland Lane, Unit Apartment 1, City Of Appleton, WI	TK Service Services	# Apartment 1, Wisconsin, 184 Weiland Ln, City Of Appleton	1
2	S1-932816505	S3-687577998	false_negative	US	TK Service Partners	1844 Weiland Lane, Unit Apartment 1, City Of Appleton, WI	TK Service Service	184 Weiland Lane, City Of Appleton, Wisconsin	1
2	S1-846560488	S2-862660967	singleton_false_merge	India	EZ Forex Limited	73 Anna Nagar, Sowripalayam Piruvu Ramanathapuram, Coimbatore, Tamil Nadu	EA Forex Ltd	DOOR NO 73 ANNA NAGAR, SOWRIPALAYAM PIRUVU RAMANATHAPURAM, COIMBATORE, Tamil Nadu	1
2	S1-988190724	S2-900314756	false_negative	India	Nk Traders LLP	Karur, Tamil Nadu, Karur, Sf No, 116, 117, Plot No: 52, Kamaraj Nagar, Thanthoni	NK-LLP CENTER	SF NO, KARUR, Tamil Nadu	1
2	S1-401032443	S3-978069876	false_negative	US	West Lng LLC	4814 Arbutus Avenue, Rockville, MD	West LLC LLC Services	4814-4818 Arbutus Ave, Rockville, Maryland	1
2	S1-312078045	S3-685987527	blocking_miss	US	Vision Partners LLC	Hempstead, Unit Apartment 131, NY, 50 Jackson Street	Vision Partners LLC District		0
2	S1-109653867	S2-658088622	blocking_miss	India	Guru Projects Pvt Ltd	Chennai, Tamil Nadu, Chennai City Corporation, No: 1/2 Firstfloor, Durai Swamy Road	குரு புராஜெக்ட்ஸ் பிரைவேட் லிமிடெட்	NO: 1/2 FIRSTFLOOR, CHENNAI CITY CORPORATION, CHENNAI, Tamil Nadu	0
2	S1-109653867	S3-63521277	blocking_miss	India	Guru Projects Pvt Ltd	Chennai, Tamil Nadu, Chennai City Corporation, No: 1/2 Firstfloor, Durai Swamy Road	குரு புராஜெக்ட்ஸ் பிரைவேட் லிமிடெட்	No: 1/2 Firstfloor, Chennai City Corporation, TN	0
2	S1-385083251	S2-264246343	blocking_miss	India	Tirupati Software Private Limited	21, Delhi, Central Delhi, New Delhi, Daya Nand Road, Darya Ganj	तिरुपति सॉफ्टवेयर प्राइवेट लिमिटेड	#21, NEW DELHI, CENTRAL DELHI, Delhi	0
2	S1-178647279	S2-36783681	false_negative	US	Select Supreme Generation Ltd	446 Woodland Drive, Tonawanda, NY	Select Supreme Ltd Center		1
2	S1-178647279	S2-560859233	false_negative	US	Select Supreme Generation Ltd	446 Woodland Drive, Tonawanda, NY	Select Supreme-Generation		1
2	S1-102554652	S2-589040472	false_negative	US	Halcari Design Inc	53 Austin Circle, Hazard, KY	[PARTNERS] HALCARI INC	1-3 AUSTIN CIRCLE, HAZARD, KY	1
2	S1-998340088	S3-411464551	false_positive	US	Wilhelmine's Medical Group	6216 Vanderslice Road, Fort Mohave, AZ	Wilhelmine's Medical		1
2	S1-998340088	S3-367627125	false_negative	US	Wilhelmine's Medical Group	6216 Vanderslice Road, Fort Mohave, AZ	Miradrex	621 Vanderslice Road, Fort Mohave, Arizona	1
2	S1-843517836	S3-803099674	blocking_miss	India	New Agro	House No. 3 K 57 Vigyan Nagar, Rajasthan, Kota	M/s New Agro Ltd		0
2	S1-891479182	S3-227783492	blocking_miss	US	Bright Douglas LLC	702 22nd Street, Wilmington, DE	Bright Dougla-Llc	702-C 22st St, Wilminngton, Delaware	0
2	S1-199666175	S2-57046377	blocking_miss	India	Al Ventures Private Limited	2C, Avenue South, Ground Floor O- Santoshpur, Ps- Purva Jadavpur, Dist-, 24Pgs(S), Kolkata, Kolkata, Howrah, West Bengal	আল ভেঞ্চারস প্রাইভেট লিমিটেড	2C, HOWRAH, পশ্চিমবঙ্গ	0
2	S1-495089491	S3-243252191	singleton_false_merge	US	Eye Physicians LLC	324 Harrington Street, Raleigh, NC	Eye Physciiasn LLC	324 Peachtree Rd, Charlotte, North Carolina	1
2	S1-60051818	S3-231395107	false_negative	US	Family Midwest Group	NC, 222 Motor Road, Winston-salem, Unit 19	Family Midwest Group District	North Carolina, Winston-Salem, 222 Motor Road	1
2	S1-935934944	S3-513214918	blocking_miss	India	Supreme Construction Private Limited	C-307, Siddharth Annexe-3 Near Hotal Plazzo, Village-Vemali, Vadodara, Gujarat	સુપ્રીમ કન્સ્ટ્રક્શન પ્રાઇવેટ લિમિટેડ	C-307, Gandhinagar, Vadodara, ગુજરાત	0
2	S1-345498336	S2-721144380	blocking_miss	India	Silver Builders Private Limited	F-110, S-Mall, B/H.Srushti Arcad Village- Motera, Motera, Ahmedabad, Gujarat	સિલ્વર બિલ્ડર્સ પ્રાઇવેટ લિમિટેડ	F-11, AHMEDABAD, Gujarat	0
2	S1-272531703	S2-116321050	false_negative	US	Antonella Peach, DPM, PC P.C.	175 Carriage Path Drive, Littleton, NC	Antonella Peach, PC P.C. Center	1 CARRIAGE PATH DRIVE, LITTLETON, NC	1
2	S1-720560529	S3-525668038	false_negative	US	Environmental Allied Fellowship	126 Lee Rogers Road, Hubert, NC	Environmental Allied		0
2	S1-758286086	S2-86857907	false_negative	India	Coimbatore South Exports Private Limited	169/1D, Chettiyar Thottam, Madukkarai Main Road, Coimbatore South, Coimbatore, Tamil Nadu	Coimbatore South Exports Private Limited		1
2	S1-63562916	S2-356990366	false_negative	India	Red Foundation Pvt Ltd	404 4Th Floor Gcp Business Center, Opp. Memnagar Fire Station St. Xaviers School Road Memnagar, City Taluka, Ahmedabad, Gujarat	રેડ ફાઉન્ડેશન પ્રા. લિ.	Gujarat, OPP. MEMNAGAR FIRE STATION ST. XAVIERS SCHOOL ROAD MEMNAGAR, AHMEDABAD, H.NO 404- 4TH FLOOR GCP BUSINESS CENTER, MUMBAI	1
2	S1-63562916	S2-358908949	false_negative	India	Red Foundation Pvt Ltd	404 4Th Floor Gcp Business Center, Opp. Memnagar Fire Station St. Xaviers School Road Memnagar, City Taluka, Ahmedabad, Gujarat	રેડ ફાઉન્ડેશન પ્રા. લિ.	404- 4TH FLOOR GCP BUSINESS CENTER, OPP. MEMNAGAR FIRE STATION ST. XAVIERS SCHOOL ROAD MEMNAGAR, MUMBAI, AHMEDABAD, ગુજરાત	1
2	S1-737456391	S3-49622446	false_negative	India	India Veena Chambers Private Limited	Gautam Buddha Nagar, Sector-50, Uttar Pradesh, Noida, D-86	IVC	D-86, Sector-50, Noida, Gautam Buddha Nagar, Uttar Pradesh	1
2	S1-441888981	S3-600587464	false_negative	India	Vfc Man Private Limited	Dwaraka Kuttiodeviyyakurussi P O Mannarghaat Taluk, Palghat, Thrissur, Kerala	Vfc Private Limited Services	Block D-552 Dwaraka Kuttiodeviyyakurussi P O Mannarghaat Taluk, Palghat, Thrissur, KL	1
2	S1-859957208	S2-959769241	singleton_false_merge	US	Comeaux Procap of Garrison LP	752 59, Garrison, TX	Tkachenko of Procap Garrison LP	752 59, GARRISON, TX	1
2	S1-246935583	S3-587614190	false_negative	US	Dental Anchor Group PC	76 Virginia Drive, Southington, CT	Dental Anchor		1
2	S1-300967243	S3-943288727	false_negative	US	Stepha Mccall Regional Line, LLC	2301 Webster Street, Kokomo, IN	Stepha Mccall Regional Line,	2024 Webster Street, Kokomo, Indiana	1
2	S1-908179603	S2-447184615	false_negative	India	Anandeshwar Development (India) Pvt. Ltd.	G-1, Blue Diamond Perry Cross Road, Bandra West, Mumbai, Mumbai City, Maharashtra	Anandeshwar (India) Pvt. Ltd. Service	G-7-1, BLUE DIAMOND PERRY CROSS ROAD, BANDRA WEST, MUMBAI, Maharashtra	1
2	S1-908179603	S3-849661763	blocking_miss	India	Anandeshwar Development (India) Pvt. Ltd.	G-1, Blue Diamond Perry Cross Road, Bandra West, Mumbai, Mumbai City, Maharashtra	@anandeshwardevelopment	G-1, Bombay, महाराष्ट्र	0
2	S1-946467479	S3-405683494	false_negative	India	Ss Software Private Limited	33/36, Dlf City Phase-I, Gurgaon, Haryana	Ss Software Limited Center		0
2	S1-885220119	S3-47681050	false_negative	India	Industries Capro Pharmaceuticals Private Limited	P. No. 161, Vikash Nagar, Heerapura, Jaipur, Rajasthan	lndustries Capro Private Limited (Services)	P. No. 161, Jaipur, RJ	1
2	S1-996428134	S2-887829017	false_negative	India	Solutions Alliance Research Private Limited	Karnataka, Bangalore, 11 / 1, Murphy Rd, Ulsoor, Bangalore	S0lutions S0lutions Alliance Research Private Limited	BANGALORE, H.NO #11 / 1, MURPHY RD, ULSOOR, BANGALORE, Karnataka	1
2	S1-996428134	S3-668493871	false_negative	India	Solutions Alliance Research Private Limited	Karnataka, Bangalore, 11 / 1, Murphy Rd, Ulsoor, Bangalore	Solutions Alliance Private Limited Center		1
2	S1-626515783	S2-400943301	false_negative	US	Blue Book Store	2083 3, Plattsburgh, NY	#blúeb0ok	3, PLATTSBURGH, NY	0
2	S1-626515783	S2-546722227	blocking_miss	US	Blue Book Store	2083 3, Plattsburgh, NY	B1ue Bk Store	2083 3, CADYVILLE, NY	0
2	S1-830723568	S3-640189174	false_negative	US	Cifelli Trust LLC	TX, Porter, 21234 Ed Stafford Way	Cife1li Tcust LLC	21234 Ed Stafford Way, Texas, Porter	1
2	S1-863954124	S2-286698456	blocking_miss	India	Sai Healthcare Private Limited	10, Deodar Street, 2Nd Floor, Kolkata, Kolkata, Howrah, West Bengal	সাই হেলথকেয়ার প্রাইভেট লিমিটেড	10, KOLKATA, HOWRAH, West Bengal	0
2	S1-117625029	S2-484033573	false_negative	US	Championsgate P.C.	41533 Hoddesdon Court, Loudoun County, VA	Championsgate LLC		1
2	S1-909077474	S2-661809300	false_negative	US	Sullivan Battery LP	21689 Bluebonnet Bay Drive, Magnolia, TX	Sullivan Battery LP		1
2	S1-132020453	S3-441196686	blocking_miss	India	East Enterprises Private Limited	G-95, Dwarka Sector 7, Delhi, South West Delhi, Delhi	East Enterprises Private (Limited)	G-93, Dwarka Sector 7, South West Delhi, Delhi, DL	0
2	S1-132020453	S3-655003363	blocking_miss	India	East Enterprises Private Limited	G-95, Dwarka Sector 7, Delhi, South West Delhi, Delhi	East Enterprises Private Limited	G-93, Delhi, South West Delhi, DL	0
2	S1-538219687	S2-283161257	false_negative	US	Happy Seafood	115 Waterbury Drive, Springboro, OH	Happy Seafood Services		1
2	S1-515830563	S3-658097099	false_positive	US	Nexus Xii PLLC	10710 Clearwater Drive, Fl 0, Saint Louis, MO	Nexusa Xii PLLC	10712 Clearwater Drive, Fl. 0, Saint Louis, Missouri	1
2	S1-515830563	S3-684093025	false_negative	US	Nexus Xii PLLC	10710 Clearwater Drive, Fl 0, Saint Louis, MO	Nexus Xii Xii	Floor 0, Missouri, Concord, 80710 Clearwater Dr	1
2	S1-236877395	S2-521784512	blocking_miss	US	Capital Veterinary Clinic P.C.	336 6th Street, Dickinson, TX	Drexumbra	336 6ND ST, DICKINSON, TX	0
2	S1-236877395	S3-86821358	blocking_miss	US	Capital Veterinary Clinic P.C.	336 6th Street, Dickinson, TX	Capitalveterinaryclinic.Com	336 Sixth St, Dickinson, Texas	0
2	S1-317421196	S3-278332927	blocking_miss	US	Russ Blue Art LLC	3418 42nd Avenue, Minneapolis, MN	Russblueart.Com	341 42nd Avenue, Minneapolis, Minnesota	0
2	S1-317421196	S3-52564622	blocking_miss	US	Russ Blue Art LLC	3418 42nd Avenue, Minneapolis, MN	... Russblueart.Com	341 42nd Avenue, Minneapolis, Minnesota	0
2	S1-463608092	S3-21519501	false_negative	India	Liladhar College Private Limited	No. 1, 2Nd Street, Apparao Colony, Tambaram Sanitorium, Chennai, Tamil Nadu	Liladhar College Private	No. 8, 2Nd Street, Apparao Colony, Tambaram Sanitorium, Chennai, TN	1
2	S1-234491254	S3-461351436	false_negative	US	Walsh Pinnacle Superior LLC	Magnolia, 24172 Wilde Drive, TX	LLC Walsh Pinchbel Superior	24188 Wilde Drive, Magnnolia, Texas	1
2	S1-525313915	S3-838242649	false_negative	US	Orbance Sab LLC	10 Southcreek Court, Unit Unit C, Amherst, NY	Orbance-Sab		1
2	S1-740444605	S2-143762265	false_positive	US	PWC Four LP	16911 Oaks Crossing Lane, Houston, TX	PWC Four		1
2	S1-740444605	S3-284764889	false_positive	US	PWC Four LP	16911 Oaks Crossing Lane, Houston, TX	PWC Fóur		1
2	S1-134544378	S3-552792106	false_negative	US	Caldora Frequency LLC	39524 Hillerman Way, Phoenix, AZ	Quoquo	Hillerman Way, Phoenix, Arizona	1
2	S1-4953847	S2-561097001	false_negative	India	Kushagra Products Private Limited	521, Rajamahal Vilas Extn.Bangalore-6, Bangalore, Karnataka	Kushagra Products Limited Service	NO. 33 521, RAJAMAHAL VILAS EXTN.BANGALORE-6, Karnataka	1
2	S1-409753052	S2-7384334	false_negative	US	090 Processing	215 3rd Avenue, Fl 1, Tumwater, WA	WEXAVI	215 3TH AVE, TUMWATER, WA	1
2	S1-409753052	S3-20134411	false_negative	US	090 Processing	215 3rd Avenue, Fl 1, Tumwater, WA	090processing.com	217 3rd Ave, Tumwater, Washington	0
2	S1-409753052	S3-91004675	false_negative	US	090 Processing	215 3rd Avenue, Fl 1, Tumwater, WA	090 Sérvices	217 Third Avenue, Floor 1, Tumwater, Washington	1
2	S1-854395350	S2-2101620	blocking_miss	India	Universal Pioneer Estate Private Limited	A-73, 2Nd Floor Vikas Marg, Laxmi Nagar, New Delhi, East Delhi, Delhi	यूनिवर्सल पायोनियर एस्टेट प्राइवेट लिमिटेड	Delhi, EAST DELHI, A-73/9, NEW DELHI	0
2	S1-854395350	S3-219017158	blocking_miss	India	Universal Pioneer Estate Private Limited	A-73, 2Nd Floor Vikas Marg, Laxmi Nagar, New Delhi, East Delhi, Delhi	यूनिवर्सल पायोनियर एस्टेट प्राइवेट लिमिटेड	A-73, New Delhi, East Delhi, DL	0
2	S1-854395350	S3-961121304	false_negative	India	Universal Pioneer Estate Private Limited	A-73, 2Nd Floor Vikas Marg, Laxmi Nagar, New Delhi, East Delhi, Delhi	Universal Pioneer Estate Private Ltd		1
2	S1-600763262	S3-862645031	false_negative	US	Heartland Committee LLC	Palo Cedro, CA, 8118 Maynard Road	Heartland Committee LLC		1
2	S1-154543657	S3-425793172	false_negative	US	Lyran Pet Care Inc	731 Summer Walk Drive, Gaithersburg, MD	Lyran Pet Inc Service	31 Summer Walk Drive, Gaithersburg, Maryland	1
2	S1-700118928	S2-335914884	blocking_miss	US	T J & M Commerce PC	74 Gregory Road, Minisink, NY	jt.com | www.jtcom.com	##74 GREGORY RD, PMB 7462, JOHNSON, NY	0
2	S1-490668330	S2-30398998	false_negative	US	Hargett Charter School Corp	1700 Midland Trail, VA, Alleghany County	Hargett Charter School		1
2	S1-490668330	S2-677115923	false_negative	US	Hargett Charter School Corp	1700 Midland Trail, VA, Alleghany County	Hargett Charter Sool Corp		0
2	S1-243783374	S2-100826262	false_negative	US	Diamond Retail Services	1042 Kinker Lane, Mecklenburg County, VA	Diamond Retail Center	042 KINKER LANE, LA CROSSE, VA	1
2	S1-934464330	S2-207835302	false_negative	US	Green Fidelity	218 Browning Drive, Hot Springs National Park, AR	GREEN FIDELITY		1
2	S1-300004367	S3-383144830	false_negative	India	Shree Digital Investments Private Limited	House No C-19 Kh. No. 12, Shalimar Bagh, Haiderpur, Delhi, North West Delhi, Delhi	Rizaveo	House No C-19/7 Kh. No. 12, Delhi, North West Delhi, DL, Shalimar Bagh, Haiderpur	1
2	S1-294898028	S2-705809047	false_negative	India	Safe Laboratories Company	Flat D-4, `Rams`21, Raja Annamalai Road, Purasawalkam, Madras, Tamil Nadu	Safe Laboratories		1
2	S1-294898028	S3-283334860	false_negative	India	Safe Laboratories Company	Flat D-4, `Rams`21, Raja Annamalai Road, Purasawalkam, Madras, Tamil Nadu	Smt Safe Company Laboratories	Flat D-4, Purasawalkam, TN	1
2	S1-212650147	S2-186978393	false_positive	US	Paus Gulf Illinois LLC	5016 Shingle Oak Court, Aberdeen, MD	PAUS GULF ILLINOIS LLC		1
2	S1-843788258	S2-293378898	false_negative	US	Internal Medicine Care Associates LLC	ME, Portland, Unit APT 8, 260 Park Avenue	Internal Medicine Care Associates | www.internalm.com	260-264 PARK AVE, ME, PORTLAND	1
2	S1-843788258	S2-833989983	false_negative	US	Internal Medicine Care Associates LLC	ME, Portland, Unit APT 8, 260 Park Avenue	Internal Medicine-Care Associates LLC		1
2	S1-843788258	S2-922296005	blocking_miss	US	Internal Medicine Care Associates LLC	ME, Portland, Unit APT 8, 260 Park Avenue	The Intemal Medicine Care Associates LLC LLC	PARK AVENUE, PORTLAND, ME	0
2	S1-843788258	S3-449536414	blocking_miss	US	Internal Medicine Care Associates LLC	ME, Portland, Unit APT 8, 260 Park Avenue	Internal Associates Care Medicine LLC	260 Park Ave, Unit APT 8, Porland CITY, Maine	0
2	S1-749341784	S2-942928263	false_negative	India	Surya Traders Private Limited	20 Bansari Industrial Estate Gidc Odhav., Ahmedabad, Gujarat	privatetraderssurya.com	NO 20 BANSARI INDUSTRIAL ESTATE GIDC ODHAV., AHMEDABAD, ગુજરાત	1
2	S1-143714647	S3-322740971	false_negative	US	Opp and Carnegie Aeon	319 Benson Avenue, Village Of Grantsburg, WI	Opp And Carnegie Aeon Co		1
2	S1-846500015	S3-158431315	false_positive	India	Naganth Hub Clinic	48, Kanchi Eco Village, Uliyanallur, Nemili, Arakkonam, Vellore, Tamil Nadu	Naginth Clinic Partners	48, Kanchi Eco Village, Uliyanallur, Nemili, Arakkonam, Vellore, தமிழ்நாடு	1
2	S1-721413478	S2-24884268	blocking_miss	US	Creative Agricultural Inc	755 Jefferson Avenue, Buffalo, NY	creativeagricultural.com	755B JEFFERSON AVE, BUFFALO, NY	0
2	S1-968774367	S2-444511609	blocking_miss	India	White Hospitality Private Limited	G - 5, Sipcot Industrial Park Vallam Vadagal, Sriperumpudur, Kancheepuram, Tamil Nadu	வொயிட் ஹாஸ்பிடாலிட்டி பிரைவேட் லிமிடெட்	G - 5, KANCHEEPURAM, Tamil Nadu	0
2	S1-968774367	S3-94977468	blocking_miss	India	White Hospitality Private Limited	G - 5, Sipcot Industrial Park Vallam Vadagal, Sriperumpudur, Kancheepuram, Tamil Nadu	வொயிட் ஹாஸ்பிடாலிட்டி பிரைவேட் லிமிடெட்	G - 5, Kancheepuram, தமிழ்நாடு	0
2	S1-816082783	S3-721886633	false_positive	US	Klawitter, Morrison and Nation Bnb Inc	2065 Garfield Avenue, Port Orchard, WA	Klawitter Morrison and Nation Bnb		1
2	S1-395750968	S3-960177506	false_negative	India	Black Heights (India) Pvt. Ltd.	611, Haribhau, Upadhyay Nagar, Ajmer, Rajasthan	Caloquo	No. 258 611, Haribhau, Upadhyay Nagar, Ajmer, राजस्थान	1
2	S1-844866195	S2-258958632	false_negative	India	Ijk Trading Corp	B-1/526, Chitrakoot Yojana Ajmer Road, Jaipur, Rajasthan	M/s Ijk Trading		1
2	S1-927811925	S3-409271275	false_positive	US	Nicholson, Hendricks & Northcutt Platforms P.C.	23631 103rd Avenue, Peoria, AZ	Nicholson, Hendricks & Northcutt Platforms		1
2	S1-602857180	S2-152433694	false_negative	US	Kim & Williams LLC	330 6th Street, Hennepin, IL	Kim-& Williams	329 6TH STREET, HENNEPIN, IL	1
2	S1-602857180	S2-308128329	false_negative	US	Kim & Williams LLC	330 6th Street, Hennepin, IL	Kim & Williams Llc		1
2	S1-602857180	S2-611805711	false_negative	US	Kim & Williams LLC	330 6th Street, Hennepin, IL	KIM & WILLIAMS	329 SIXTH STREET, HENNEPIN, IL	1
2	S1-147497975	S3-378780887	blocking_miss	US	Hannah Tech	3982 Lincoln Highway, Big Creek, WV	hannahtech.com	4152 Lilcoln Hwy, Big Creek, West Virginia	0
2	S1-302901182	S2-746613579	false_positive	India	Prime Business Private Limited	11/5/A, Taki Road, Bidhanpark, Barasat - I, North 24 Parganas, West Bengal	প্রাইম বিজনেস প্রাইভেট লিমিটেড	125/2, TAKI ROAD, BANIKANTHA NAGAR, BARASAT - I, NORTH 24 PARGANAS, West Bengal	1
2	S1-157068848	S3-319437126	blocking_miss	India	Anand Systems Limited	1030/7, Ground Floor Gali No 44, Molarband Extension, Badarpur, New Delhi, Delhi	आनंद सिस्टम्स लिमिटेड	1030/7, New Delhi, दिल्ली	0
2	S1-127901314	S2-636337269	false_negative	India	Habra - I Consulting Private Limited	Himangshu Ghosh Sarani, Po Habra Ps Habra, Habra - I, North 24 Parganas, West Bengal	LYRAZETAPYRA	পশ্চিমবঙ্গ, NORTH 24 PARGANAS, HIMANGSHU GHOSH SARANI, KOLKATA	0
2	S1-127901314	S2-981050601	false_negative	India	Habra - I Consulting Private Limited	Himangshu Ghosh Sarani, Po Habra Ps Habra, Habra - I, North 24 Parganas, West Bengal	Habra - I Consulting Private	HIMANGSHU GHOSH SARANI, PO HABRA PS HABRA, HABRA - I, West Bengal	1
2	S1-713065015	S2-496566658	blocking_miss	India	Shreyas Health Private Limited	104, Gujarat, Ahmedabad, Shandilya Complex, Opp.Vikash Gruh, Vikash Gruh Road, Paldi, Ahmedabad	Shreyas Health Private Ltd		0
2	S1-713065015	S2-568288482	blocking_miss	India	Shreyas Health Private Limited	104, Gujarat, Ahmedabad, Shandilya Complex, Opp.Vikash Gruh, Vikash Gruh Road, Paldi, Ahmedabad	Private 5hreyas Health Ltd	104, AHMEDABAD, AHMADABAD, Gujarat	0
2	S1-520258898	S2-149769984	false_negative	US	Gordon Andretti	Austin, 17204 Yellowstar Drive, TX	Zephdova	1720 YELLOWSTAR DRIVE, AUSTIN, TX	1
2	S1-146941807	S3-800000076	false_negative	US	Raymundo & Trent	6525 Allison Street, Columbine, CO	Deltacalo	6525. Allison Street, Columbine, Colorado	1
2	S1-696313222	S2-347650091	false_negative	US	Choice Wealth Services LLC	3941 Lakemont Road, Bellingham, WA	Choice Services-LLC Services	LAKEMONT ROAD, BELILNGHAM, WA	1
2	S1-696313222	S2-419703770	false_negative	US	Choice Wealth Services LLC	3941 Lakemont Road, Bellingham, WA	Choice Wealth Seiboidces LLC		1
2	S1-947449852	S2-435181638	blocking_miss	US	Thomas Green Churchill	2601 Alpena Drive, Fort Worth, TX	THOMA5 CHURCHILL CENTER		0
2	S1-236208456	S3-260679599	false_negative	India	XJN Spaces Limited	Milestone, Ground Floor Shop No. 12 & 13, Sevoke Road, Siliguri, Jalpaiguri, West Bengal	XJN Limited Services	Milestone, পশ্চিমবঙ্গ, Jalpaiguri	1
2	S1-236208456	S3-301666531	blocking_miss	India	XJN Spaces Limited	Milestone, Ground Floor Shop No. 12 & 13, Sevoke Road, Siliguri, Jalpaiguri, West Bengal	Pyradrex	Milestone, Siliguri, পশ্চিমবঙ্গ	0
2	S1-420608384	S3-589712443	false_negative	US	Nexteify Worldwide Inc.	8429 Gypsy Lane, Ooltewah, TN	Xylokelo	Ooltewah, Tennessee, 8429 Gypsy Lane	1
2	S1-720751557	S3-34920620	false_positive	India	Pure (india) Pvt Ltd	A/Wing/101 Solitare Tower, Manpada, G B Road, Thane, Maharashtra	Pure Traders Private Limited	101, महाराष्ट्र, Pune, Mumbai	1
2	S1-692969480	S3-175486725	false_negative	US	Associated Cloud Digital Associates	57 Deirdre Court, Staten Island, NY	Associated Cloud Digital Associates (Corp)	Deirdre Ct, Staten Issland CITY, New York	1
2	S1-82198881	S3-845394281	false_negative	India	Famous Solutions (India) Private Limited	2-B, Grant Lane, 2Nd Floor Room No.207, Kolkata, Kolkata, Howrah, West Bengal	Famous Sólutions (lndia) Private Ltd	WB, Howrah, Haora, 2-B	1
2	S1-261870605	S2-232887800	false_negative	US	Inga Johnson, DO	1144 Stannium Road, Bend, OR	Inga Johnson, DO Corporation	114 STANNIUM RD, BEND, OR	1
2	S1-261870605	S2-236397172	false_negative	US	Inga Johnson, DO	1144 Stannium Road, Bend, OR	Inga Johnson,		1
2	S1-261870605	S2-47467632	false_negative	US	Inga Johnson, DO	1144 Stannium Road, Bend, OR	Inga Johnson,	114 STANNIUM ROAD, BEND, OR	1
2	S1-261870605	S2-74366481	false_negative	US	Inga Johnson, DO	1144 Stannium Road, Bend, OR	Inga Johnson, Services	114 STANNIUM RD, BEND, OR	1
2	S1-53684342	S2-815375786	false_negative	US	First Zion	4508 200th Street, Arlington, WA	Evobrix	04508 200TH STREET, ARLINGTON, WA	1
2	S1-53684342	S3-955770792	blocking_miss	US	First Zion	4508 200th Street, Arlington, WA	first zion | www.firstzion.com	200rd St, Arlington, Washington	0
2	S1-233512369	S3-844874598	false_negative	US	Siify Industrials, LLC	70 Amberglow Court, Spring, TX	Siify Industrials,		1
2	S1-665974509	S2-648509821	false_positive	India	Premier Industries Private Limited	Bala'S Biz Hub, No.309A, Ecr, Near Pu, Pillaichavady, Vanur, Villupuram, Tamil Nadu	பிரீமியர் டிரேடிங் பிரைவேட் லிமிடெட்	DOOR NO 7 BALA'S BIZ HUB, NO.309A, ECR, NEAR PU, PILLAICHAVADY, VANUR, VILLUPURAM, தமிழ்நாடு	1
2	S1-362199834	S3-984986883	blocking_miss	India	New Delhi Ganesh Corporation	K-2099 A, Sf Chittaranjan Park, New Delhi, South Delhi, Delhi	New Delhi Ganesh Corp	K-209 A, New Delhi, South Delhi, DL	0
2	S1-24618261	S3-220411112	false_negative	US	Sterling	5506 Kindle Alley, Manvel, TX	Sterling Inc.	Manvel, Kindle Aly, null, Texas	1
2	S1-699845434	S2-644193143	false_negative	US	3588 Fifth Road Properties	2925 Shawnee Place, Mount Vernon, WA	3588 Fifth Pr0perties Road		0
2	S1-699845434	S2-800651826	false_negative	US	3588 Fifth Road Properties	2925 Shawnee Place, Mount Vernon, WA	3588FIFTHROAD.COM	02925 SHAWNEE PL, WA, MT. VERNON	1
2	S1-699845434	S3-105891251	false_negative	US	3588 Fifth Road Properties	2925 Shawnee Place, Mount Vernon, WA	3588 (Fifth)	Shawnee Pl, Mouunt Vernon, Washington	1
2	S1-699845434	S3-173062589	false_negative	US	3588 Fifth Road Properties	2925 Shawnee Place, Mount Vernon, WA	3588fifthroad.Com	2925 Shawnee Pl, Mouunt Vernon, Washington	1
2	S1-355606102	S2-893427694	false_positive	US	Lexi England Sky Corp	N20835 Oneonta Drive, Town Of Goodman, WI	lexi éngland sky corp		1
2	S1-355606102	S2-215536120	blocking_miss	US	Lexi England Sky Corp	N20835 Oneonta Drive, Town Of Goodman, WI	Fáyearc	N20835 ONEONTA DR, FENCE, WI	0
2	S1-110367140	S3-250267718	false_negative	US	Deming Horse Group	701 Garfield Street, Camas, WA	Deming Horse		1
2	S1-110367140	S3-782263302	false_negative	US	Deming Horse Group	701 Garfield Street, Camas, WA	Deming Horse Inc	Camas, PO Box 8581, Washington, 701 Garfield Street	1
2	S1-254857700	S3-17966792	false_negative	US	Express United Leapfrog Inc	2045 Pinehaven Lane, Heber, AZ	Express United		1
2	S1-242422617	S3-115816976	false_negative	India	New International Private Limited	101 Jaisingh Business Center, 1St Floor 119/12 Parsiwada Sahar Road Off W. E. Highway, Andheri E, Mumbai, Mumbai City, Maharashtra	M/s niprivate.com	00101 Jaisingh Business Center, 1St Floor 119/12 Parsiwada Sahar Road Off W. E. Highway, Andheri E, Mumbai City, Mumbai, MH	1
2	S1-242422617	S3-206318711	false_negative	India	New International Private Limited	101 Jaisingh Business Center, 1St Floor 119/12 Parsiwada Sahar Road Off W. E. Highway, Andheri E, Mumbai, Mumbai City, Maharashtra	Umbraquo	101 Jaisingh Business Center, 1St Floor 119/12 Parsiwada Sahar Road Off W. E. Highway, Andheri E, Mumbai, Mumbai City, Maharashtra	1
2	S1-860418255	S2-986705579	false_negative	US	United Charter School	15425 Haiku Road, Evansville, IN	UNITED CHARTER SCHOOL CORP		1
2	S1-731865004	S2-138525760	blocking_miss	US	Physical Therapy Federal Health	7149 Orange Tree Lane, City Of El Paso, TX	physicaltherapyfederal.com	7389 ORANGE TREE LN, CITY OF EL PASO, TX	0
2	S1-731865004	S2-406189808	false_negative	US	Physical Therapy Federal Health	7149 Orange Tree Lane, City Of El Paso, TX	Physical Therapy Federal Health Inc.	CITY OF EL PASO, 7389 ORANGE TREE LN, TX	1
2	S1-731865004	S3-330621593	false_negative	US	Physical Therapy Federal Health	7149 Orange Tree Lane, City Of El Paso, TX	Physical Therapy Federal Center	Texas, City Of El Paso, 6784 Orange Tree Ln	1
2	S1-731865004	S3-596155079	false_negative	US	Physical Therapy Federal Health	7149 Orange Tree Lane, City Of El Paso, TX	Physical-Therapy	7389 Orange Tree Lane, City Of El Paso, Texas	1
2	S1-872901131	S2-993044537	false_negative	US	Doro D. Metcalf, Esq.	4845 Lower Buckeye Road, AZ, Phoenix	Doro D. Metcalf,		1
2	S1-322972729	S3-661696943	blocking_miss	India	Southern (India) Products Company	6-8-972, N G O S Colony Tirupati, Tirupati, Chittoor, Andhra Pradesh	Mr southernindiaproductscom	006-8-972, Tirupati, ఆంధ్రప్రదేశ్	0
2	S1-8970538	S3-328254396	false_negative	US	Aguero Centurion Partners	34 Cheddleton Drive, Jackson, TN	Aguer0 Centurion Partners	34 Cheddleton Dr, Jackson, Tennessee	1
2	S1-834671743	S2-757075960	blocking_miss	US	Bureau of Consumer Affairs	513 River Gate Road, Chesapeake City, VA	bureauconsumeraffairs.com	513-515 RIVER GATE RD, CHESAPEAKE CITY, VA	0
2	S1-834671743	S3-402436150	blocking_miss	US	Bureau of Consumer Affairs	513 River Gate Road, Chesapeake City, VA	Bureau Of	River Gate Rd, Chesapeaek CITY, Virginia	0
2	S1-190696147	S3-620193049	false_positive	US	Lumex Jaws	16101 Sahler Street, Omaha, NE	Lumexyn Partners	16101 Sahler Street, Omaha, Nebraska	1
2	S1-366509127	S3-933567423	false_negative	US	Stueve Supreme Taxable	Bldg 2425, 245 Peachtree Center Avenue, Atlanta, GA	... Stueve Supreme Service	24 Peachtree Center Ave, Atlanta, Georgia	1
2	S1-567797476	S2-815078618	blocking_miss	US	Lower Bnb	7461 Lake Avenue, Williamson, NY	LOWERBNB.COM	7461- LAKE AVENUE, PMB 6356, PULTNEYVILLE, NY	0
2	S1-167380638	S2-369445163	false_negative	India	Vr Hospital Pvt Ltd	No.45S.M.Plaza2Ndfloor, Armenian Street, Chennai, Tamil Nadu	hvr.com	DOOR NO 45S.M.PLAZA2NDFLOOR, CHENNAI, ARMENIAN STREET, Tamil Nadu	1
2	S1-167380638	S2-474239662	false_negative	India	Vr Hospital Pvt Ltd	No.45S.M.Plaza2Ndfloor, Armenian Street, Chennai, Tamil Nadu	Vr Hospital Pvt Ltd.		1
2	S1-1289508	S2-174704194	false_negative	US	Solstice Safeguard	2312 22nd Street, Great Falls, MT	SOLSTICE SAFEGUARD INC	22TH ST, PO BOX 5678, GREAT FALLS, MT	1
2	S1-1289508	S2-940141012	false_negative	US	Solstice Safeguard	2312 22nd Street, Great Falls, MT	Solstice Safeguard		1
2	S1-500743028	S2-481120379	false_negative	US	Schneider, Whipple and Bryant	715 18th Street, North Chicago, IL	Schneider, Whipple	71 18TH ST, NORTH CHICAGO, IL	1
2	S1-153993786	S3-680166363	false_negative	US	Roth Prime Cayson PC	23862 191st Street, Haskell, OK	Roth Prime Cayson Inc		1
2	S1-321338877	S2-919760864	false_negative	India	Urban Krishna Power Limited	201, Krrish Nest B Wing Mangalwar Peth, Tilakwadi, Belgaum, Karnataka	ಅರ್ಬನ್ ಕೃಷ್ಣ ಪವರ್ ಲಿಮಿಟೆಡ್	2-01, KRRISH NEST B WING MANGALWAR PETH, TILAKWADI, NORTH KARNATAKA REGION, BELGAUM, Karnataka	1
2	S1-363213894	S2-364225329	blocking_miss	India	Plant Associates Ltd	H.No.1-9-295/8/5/A/B, Achutha Reddy Lane, Musheerabad, Hyderabad, Telangana	Plant Associaets Ltd		0
2	S1-402796202	S2-462111098	false_negative	India	Supreme Constructions Private Limited	Plot No. 780, Sreenidhi'S Park View, Flat No. 302, Road No. 8, Bhagath Singh Nagar, Hyderabad, Rangareddy, Telangana	సుప్రీమ్ కన్‌స్ట్రక్షన్స్ ప్రైవేట్ లిమిటెడ్	780, RANGAREDDY, Telangana	0
2	S1-402796202	S2-697675527	blocking_miss	India	Supreme Constructions Private Limited	Plot No. 780, Sreenidhi'S Park View, Flat No. 302, Road No. 8, Bhagath Singh Nagar, Hyderabad, Rangareddy, Telangana	సుప్రీమ్ కన్‌స్ట్రక్షన్స్ ప్రైవేట్ లిమిటెడ్	Telangana, HYDERABAD, PLOT NO. 780	0
2	S1-361274540	S3-997410216	false_negative	US	Cardiology Care Associates	OR, Bend, 18764 Choctaw Road	Cardiology Care Trading		0
2	S1-4138036	S3-721989352	false_negative	US	Powers and Coen Qdro	137 Kingsland Avenue, Brooklyn, NY	Powers and Coen (Services)	477 Kingsland Avenue, Brooklyn, New York	1
2	S1-971197026	S3-769370217	false_negative	US	Touchet Platinum Return LLC	NC, 114 Christian Chapel Road, Hampstead	Services Touchet Return LLC	Hmapstead, 114 1/2 Christian Chapel Rd, North Carolina	1
2	S1-971197026	S3-890140338	false_negative	US	Touchet Platinum Return LLC	NC, 114 Christian Chapel Road, Hampstead	T0uchet Platinum Return	North Carolina, 114 1/2 Christian Chapel Rd, Hmapstead	1
2	S1-736968628	S2-736469608	false_negative	India	Suba Mining Private Limited	No.7/10-1, Vittalnagar, 2Nd Main, 7Th Cross, Chamrajpet, Bangalore., Karnataka	Limited 5uba Private Partners	NO.7/10-1, VITTALNAGAR, 2ND MAIN, 7TH CROSS, CHAMRAJPET, BANGALORE., Karnataka	1
2	S1-503061200	S2-508163523	false_negative	India	Dinero Services Private Limited	22 Goenka Lane 2Nd Floor, Kolkata, Howrah, West Bengal	servicesprivate.com	D/22 GOENKA LANE 2ND FLOOR, KOLKATA, HOWRAH, West Bengal	1
2	S1-663851426	S3-894942163	false_negative	US	Interstate Golden Holdco LLC	605 South Street, Leander, Unit 72, TX	goldenholdco.com	Leander, 780 South Saint, Texas, Unit 72	0
2	S1-515681543	S3-95956629	false_negative	India	Worldlink Films-Delhi	15/5A Old Chandrawalcivil Lines, Delhi, North Delhi, Delhi	Wor1dlink Films-Delhi		1
2	S1-542848480	S2-616145074	false_negative	US	EB Flagstar	5381 Sands Road, Unit 68, Lothian, MD	Yumagildyuma	MD, 5381 SANDS RD, LOTHIAN	1
2	S1-362529035	S3-936312595	false_negative	India	Kanti Welfare Society	B19 Signature City Katara, Hills Misrod Phanda, Huzur, Bhopal, Madhya Pradesh	Kanti Welfare Services		1
2	S1-141864887	S2-298660807	false_negative	US	HLL Media LLC	340 Hidden River Road, Lower Merion Township, PA	HLL Media		1
2	S1-511115482	S3-881169435	false_negative	India	Orchard Equipments Private Limited	R Sno-1334 Plot No -318/319J J Dainesty First Floor Office Unit No-16&17E, Kolhapur, Maharashtra	Orchard Eqoipet1ts Private Limited		0
2	S1-422056461	S2-333036679	false_negative	US	Ferguson All Premier PLLC	TX, Laredo, 604 Serrano Road	FERGUSON ALL PREMIER PLLC		1
2	S1-908993713	S2-407346190	blocking_miss	India	Green United Services Private Limited	44-34-65/E, Nandagiri Nagar, Visakhapatnam (Urban), Visakhapatnam, Vishakhapatnam, Andhra Pradesh	Green United Services Private		0
2	S1-908993713	S3-1344755	blocking_miss	India	Green United Services Private Limited	44-34-65/E, Nandagiri Nagar, Visakhapatnam (Urban), Visakhapatnam, Vishakhapatnam, Andhra Pradesh	గ్రీన్ యునైటెడ్ సర్వీసెస్ ప్రైవేట్ లిమిటెడ్	44-34-65/E, Vizag, Vishakhapatnam, AP	0
2	S1-481115395	S2-730867275	false_positive	US	Nexeon Retail	2409 6 Swope Road, Owenton, KY	Nexean Retail Corp	##2409 6 SWOPE RD, OWENTON, KY	1
2	S1-481115395	S2-391108726	false_negative	US	Nexeon Retail	2409 6 Swope Road, Owenton, KY	Avibelo	##2409 6 SWOPE RD, OWENTON, KY	1
2	S1-288692307	S2-355832749	false_negative	US	Gulf Committee	128 Calais Avenue, ME, Calais	VIOZETA	128 CLAIS AVE, CALAIS, ME	1
3	S1-766876733	S3-950981497	false_negative	India	Maa Projects	Rajasthan, Jaipur, 32A Shree Ram Vihar G, Jaipur, Kanakpura, Sirsi Road	Rizakor	32A Shree Ram Vihar G, Kanakpura, Sirsi Road, Jaipur, Rajasthan	1
3	S1-321959414	S2-438426127	false_negative	India	Shiva Gold Consultancy Private Limited	E-32, Third Floor Jawahar Park, Laxmi Nagar, Delhi, East Delhi, Delhi	शिवा गोल्ड कंसल्टेंसी प्राइवेट लिमिटेड	E-##32, EAST DELHI, DELHI	1
3	S1-321959414	S3-668872079	blocking_miss	India	Shiva Gold Consultancy Private Limited	E-32, Third Floor Jawahar Park, Laxmi Nagar, Delhi, East Delhi, Delhi	Shiva Ggd Consultancy Private Limited	E-72, East Delhi, NULL, DL	0
3	S1-851612488	S2-459354660	false_negative	US	Z 4 E Rising	1545 Crystal Rock Court, Unit UNIT 1A, Round Lake Beach, IL	z4e.com	1545 CRYSTAL ROCK CT, IL, ROUND LAKE BEACH	1
3	S1-851612488	S3-984816366	blocking_miss	US	Z 4 E Rising	1545 Crystal Rock Court, Unit UNIT 1A, Round Lake Beach, IL	Z 4 E Risnog		0
3	S1-792219547	S3-128130670	false_negative	India	Eastern Producer Pvt Ltd	Sukrutham Complex, Triprayar Temple Road, Chavakkad, Thrissur, Kerala	ഈസ്റ്റേൺ പ്രൊഡ്യൂസർ പ്രൈവറ്റ് ലിമിറ്റഡ്	Plot 254 Sukrutham Complex, Triprayar Temple Road, Chavakkad, Thrissur, KL	1
3	S1-792219547	S3-427029606	false_negative	India	Eastern Producer Pvt Ltd	Sukrutham Complex, Triprayar Temple Road, Chavakkad, Thrissur, Kerala	ഈസ്റ്റേൺ പ്രൊഡ്യൂസർ പ്രൈവറ്റ് ലിമിറ്റഡ്	Plot 254 Sukrutham Complex, Triprayar Temple Road, Chavakkad, Thrissur, KL	1
3	S1-155721077	S2-848980423	blocking_miss	US	Piedmont Inpoint LLC	3110 Kentucky Street, Houston, TX	Avisyn	KENTUCKY ST, HOUSTON, TX	0
3	S1-875178784	S2-220821880	false_negative	US	Meridian Inc	5231 Barcelona Drive, Garland, TX	Meridian Inc	5248 BARCELONA DRIVE, GARLAND, TX	1
3	S1-463955471	S3-67972691	false_negative	US	Annmaria Watson, M.D.	3029 Gilbertville Road, Evansdale, IA	Annmaria Watson, MD		1
3	S1-167486845	S3-114126572	false_negative	India	Trading Sumedha Informatics Private Limited	K-17, Iind Floor, New Delhi South Extn Part - Ii, New Delhi, Delhi	Rizariza Co	K-17, Iind Floor, New Delhi South Extn Part - Ii, New Delhi, Delhi	1
3	S1-957679965	S3-993467727	false_negative	US	Korella Mcknight Ashford Corp	47 Guildswood, Tuscaloosa, AL	Korella [Mcknight]	47-49 Guildswood, Tuscaloosa, Alabama	1
3	S1-754254385	S3-359984233	false_negative	India	Always Services (India) Company	Haryana, Sector-8, Industrial Area, Plot No. 5/18, Rewari, Dharuhera	Company A1ways Srvecdise (India)	H.no 5/18/9, Sector-8, Industrial Area, Rewari, Dharuhera, HR	1
3	S1-347813852	S3-461351706	false_negative	India	Five Brothers LLP	Plot No 142/1A Byalikata, Taluka Gokak, Belgaum, Karnataka	Xylohalonex	Plot No 142/1A Byalikata, Taluka Gokak, Belgaum, Karnataka	1
3	S1-646715987	S2-828003701	false_negative	US	Mansfield Oncology All Partners LLC	706 Bowie Lane, Mansfield, TX	Mansfield Oncology All Partners		1
3	S1-646715987	S3-636090985	false_negative	US	Mansfield Oncology All Partners LLC	706 Bowie Lane, Mansfield, TX	Mansfie1d Oncology All	06 Bowie Lane, PO Box 8817, Mansfield, Texas	1
3	S1-839543596	S2-990644686	false_negative	India	Faizabad Consultants Private Limited	2/1/6 Ram Bhawan, Civil Lines, Faizabad, Uttar Pradesh	Faizabad Consultants Private Ltd		1
3	S1-834390527	S2-13836320	false_negative	India	Tirupati Agro	G-1, G/F, Kh No.25/5/2 West Karawal Nagar, Opposite Shiv Mandir, Delhi, North East, Delhi	Tirupati Agro LLP		1
3	S1-834390527	S3-451457357	blocking_miss	India	Tirupati Agro	G-1, G/F, Kh No.25/5/2 West Karawal Nagar, Opposite Shiv Mandir, Delhi, North East, Delhi	तिरुपति एग्रो	North East, G-##1, DL	0
3	S1-834390527	S3-904810833	false_negative	India	Tirupati Agro	G-1, G/F, Kh No.25/5/2 West Karawal Nagar, Opposite Shiv Mandir, Delhi, North East, Delhi	Tirupati Agro LLP	G-##1, North East, DL	1
3	S1-478153370	S2-142833942	false_negative	India	Services Sahil French Ltd	C-128/2, 2Nd Floor Mohammadpur, New Delhi, Delhi	Services Sahil Ltd Partners		1
3	S1-938392513	S3-647857750	false_negative	India	Raj International Private Limited	Lodhi Puram, Etah, Uttar Pradesh, 18/2E, Etah	rajinternational.com	18/2E, Lodhi Puram, Etah, UP	1
3	S1-269158167	S3-820730922	blocking_miss	India	Innovative Ventures Private Limited	H No 8-3-214/54/1/A/2/4, Ali Nagar, Yellareddyguda, Ameerpet, Hyderabad, Telangana	Inn0vative Ventures Private		0
3	S1-801882411	S3-161022041	false_negative	US	P/E Iris L.L.C.	1709 17th Street, Quincy, IL	P/E Iris LLC		1
3	S1-374091790	S2-918439969	false_negative	US	Great Companies Inc	6102 Chestnut Avenue, Unit APT 302, Enid, OK	GREAT COMPANIES (INC)		1
3	S1-232571939	S3-733237624	blocking_miss	India	Nirvi Cold Pvt Ltd	144, Jolly Maker Chambers Ii, Nariman Point, Mumbai, Mumbai City, Maharashtra	Nirvi Cd Pvt Ltd	Door No 411 144, Mumbai Metro, महाराष्ट्र	0
3	S1-972248152	S2-293804025	blocking_miss	India	All Software Private Limited	9, Vitthalbhai Patel Colony, Opp. Lakhudi Talavdi, Naranpura, Ahmadabad City, Ahmedabad, Gujarat	ઓલ સોફ્ટવેર પ્રાઇવેટ લિમિટેડ	9, AHMADABAD CITY, AHMEDABAD, Gujarat	0
3	S1-972248152	S3-106144684	blocking_miss	India	All Software Private Limited	9, Vitthalbhai Patel Colony, Opp. Lakhudi Talavdi, Naranpura, Ahmadabad City, Ahmedabad, Gujarat	ઓલ સોફ્ટવેર પ્રાઇવેટ લિમિટેડ	Delhi, GJ, Ahmedabad, 9	0
3	S1-98967637	S3-754254673	false_negative	US	Gulf Pacific Orange	2828 Harlem Avenue, Baltimore, MD	Gulf Pacific		0
3	S1-495771061	S3-935692189	false_positive	India	Rewari Health Pvt Ltd	Rewari, Shop No.3, Bawal Road, Nr. Jain Mandir, Rewari, Haryana, Rewari, Haryana	Rewari Producer Pvt Ltd	#03, Rewari, हरियाणा	1
3	S1-492434677	S3-101954516	blocking_miss	India	Tirupati Technologies Private Limited	77, 1St Floor, Raja Ind Estate, P. K. Rd, Mulund W, Mumbai, Mumbai City, Maharashtra	तिरुपति टेक्नोलॉजीज प्राइवेट लिमिटेड	Mumbai, Dor No 567 77, MH, Mumbai City	0
3	S1-492434677	S3-984174537	blocking_miss	India	Tirupati Technologies Private Limited	77, 1St Floor, Raja Ind Estate, P. K. Rd, Mulund W, Mumbai, Mumbai City, Maharashtra	tirupatitechnologies.com	H.no 567 77, 1St Floor, Raja Ind Estate, P. K. Rd, Mulund W, Mumbai, Mumbai City, MH	0
3	S1-898880403	S2-413548476	false_negative	India	Delhi Health Limited	C/O Nagmani, F-11A, Ugf Near Bal Bhawan School, Laxmi Nagar, Delhi, East Delhi, Delhi	dhealth.com	C/O NAGMANI, DELHI, EAST DELHI, दिल्ली	0
3	S1-375443867	S2-815057404	false_negative	US	Quick States	4120 17th Way, Ridgefield, WA	Quick Staes	4120 17TH WAY, RIDGEFIELD, WA	1
3	S1-983531231	S2-238515002	false_negative	India	Jrs Security LLP	S/O.Kalu Lal Meena Jhuggi.No. Rc-82, Ajj Bandu Camp Sec-B Pkt- 5&6, Vasant Kunj, New Delhi, South Delhi, Delhi	L.L.P. JRS SECURITY	SOUTH DELHI, NO 170 S/O.KALU LAL MEENA JHUGGI.NO. RC-82, Delhi, NEW DELHI	1
3	S1-303570781	S2-706324635	false_positive	US	Penson's Pharmaceuticals	11656 Tarcoles Way, Rancho Cordova, CA	Penson's Pharmaceuticals Inc.		1
3	S1-71707662	S2-163233000	blocking_miss	India	Sunrise Construction Limited	Bangalore, Karnataka, 2Nd Floor 5Th C, Jai Bhuvaneswari Layout, No 37/38, Bangalore North	ಸನ್‌ರೈಸ್ ಕನ್‌ಸ್ಟ್ರಕ್ಷನ್ ಲಿಮಿಟೆಡ್	NO 37/38, BANGALORE NORTH, BANGALORE, Karnataka	0
3	S1-71707662	S3-178608309	blocking_miss	India	Sunrise Construction Limited	Bangalore, Karnataka, 2Nd Floor 5Th C, Jai Bhuvaneswari Layout, No 37/38, Bangalore North	ಸನ್‌ರೈಸ್ ಕನ್‌ಸ್ಟ್ರಕ್ಷನ್ ಲಿಮಿಟೆಡ್	37/38, Bangalore, KA	0
3	S1-71707662	S3-591336842	false_negative	India	Sunrise Construction Limited	Bangalore, Karnataka, 2Nd Floor 5Th C, Jai Bhuvaneswari Layout, No 37/38, Bangalore North	Novimiraio	No 37/38, 2Nd Floor 5Th C, Jai Bhuvaneswari Layout, Bangalore North, Bangalore, Karnataka	1
3	S1-216967303	S3-603142433	false_positive	India	Noida India Pvt Ltd	First Floor, B-33 Sector 16, Noida, Gautam Buddha Nagar, Uttar Pradesh	Noida India Private Limited	D-17/3 First Floor, Gautam Buddha Nagar, Noida, उत्तर प्रदेश	1
3	S1-216967303	S2-337156906	blocking_miss	India	Noida India Pvt Ltd	First Floor, B-33 Sector 16, Noida, Gautam Buddha Nagar, Uttar Pradesh	>> NOlDA INDIA PVT	FIRST FLOOR, B-33 SECTOR 16, GAUTAM BUDDHA NAGAR, NOIDA, Uttar Pradesh	0
3	S1-216967303	S3-389341808	blocking_miss	India	Noida India Pvt Ltd	First Floor, B-33 Sector 16, Noida, Gautam Buddha Nagar, Uttar Pradesh	Noida India Pvt		0
3	S1-722700706	S2-288695361	blocking_miss	India	Fss (India) Consultancy Private Limited	G.F. -2, Snow Drops, A/21, Swastik C.H.S B/H S.B.S. Nr. Stadium Circle, C.G. Road, Ahmedabad, Gujarat	ficonsultancy.com	G.F. -2, AHMEDABAD, Gujarat	0
3	S1-465859127	S3-389607207	blocking_miss	India	Dynamic Ventures	House No. 315, 1St Floor, Street Pana Udyan, Delhi, North West Delhi, Delhi	Shri Nylaxylo	#902 House No. 315, N/A, Delhi, North West Delhi, DL	0
3	S1-465859127	S3-627530133	blocking_miss	India	Dynamic Ventures	House No. 315, 1St Floor, Street Pana Udyan, Delhi, North West Delhi, Delhi	डायनामिक वेंचर्स	Door No 902 Huse No. 315, N/A, Delhi, North West Delhi, DL	0
3	S1-669855668	S3-610626948	blocking_miss	India	Shah Advisory Limited	Abir Vihar Colony Ab Road, Plot No. 31, Madhya Pradesh, Indore	Noviwex	Plot No. 31, MP, Indore	0
3	S1-924646727	S2-395531050	false_negative	US	Patterson Atlantic	OK, 28127 Highway 9A, Maud	Patterson Atlantic Corporation		1
3	S1-785035362	S3-444998528	false_negative	US	4-Point	2703 Pittston Road, Spotsylvania County, VA	4-Point LP	Pittston Rd, Fredericksburg, Virginia	1
3	S1-409559647	S2-702378695	false_negative	US	Signature Brookfield LLC	88 September Place, Fairfield, CT	Signature Brookfield		1
3	S1-518009327	S3-146878160	blocking_miss	US	Capital Partners	12718 Sandy Brook Lane, Cypress, TX	Capital Partners Trading		0
3	S1-616669075	S2-19760356	blocking_miss	India	Fortune Power Private Limited	S-212 Basement, Panchsheel Park, New Delhi, South Delhi, Delhi	Fortune Power Privhte Limited		0
3	S1-502574894	S2-204442051	singleton_false_merge	India	Vaayuendra Data Limited	Door No.3A, M.G.R. Nagar, 5Th Main Road Velacherry, Chennai, Tamil Nadu	Vaayuendova Data Limited	DOOR NO.3A , M.G.R. NAGAR, 5TH MAIN ROAD VELACHERRY, Tamil Nadu	1
3	S1-219250971	S3-955637868	false_negative	US	Orion LLC	801 Washington Street, Portsmouth City, VA	Orion LLC Partners	Portsmouth City, Virginia, 01 Washington Street	1
3	S1-90060493	S3-963707791	false_negative	India	Innovative Finance Private Limited	Valecha Chambers 6Th Floor, New Link Road, Andheri (W), Mumbai, Mumbai City, Maharashtra	इनोवेटिव फाइनेंस प्राइवेट लिमिटेड	Valecha Chambers Th Floor, New Link Road, Andheri (W), Mumbai, Mumbai City, MH	1
3	S1-866654712	S3-769560745	false_negative	US	Clear Freight	715 Cobblestone Trail, Walworth, NY	Clear Center - 1406889015	715-719 Cobblestone Trail, Walworth, New York	1
3	S1-958966872	S3-92956954	false_negative	India	New Delhi Hospital Private Limited	S-185 Greater Kailash Part Ii First Floor, New Delhi, South Delhi, Delhi	hdnew.com	S-85 Greater Kailash Part Ii First Floor, South Delhi, New Delhi, DL	0
3	S1-351449050	S3-987986002	singleton_false_merge	US	Interstate Telecom Networks Inc	5374 Catena Court, Unit UNIT 1, Fontana, CA	Interstate Telecom Networks		1
3	S1-633192357	S3-942681368	false_negative	US	John Industries	3745 Montgomery Way, Smyrna, TN	John Índustries		1
3	S1-720392989	S2-953328909	blocking_miss	India	Seven Construction Private Limited	32/B/6, Central Road N. C. Pukur, Kolkata, Kolkata, Howrah, West Bengal	সেভেন কনস্ট্রাকশন প্রাইভেট লিমিটেড	KOLKATA, 32/B/6, West Bengal, HOWRAH	0
3	S1-290613321	S3-467697568	false_negative	India	Karthikeya Brothers Limited	43-B-207 Versova Manish Chsmanishnagar Andheri (W), Mumbai, Mumbai City, Maharashtra	Karthikeya Baohters Limited		0
3	S1-334522901	S2-769679068	blocking_miss	India	Digital Care Private Limited	Delhi, Mayur Vihar Phase Iii, East Delhi, A-321 Gharoli Dairy Colony	digital care private limited		0
3	S1-116196007	S3-301669492	blocking_miss	India	Imperial Equipments Ltd	276-A, Pvt No 2, G/F, Masjid Moth, New Delhi, South Delhi, Delhi	imperialequipments.com	276-A, South Extension Part I, DL	0
3	S1-116196007	S3-579962672	false_negative	India	Imperial Equipments Ltd	276-A, Pvt No 2, G/F, Masjid Moth, New Delhi, South Delhi, Delhi	IMPERIAL EQUIPMENTS LTD		1
3	S1-912331482	S3-272806611	false_negative	India	Om & Sons Pvt Ltd	B.3/1201 Lok Everest Lok, Acc.Rd Mulun Mulund (W), Mumbai, Maharashtra	Pvt Om & 5ons Ltd.	Hn 437 B.3/1201 Lok Evreest Lok, Mumbai, MH	1
3	S1-471775902	S2-123267585	false_negative	US	Autism Assistance Initiative III Inc	31885 Welshtown Road, Pomeroy, OH	Autism Assistance Initiative Iii Inc		1
3	S1-471775902	S2-883394038	false_negative	US	Autism Assistance Initiative III Inc	31885 Welshtown Road, Pomeroy, OH	THE AUTISM ASSISTANCE INITIATIVE III [INC]		1
3	S1-664146915	S2-471947203	false_negative	US	Lacy Hawk Beverage, LLC	240 Center Street, Conneaut, OH	Lacy Hawk Beverage,		1
3	S1-820803252	S3-863851779	blocking_miss	US	Dermatology Health	40 Wedgemere Avenue, Winchester, MA	Dermat0logy Sérvices (ID: 65070)	40 Wedgeere Avenue, Winchester, Massachusetts	0
3	S1-145924026	S3-132809467	false_positive	India	AC Winery LLP	Haryana, A1310, Tdi City, Sector61, Ground Emperor Floor, Sonipat	AH Winery-L.L.P.	A1310, Tdi City, Sector61, Ground Emperor Floor, Sonipat, HR	1
3	S1-677565721	S2-217424712	false_negative	US	Saenz Bay Invest L.L.C.	601 10th Street, Olivia, MN	Saenz Bay Invest		1
3	S1-568550643	S2-424798136	false_negative	US	Williams Motors Inc	4770 Hooppole Ridge Road, Mc Connelsville, OH	Williams Inc Services	2770 HOOPPOLE RIDGE RD, MEIGSVILLE TWP, OH	1
3	S1-847551419	S2-362584002	false_negative	India	SXE Trading Limited	#1485, 20Th Main11Th Cross, Hsr Layout Bangalore, Bangalore, Karnataka	SXE TRADING		1
3	S1-66149768	S2-718052791	false_negative	India	Good Energy Private Limited	Door No. 6/559C, Mannuthy Bye Pass Ollukkara, Thrissur, Kerala	ഗുഡ് എനർജി പ്രൈവറ്റ് ലിമിറ്റഡ്	DOOR NO. /559C, MANNUTHY BYE PASS OLLUKKARA, THRISSUR, Kerala	1
3	S1-991365835	S3-459893027	false_negative	US	Jasper Inc	4626 Heath Road, Nashville, TN	Onyxcalofaye	4626 Heath Road, Nashville, Tennessee	1
3	S1-960686144	S2-224133214	false_negative	US	Clear Technical Innovations	217 Monitor Avenue, Cincinnati, OH	NEXNYLAORBI	217 MONITOR AVE, CINCINNATI, OH	1
3	S1-587291228	S2-697875087	false_negative	US	Urology Classic Medicine LLC	196 Norwalk Avenue, Unit Apartment 1, Buffalo, NY	Urology Classic Medicine LLC		1
3	S1-587291228	S2-833993629	blocking_miss	US	Urology Classic Medicine LLC	196 Norwalk Avenue, Unit Apartment 1, Buffalo, NY	Urology Classic Medicnie LLC		0
3	S1-439001043	S2-37077100	blocking_miss	US	Tri-State Center Partners	2101 Bristol Drive, Unit 1, Frederick, MD	TRI-STATE CENTER PARTNERS	BRISTOL DR, FREEDERICK, MD	0
3	S1-895221452	S2-813559688	false_negative	US	Pryor Platinum All LLC	1210 Charles Bryan Road, Cordova, TN	Fluxvantagesyn	1210 CHARLES BRYAN RD, CORDOVA, TN	1
3	S1-895221452	S3-857897727	false_negative	US	Pryor Platinum All LLC	1210 Charles Bryan Road, Cordova, TN	Pryor Platinum (All)	990- Charles Bryan Road, Cordova, Tennessee	1
3	S1-198633090	S2-855362682	false_negative	US	Highland Worldwide LLC	13455 Booker T Washington Highway, Unit 106, Franklin County, VA	L.L.C. Highland W0rldwide	13455 BOOKER T WASHINGTON HWY, FRANKLIN COUNTY, VA	1
3	S1-185990616	S2-894604248	false_negative	India	Premier Enterprises Limited	2-34-1, Jai Bhavani, Netaji Cross, Church Road, Kalkani, Belthangady, Dakshina Kannada, Karnataka	ಪ್ರೀಮಿಯರ್ ಎಂಟರ್‌ಪ್ರೈಸಸ್ ಲಿಮಿಟೆಡ್	002-34-1, DAKSHINA KANNADA, BELTHANGADY, ಕರ್ನಾಟಕ	0
3	S1-185990616	S3-688143101	false_negative	India	Premier Enterprises Limited	2-34-1, Jai Bhavani, Netaji Cross, Church Road, Kalkani, Belthangady, Dakshina Kannada, Karnataka	ಪ್ರೀಮಿಯರ್ ಎಂಟರ್‌ಪ್ರೈಸಸ್ ಲಿಮಿಟೆಡ್	2-34-1, NULL, Belthangady, Dakshina Kannada, KA	0
3	S1-321787169	S3-273918969	blocking_miss	US	Royal Electronics Consultants LLC	809 High Street, Lake View, IA	Veokornyla	High St, Lake View, Iowa	0
3	S1-432248757	S2-595294712	false_negative	US	Colonial Council	304 Park Street, Village Of Holmen, WI	Colonial Council-Inc.		1
3	S1-432248757	S3-476760719	blocking_miss	US	Colonial Council	304 Park Street, Village Of Holmen, WI	colonialcouncil.com	30 Park St, Village Of Holmen, Wisconsin	0
3	S1-432248757	S3-541686059	false_negative	US	Colonial Council	304 Park Street, Village Of Holmen, WI	Colonial Counadl		0
3	S1-432248757	S3-848949196	blocking_miss	US	Colonial Council	304 Park Street, Village Of Holmen, WI	Colonialcouncil.Com	30 Park St, Village Of Holmen, Wisconsin	0
3	S1-837777655	S3-886522170	false_negative	US	Cardozo, Hockenbury & Fain LLC	14 Country Club Drive, Chelmsford, MA	Cardozo, Hockenbury Fain LLC Center	12 Country Club Dr, <NULL>, Chelmsford ITY, Massachusetts	1
3	S1-887537622	S3-275382503	blocking_miss	US	Mateo, Georgetta, D.D.S.	2628 Balch Springs Road, Balch Springs, TX	Mateo, Gercolgtdati,-D.D.S.		0
3	S1-882338126	S3-8950681	blocking_miss	India	Hitech Trading Private Limited	Delhi, Second Floor Rajouri Garden, A-65, West Delhi, New Delhi	hitechtrading.com	A-65, West Delhi, DL, Second Floor Rajouri Garden	0
3	S1-882338126	S3-927417363	blocking_miss	India	Hitech Trading Private Limited	Delhi, Second Floor Rajouri Garden, A-65, West Delhi, New Delhi	Hitech Trading प्राइवेट लिमिटेड Enterprises		0
3	S1-905897689	S3-280589676	false_negative	India	Sai It	Plot No 91, Uttar Pradesh, Kaushalpuri Khargapur, Lucknow	Rizadrex	Plot No 91, Kaushalpuri Khargapur, Lucknow, Uttar Pradesh	1
3	S1-905897689	S3-832146203	false_negative	India	Sai It	Plot No 91, Uttar Pradesh, Kaushalpuri Khargapur, Lucknow	Mr Sai Center	#91, Lucknow, <NULL>, UP	0
3	S1-545123180	S3-624013929	false_negative	India	Construction Azalea India Pvt. Ltd.	Gali No. 14, H. No. - C-85 Gulab Vatika Loni, Ghaziabad, Uttar Pradesh	Quoirijax	Gali No. 14, H. No. - C-85 Gulab Vatika Loni, Ghaziabad, उत्तर प्रदेश	1
3	S1-545123180	S3-716618329	false_negative	India	Construction Azalea India Pvt. Ltd.	Gali No. 14, H. No. - C-85 Gulab Vatika Loni, Ghaziabad, Uttar Pradesh	Construction Azalea Pvt. Ltd. Services		1
3	S1-793494336	S2-243654826	false_negative	US	2653 Church Place Associates Group	2212 Mcnair Avenue, Minneapolis, MN	2653 Church Place Associates	2211 MCNAIR AVENUE, MINNEAPOLISC ITY, MN	1
3	S1-547008197	S3-746901935	false_positive	India	MH Marketing Limited	Hitech City, 1St Floor, Plot No:21, Huda Techno Enclave, Survey No:64, Madhapur, Hyderabad, Telangana	MHZ Marketing Limited	##2St Floor, Plot No:21, Huda Techno Enclave, Survey No:64, Madhapur, Hitech City, Hyderabad, Andhra Pradesh	1
3	S1-547008197	S2-153473426	blocking_miss	India	MH Marketing Limited	Hitech City, 1St Floor, Plot No:21, Huda Techno Enclave, Survey No:64, Madhapur, Hyderabad, Telangana	Limited MH Marketing	HITECH CITY, HYDERABAD, Andhra Pradesh, H.NO 001ST FLOOR	0
3	S1-547008197	S3-593886832	blocking_miss	India	MH Marketing Limited	Hitech City, 1St Floor, Plot No:21, Huda Techno Enclave, Survey No:64, Madhapur, Hyderabad, Telangana	mhmarketing.com	#A-1St Floor, Hyderabad, Hitech City, తెలంగాణ	0
3	S1-146861658	S3-261218713	false_negative	US	Erickson, Brock & Orme	6170 Hughesville Station Place, Hughesville, MD	Erickson, [Brock]		1
3	S1-146861658	S3-67819722	false_negative	US	Erickson, Brock & Orme	6170 Hughesville Station Place, Hughesville, MD	Avihaloiri	6170 Hughesville Station Place, Hughesville, Maryland	1
3	S1-632437363	S3-365780227	false_negative	US	Constanta A. Swan, DO	5333 200, Whitestown, IN	C. Swan A.	5333 200, Whitestown, IN	1
3	S1-632437363	S3-977767025	false_negative	US	Constanta A. Swan, DO	5333 200, Whitestown, IN	Jaxdovaavi	200, Whitestown, Indiana	1
3	S1-802500385	S2-746919115	false_negative	India	Guru Harkishan Nagar Paschim Vihar Sarees Private Limited	M-122, Guru Harkishan Nagar Paschim Vihar, New Delhi, Delhi	Guru Harkishan Nagar Paschim Vihar Sarees Private		1
3	S1-935398466	S2-542967233	blocking_miss	India	Ss Healthcare Limited	Ashok Vihar Phase Iv, Delhi, 393, Delhi	Ss Limited Services		0
3	S1-631403560	S3-500229376	blocking_miss	US	Dynamic Mckinley Inc	10 Lemonwood Drive, Morgans Point Resort, TX	Dynamic Mckinley [Inc]	10 Lemnwood Dr, Belton CDP, Texas	0
3	S1-631403560	S3-681690901	false_negative	US	Dynamic Mckinley Inc	10 Lemonwood Drive, Morgans Point Resort, TX	Dynamic Mckinley	Lemonwood Dr, Belton CDP, Texas	1
3	S1-593477787	S3-937117094	false_negative	India	Good My Engineering	House No 75, Room 01, 4Th, Cross, 16Th Main Road, Bangalore South, Bangalore, Karnataka	Good My	Hn 342- House No 75, <NULL>, Bangalore South, Bangalore, KA	1
3	S1-731830839	S3-531959412	blocking_miss	India	New Delhi Sanitary Private Limited	F-7, 3Rd Floor (Terrace), Model Town Part-Ii, New Delhi, North West, Delhi	New Delhi 5anitary Private-Ltd	F-7, DL, North West, New Delhi	0
3	S1-301354848	S2-92774276	blocking_miss	India	International Builders Private Limited	Iv Floor, Sachdev Nagar Building, C Block Road, Ulhasnag 3, Maharashtra, Thane, Flat No. 30, Thane	इंटरनेशनल बिल्डर्स प्राइवेट लिमिटेड	FLAT NO. 30, THANE, Maharashtra	0
3	S1-866435421	S3-413364325	false_negative	India	Suparna Nursing Home Private Limited	H.No. 152, Ward No. 10, Street No. 8 Aggarsain Colony, Teh. Samana, Distt. Pa, Tiala, Samana, Patiala, Punjab	Mr Suparna Nursing Home Prívate Ltd		1
3	S1-866435421	S3-439570124	false_negative	India	Suparna Nursing Home Private Limited	H.No. 152, Ward No. 10, Street No. 8 Aggarsain Colony, Teh. Samana, Distt. Pa, Tiala, Samana, Patiala, Punjab	*** Suparna Nurising Home Private Limited	Plot 00316 225, Patiala, Samana, ਪੰਜਾਬ	1
3	S1-331410286	S2-752071324	false_negative	US	Sequoia	528 Yellow Mills Road, Farmington, NY	Sequoia LP Enterprises		0
3	S1-331410286	S3-457928727	false_negative	US	Sequoia	528 Yellow Mills Road, Farmington, NY	Sequoia (Center)		0
3	S1-678599319	S3-531809453	false_positive	US	Evans, Callan and Michel Rio Inc	12308 Morrow Avenue, Albuquerque, NM	Evans, Callan And-Michel		1
3	S1-521749196	S2-818989575	blocking_miss	US	Ear Nose & Throat Beacon Associates, LLC	213 Mill Springs Road, Burnsville, NC	earnosethroat.com	213 MILL SPRINGS RD, BURNSVILLE, NC	0
3	S1-829506463	S2-56481012	false_negative	India	Girna Services Private Limited	Door No. : 8-228, Plot No. 77, Dargah Khaleej Khan, Bandlaguda Jagir, Kismatpur, Rajendranagar, Hyderabad, Telangana	Onyxiri	PLOT 104 DOOR NO. : 8-228, PLOT NO. 77, DARGAH KHALEEJ KHAN, BANDLAGUDA JAGIR, KISMATPUR, RAJENDRANAGAR, HYDERABAD, తెలంగాణ	1
3	S1-229046564	S3-817586557	false_negative	US	Automated Business Products Inc	630 S Capitol St, IA, Unit 211, Iowa City	Automated Business	630 1/2 S Capitol St, PMB 4080, Iowa City, Iowa	1
3	S1-967558361	S2-873030472	false_negative	India	Pi Fleet Company	218, 2Nd Floor, Amar Vijay Tower, Hotel Mansigh Lane, S.C. Road, Jaipur, Rajasthan	Sri Pi Fleet (Co)	##704 218, 2ND FLOOR, AMAR VIJAY TOWER, HOTEL MANCIGH LANE, S.C. ROAD, JAIPUR, राजस्थान	1
3	S1-489864330	S3-773636663	false_negative	US	Bright Nails	10212 Jamestown Drive, Unit COND 2F, Anchorage, AK	Bright Nails Center	1021 Jamestown Dr, Anchorage, Alaska	1
3	S1-832148684	S3-294070174	false_negative	US	Internal Medicine Associates Inc	Greene, 440 Sawyer Road, ME	Internal Medicine Associates	940 Sawyer Rd, Greene CP, Maine	1
3	S1-999680379	S2-639936526	false_positive	US	Catlee's Quality Systems	TX, 8201 Liberty Circle, Amarillo	Catlee's Quality Systems		1
3	S1-776492446	S3-629329615	false_negative	India	Fouress Lift Care	37, Raja Nagarneelangarai Chennai, Chennai, Tamil Nadu	Fouress Lift Ce	36, Chennai, TN, Raja Nagarneelangarai Chennai, Vettuvangani	1
3	S1-22519354	S2-554442227	blocking_miss	India	New International Limited	South Delhi, 252H T/F, Delhi, Near Subikksha Sant Nagar	न्यू इंटरनेशनल लिमिटेड	NO D/252H T/F, NEAR SUBIKKSHA SANT NAGAR, SOUTH DELHI, DELHI	0
3	S1-870578902	S2-996059032	false_negative	US	Masters Midwest Wholesale	3829 10th Avenue, Fargo, ND	MASTERS MIDWEST SERVICE		0
3	S1-870578902	S3-925146242	false_negative	US	Masters Midwest Wholesale	3829 10th Avenue, Fargo, ND	Masters Midwest		1
3	S1-500196982	S3-446933203	false_negative	India	Liberty & Partners	E-09 9Th Floor, Bangalore, Bangalore South, Karnataka, 1St Cross, J C Road	M/s Liberty Partners Center	E-09/6 9Th Floor, Bangalore South, Bangalore, KA	1
3	S1-485090099	S3-184645127	blocking_miss	India	Ahmedabad Properties Company	C-2, Madhupura Market, Shahibaug, Ahmedabad, Gujarat	Ahmedabad Prfohpeirtes Company	C-#2, Ahmedabad, GJ, Ahmedabad	0
3	S1-702931788	S3-753021627	false_negative	India	Kkc Trading Private Limited	Mazgaon, Thakkar Industrial Estate, Champshi Bhimji Rd, Unit No.10, Mumbai, Maharashtra	Dr Kkc Tráding Private Limited Limited		1
3	S1-702931788	S3-867685980	false_negative	India	Kkc Trading Private Limited	Mazgaon, Thakkar Industrial Estate, Champshi Bhimji Rd, Unit No.10, Mumbai, Maharashtra	kkctrading.com	महाराष्ट्र, Mumbai, Mazgaon, Unit No.10	0
3	S1-151147064	S3-334003487	blocking_miss	India	Kongu Industries Private Limited	Bangalore, Karnataka, 5, 39Th Cross Road, 8Th Block Jayanagar, Bangalore	Kongu Industries Private Ltd	D/5, Bangalore, Padmanabha Nagar, KA	0
3	S1-569526660	S3-620374881	false_positive	India	Jupiter Trading Associates	H.No-831/12, Krishna Colony, Gurugram, Shivaji Nagar, Gurgaon, Haryana	Jupiter Trading Associates Group	H.no-831/23, Krishna Colony, Gurugram, Shivaji Nagar, Gurgaon, हरियाणा	1
3	S1-706471634	S2-506436532	false_negative	India	Future Global Private Limited	New No.25, Old No. 12, First Floor, Kamaraj Avenue 2Nd Street, Chennai City Corporation, Chennai, Tamil Nadu	ஃபியூச்சர் குளோபல் பிரைவேட் லிமிடெட்	NEW NO.25, OLD NO. 12, FIRST FLOOR, KAMARAJ AVENUE 2ND STREET, CHENNAI, CHENNAI CITY CORPORATION, Tamil Nadu	1
3	S1-706471634	S3-531805121	false_negative	India	Future Global Private Limited	New No.25, Old No. 12, First Floor, Kamaraj Avenue 2Nd Street, Chennai City Corporation, Chennai, Tamil Nadu	Sri Future Global Phonivgte Limited	No 0025, Chennai City Corporation, Chennai, TN	1
3	S1-706471634	S3-775591115	blocking_miss	India	Future Global Private Limited	New No.25, Old No. 12, First Floor, Kamaraj Avenue 2Nd Street, Chennai City Corporation, Chennai, Tamil Nadu	ஃபியூச்சர் குளோபல் பிரைவேட் லிமிடெட்	New No.0025, Chennai City Corporation, Chennai, TN	0
3	S1-870102850	S2-874628331	singleton_false_merge	India	Red Exports Private Limited	7, Indore, Nagarchi Bakhal, Madhya Pradesh, Indore	राज एक्सपोर्ट्स प्राइवेट लिमिटेड	07, TELI BAKHAL MALHARGANJ, INDORE, Madhya Pradesh	1
3	S1-246865309	S2-771478260	false_negative	US	Shultz, Daile N., D.D.S., P.C.	NY, 112 Veterans Drive, Painted Post	Shultz, Dhlbae N., D.D.S., P.C.		1
3	S1-246865309	S3-455295763	blocking_miss	US	Shultz, Daile N., D.D.S., P.C.	NY, 112 Veterans Drive, Painted Post	shultzdailen.com	<NULL>, New York, Painted POST, 11 Veterans Drive	0
3	S1-246865309	S3-932846941	blocking_miss	US	Shultz, Daile N., D.D.S., P.C.	NY, 112 Veterans Drive, Painted Post	Shultzdailen.Com	11 Veterans Dr, <NULL>, Painted POST, New York	0
3	S1-830796054	S2-43335184	blocking_miss	US	Twisted Book Store!	2419 Brightling Bend, Forney, TX	Twisted Book Shore!		0
3	S1-633760267	S2-330645743	false_negative	India	Air Solutions (India)	7/A, Ibrahim Road 1St Floor, South Block, Kolkata, Kolkata, Howrah, West Bengal	Air So1utions Center	467 7/A, IBRAHIM ROAD 1ST FLOOR, SOUTH BLOCK, KOLKATA, KOLKATA, পশ্চিমবঙ্গ	1
3	S1-780891026	S2-427247988	blocking_miss	US	Happy Tattoo	Tyler, TX, 17910 31	Rizazeph	77910 31, TYLEER, TX	0
3	S1-780891026	S2-544143495	blocking_miss	US	Happy Tattoo	Tyler, TX, 17910 31	Happy Tattoo Inc.	77910 31, TYLEER, TX	0
3	S1-144121678	S3-143724022	false_negative	India	Freeze & Brothers Public Limited	46, K.T.S. Mani Street, Mamallan Nagar, Kanchipuram, Kancheepuram, Tamil Nadu	Freeze & Brothers Public		1
3	S1-749839274	S3-57834665	false_negative	US	Shaikh Mountain House	610 55th Street, Tacoma, WA	Shaikh Mountain House Corp		1
3	S1-90986226	S3-687559651	blocking_miss	India	Hitech Projects Private Limited	Flat No 101, Bhoomi Building, 1St Floor, Laxmi Chs, Plot 79, N.S. Rd No 8, Jvpd Sc, Mumbai, Mumbai City, Maharashtra	हाईटेक प्रोजेक्ट्स प्राइवेट लिमिटेड	H.no 101, Mumbai, Mumbai City, MH	0
3	S1-604264759	S3-820737304	false_positive	India	Chandrita Foods Private Limited	3 No Mc Shop Najafgarh Rd, Near Mata Chock, Bahadurgarh, Jhajjar, Haryana	Chandritayn Foods Private Limited	No 3 No Mc Shop Najafgarh Rd, Near Mata Chock, Bahadurgarh, Jhajjar, हरियाणा	1
3	S1-991091322	S3-501719687	false_negative	India	Eastern Ventures Pvt Ltd	129/56, 7Th Main Road, 5Th Block, Jayanagar, Bangalore, Karnataka	Eastern Ventures		0
3	S1-396686928	S2-218416287	false_negative	US	Martinez Silver Investment LLC	2320 Meadow Drive, Phoenix, AZ	MARTINEZ SILVER INVESTMENT L.L.C.		1
3	S1-148494394	S3-256885139	false_negative	India	LJQ Building	Pranavam, Udiyankulangara, Chenkal Po, Chenkal, Thiruvananthapuram, Trivandrum, Kerala	Ectonyla	KL, Thiruvananthapuram, No 1-264 Prandvam, Udiyankulangara, Chenkal Po, Chenkal, Thiruvananthapuram	1
3	S1-148494394	S3-426504820	false_negative	India	LJQ Building	Pranavam, Udiyankulangara, Chenkal Po, Chenkal, Thiruvananthapuram, Trivandrum, Kerala	LJQ Búilding	H.no 1-264 Pranaavm, Divreportingcircle, Trivandrum, KL	1
3	S1-197529965	S3-524194340	blocking_miss	India	Big Engineering Limited	W.S.No.5, Fl No.6, Nanda, Ashirwad Apt, Chandra Lyt, Bangalore North, Bangalore, Karnataka	ಬಿಗ್ ಇಂಜಿನಿಯರಿಂಗ್ ಲಿಮಿಟೆಡ್	W.s.no.5, Bangalore North, Bangalore, KA	0
3	S1-966338667	S3-891566797	false_negative	US	Hedwig M. Brewer, Esq.	121 Camino Verde, San Marcos, TX	Hedwig Brewer, Esq. Center		1
3	S1-6740341	S3-137343053	false_positive	US	Stephana Votaw, M.D.	163-26 97 Street, Howard Beach, NY	Stephana Votaw, M.D.		1
3	S1-6740341	S3-157504376	false_negative	US	Stephana Votaw, M.D.	163-26 97 Street, Howard Beach, NY	Brixmira	163-26 97 St, Howard Beach, New York	1
3	S1-27407549	S3-575733581	false_negative	India	Apex Infra Private Limited	Block - M - 35 Baishnabghata Patuli Township, Kolkata, Howrah, West Bengal	অ্যাপেক্স ইনফ্রা প্রাইভেট লিমিটেড	Block - M - 35. Baishnabghata Patuli Township, Howrah, South 24 Parganas, WB	1
3	S1-979829051	S2-21591287	false_negative	India	Gp & Brothers Private Limited	Pl 396 To 398 Fl 15 Goldfield Enclave Koregaon Park, Pune, Maharashtra	Gp & Brothers Private Ltd		1
3	S1-417071696	S2-121670285	false_negative	India	Kakoor Gift Private Limited	Cabin No 9 Technolodge Rural It Park Piravam, Kakoor, Ernakulam, Kerala	Kakoor Gift Private	CABIN NO 8 TECHNOLODGE RURAL IT PARK PIRAVAM, KAKOOR, കേരളം	1
3	S1-417071696	S2-1555731	false_negative	India	Kakoor Gift Private Limited	Cabin No 9 Technolodge Rural It Park Piravam, Kakoor, Ernakulam, Kerala	Kakoor Gift Private	CABIN NO 8 TECHNOLODGE RURAL IT PARK PIRAVAM, KAKOOR, കേരളം	1
3	S1-498172281	S2-536963528	blocking_miss	India	Premier Management	Pune, S No- 141/6, Maharashtra, 141/7, 161/4/1, 161/1-3, 162/1-7, Rutuparna, Flat No A - 304, Behind Sign, Et Corner, Pune	प्रीमियर मैनेजमेंट	S NO- 141/6, PUNE, Maharashtra	0
3	S1-211367912	S3-318653684	blocking_miss	India	International Construction Private Limited	301 T/F Plot No-15, Community Center Preet, New Delhi, Delhi	इंटरनेशनल कंस्ट्रक्शन प्राइवेट लिमिटेड	H.no 301 T/f Plot No-15, East Delhi, New Delhi, DL	0
3	S1-487514345	S2-411841123	blocking_miss	US	Rev It Up Deli	13036 Ryan Way, Fountain Hills, AZ	Rev lt Up Deei (ID: 73763)	13036C RYAN WAY, FOUNTAIN HILLS, AZ	0
3	S1-989800778	S3-832703158	false_negative	US	Bridgeman, Scott & Franklin Education	9 Baltic Avenue, Sunrise Beach, MO	Bridgeman, Scott & Franklin Education LLC	Missouri, Baltic Ave, Sunrise Beach	1
3	S1-63627534	S3-366849517	false_negative	US	Secure Unified Pmv	Baytown, 511 Ward Road, TX	Secure Unified	51 Ward Road, Baytown, Texas	1
3	S1-663202798	S2-262138672	blocking_miss	US	Eye Health LLC	1866 Bridgeview Drive, Village Of Fox Crossing, WI	Eye Health Llc		0
3	S1-264263841	S3-774389167	blocking_miss	US	Piedmont Custom Rate LLC	6081 Central Park Drive, Columbus, OH	Piedmont Custom #9190		0
3	S1-286562044	S2-848456913	false_positive	US	Olivia Papas, MD	1627 Massachusetts Avenue, Unit 304, Washington, DC	The Olivia Papas, ML	1627 MASSACHUSETTS AVENUE, WASHINGTON, DC	1
3	S1-940985270	S3-755598021	false_negative	US	Richards Quetta	8880 Montjoy Place, Ellicott City, MD	Richards Service		1
3	S1-578504859	S3-815676085	blocking_miss	India	Keshav Agri Limited	Maharashtra, Office No 3 Ground Flooreverest Bldg Tardeo, Mumbai	Keshav Ai Limited		0
3	S1-765417380	S3-637165687	false_negative	US	Lewis Centers Clinic	2714 Appian Way, New Caney, TX	Lewis Centers Clinic Co	2713 Appian Way, Texas, New Caney	1
3	S1-104513035	S2-259440568	blocking_miss	India	Equity Traders Pvt. Ltd.	No.2310, T2, Third Floor, Hilite Business Park, Kozhikode, Kerala	Equity Pvt. Traders Ltd.		0
3	S1-532095450	S2-662679039	false_negative	US	Falcon Water Inc.	795 Henson Lane, Helenwood, TN	Falcon Wcter Inc.		1
3	S1-228083550	S3-668507154	false_negative	India	Kaveransh Services Private Limited	C/O Sri Ajay Kumar H No 224 Vill Tola Panch Bararhi Gola Block Akorhi Gola, Rohtas, Bihar	Kaveransh Sérvices Private Limited		1
3	S1-816487175	S3-391309414	false_negative	India	Svm Industry Pvt Ltd	Condor Mirage, 3Rd Floor 101/1, Richmond Road, Richmond Town, Bangalore, Karnataka	Svm Svm Industry	Condor Mirage, Bengaguru, Bangalore, KA	1
3	S1-56128401	S3-620092739	false_positive	US	Grand Precision Inc.	13302 125th Avenue, El Mirage, AZ	Grand Precision Inc	El Mirage, 13306 125nd Avenue, Arizona	1
3	S1-487759116	S2-22347021	false_negative	India	Agrani Trust	Center One Mall Plot 33, Sector 30A, Vashi, Navi Mumbai, Thane, Maharashtra	Agrani Trust		1
3	S1-645771603	S2-161609594	blocking_miss	India	Jay Builders Private Limited	Room No. 16, C.K.Building, 178, Sant Tukaram Road, Masjid Bunder Ro, Ad, Mumbai, Mumbai City, Maharashtra	जय बिल्डर्स प्राइवेट लिमिटेड	ROOM NO. B3/16, MUMBAI, MUMBAI CITY, Maharashtra	0
3	S1-121121371	S3-213594089	false_negative	US	Roo Precision Auto Sales, LLC	1235 218, Peru, IN	Pyraveradelta	1235 218, PERU CITY, Indiana	1
3	S1-121121371	S3-216423	false_negative	US	Roo Precision Auto Sales, LLC	1235 218, Peru, IN	Roo Precision Auto Sales,		1
3	S1-56130256	S3-299736298	false_negative	US	Meridel Vasquez Tire Shop LLC	1125 Oak Street, Unit Ste 306, Conway, AR	Meridel Vasquez (Tire)		1
3	S1-693111558	S2-590321602	false_negative	India	Mirador & Co	Delhi, C-20 Suvidha Apartment, North West Delhi, Rohini Sector-13	Shri Mirador (+)	C-20 SUVIDHA APARTMENT, ROHINI SECTOR-13, DELHI, Delhi	1
3	S1-693111558	S3-40602	false_negative	India	Mirador & Co	Delhi, C-20 Suvidha Apartment, North West Delhi, Rohini Sector-13	Haloxylo	H.no 0173 C-20 Suvidha Apartment, North West Delhi, Delhi, DL	0
3	S1-698289969	S3-504037168	blocking_miss	India	Maruti Hospitality Pvt Ltd	N.A.L.S. No 1023/3, Unjha, Mehsana, Unjha, Mahesana, Gujarat	marutihospitality.com	N.a.l.s. No #1023/3, Mahesana, GJ	0
3	S1-91066641	S2-191198045	false_negative	US	Primary Care Keystone Medicine LLC	Maryville, 132 Duke Road, TN	PRIMARY CARE KEYSTONE MEDICINE		1
3	S1-249798634	S3-977742592	false_negative	India	International Aadi Trading Partners	Rampur, P/O-Chapure Ps-Chakulia, Islampur, Dakshin Dinajpur, West Bengal	International Aadi Trading Partners LLP	Block E-413. Rampur, Dakshin Dinajpur, Islampur, পশ্চিমবঙ্গ	1
3	S1-497108760	S3-792369155	blocking_miss	India	Eli & Brothers Corp	Karnataka, Bangalore, No 17 2Nd Floor, 7Th Main Road 2Nd Stage, Bangalore North	Elibrothers.Com	No C-17 2Nd Floor, Bangalore North, KA	0
3	S1-632422749	S2-757696381	false_negative	India	Realtors College	2Nd Floor, Pocket - B, Sector - G Mayur Vihar-Iii, Flat No. 24 - C, Delhi, East Delhi, Delhi	Realtors College		1
3	S1-632422749	S3-681966435	blocking_miss	India	Realtors College	2Nd Floor, Pocket - B, Sector - G Mayur Vihar-Iii, Flat No. 24 - C, Delhi, East Delhi, Delhi	REALTORS COLLEGE	DL, Kondli, Flat No. 24/5 - C, East Delhi	0
3	S1-531836122	S3-496107244	blocking_miss	India	Vision Technology Private Limited	#1-98/90/2/D/9/8, 3Rd Floor, Ayyappa Society Lane Opp: Fitness World Gym, Madhapur, Hyderabad, Telangana	విజన్ టెక్నాలజీ ప్రైవేట్ లిమిటెడ్	1-98/90/2/D/9, Hyderabad, TG	0
3	S1-628452494	S3-136275566	blocking_miss	India	Maa Infrastructure Pvt Ltd	Flat No-205, Srabani Enclave, Bhimtangi Housing Board Colony, Ps - Air, Field, Bhubaneswar, Khordha, Orissa	ମା ଇନଫ୍ରାଷ୍ଟ୍ରକଚର୍ ପ୍ରାଇଭେଟ୍ ଲିମିଟେଡ୍	Flat No-205, Bhubaneswar, Khordha, ଓଡ଼ିଶା	0
3	S1-201960056	S3-125543002	false_negative	US	Pioneer General	Unit 23, OR, 46611 62, Prospect	pioneer general		1
3	S1-826438998	S2-958100199	false_negative	US	Optimal Silver Automotive	4323 Regatta Circle, Bldg Building 4300, Norristown Borough, PA	Automotive Silvsae Optimal	323 REGATTA CIR, PA, NORRISTOWN BOROUGH	1
3	S1-549375783	S3-518705779	false_negative	India	Kaiser Packages	Supreme House, No. 320, Valluvar Kottam High Road, Nungambakkam, Chennai, Tamil Nadu	kaiser packages	TN, Chennai City Region, Chennai, Supreme House	1
3	S1-622594250	S3-51234144	blocking_miss	US	Folk Quality Inc.	1446 Swann Street, Washington, DC	Folkquality.Com	1446c Swann Street, Washington, District of Columbia	0
3	S1-403686586	S2-357525768	false_negative	US	Classic Arrived, LLC	Sacramento, CA, 7825 Cresentdale Way	Classic Arrived,		1
3	S1-459428524	S3-644756109	false_positive	India	Meliorate Solutions Pune City	Pune City, Sr. No. 106/1/3, Maharashtra, Pune, Shop No. 1, Wing C, Dodke Shobhan, Nr R	Meliorate Solutions Pune City Exports	Sr. No. 106/1/8, Pune City, Pune, MH	1
3	S1-176845823	S2-677856726	blocking_miss	India	City Projects Private Limited	A-290, Dr. Rajendra Prasad Marg, 200Ft. Byepass, Near Metro Pillar No-1, Jaipur, Rajasthan	सिटी प्रोजेक्ट्स प्राइवेट लिमिटेड	HN 998. A-290, MANSAROVAR, Rajasthan	0
3	S1-176845823	S3-365964286	blocking_miss	India	City Projects Private Limited	A-290, Dr. Rajendra Prasad Marg, 200Ft. Byepass, Near Metro Pillar No-1, Jaipur, Rajasthan	City Pr0jects Private Ltd	A-g-290, Jaipur, RJ	0
3	S1-890453090	S2-507340630	false_positive	India	Rng Brothers	2Ndfloor, Prabhoo Ghar, 26 Hanuman Cross Road No, 2 Vile Parle East, Mumbai, Mumbai City, Maharashtra	Rng Brothers Group	11NDFLOO, PRABHOO GHAR, 26 HANUMAN CROSS ROAD NO, 2 VILE PARLE EAST, MUMBAI, Maharashtra	1
3	S1-173347981	S2-714270116	blocking_miss	India	Arihant Power Private Limited	4, Gf-72, Ratan Terrace, Senapati Bapat Marg, Matunga Rd Railway Station Mahim W, Mumbai, Mumbai City, Maharashtra	अरिहंत पावर प्राइवेट लिमिटेड	MUMBAI CITY, Maharashtra, MUMBAI, PLOT 992 4	0
3	S1-339611927	S2-866460492	false_negative	US	Cozy Deli	173 Kendall Street, MA, Granby	Cozy Deli Ltd	GRANBY TOWNSHIP, MA, KENDALL ST	1
3	S1-346686072	S2-606359039	false_negative	US	Garvin School of Medicine LLC	7672 Indian Trail Ranch Road, UT, Vernal	Garvin School of Medicine (ID: 70740)	INDIAN TRAIL RANCH ROAD, VERNAL, UT	1
3	S1-346686072	S2-7174048	false_negative	US	Garvin School of Medicine LLC	7672 Indian Trail Ranch Road, UT, Vernal	Garvin School of Medicine LLC Foundation		1
3	S1-644298353	S2-175250159	false_negative	India	Nagpur Devcon Limited	66 Farm Land Layout Ramdaspeth, Nagpur, Maharashtra	Nagpur Dfevcon (Limited)		0
3	S1-352348858	S3-550242497	false_positive	India	Arham Projects Care	Kodungallur, Kerala, 3/Door No.30, Punnilath(H), Near Kathikode Mosque, Thrissur	Private Arham Projects Care Limited	Door No 24/Door No.30, Kodungallur, കേരളം	1
3	S1-256494639	S2-319528729	false_negative	US	American Quasaredge P.C.	1403 Mulberry Way, Sevierville, TN	Center American P.C.	1403 MULBERRY WAY, SEVIERVILLE, TN	1
3	S1-849142363	S3-538924857	blocking_miss	India	Services Automobile Private Limited	109, The Empire Business Centre, G-2, Empire Complex, 414 Senapati Bapat Marg, Lower Parel, Mumbai, Mumbai, Maharashtra	Services Limited Private Automobile		0
3	S1-202535038	S2-93333765	false_negative	India	Advent International Ltd	Shop No.14, Ground Floor, Maurya Tower, Mauryalok, Phulwari, Patna, Bihar	Advent International		1
3	S1-343942106	S2-856710065	false_negative	India	Kd Alumni Private Limited	First Floor, Plot No.18, Kh, Village Amberhai, Sector, New Delhi, South West Delhi, Delhi	Private Kd Alrnmi Limited	FIRST FLOOR, SOUTH WEST DELHI, NEW DELHI, Delhi	1
3	S1-989272051	S3-275587789	blocking_miss	India	Hotel Consulting Pvt Ltd	Plot No A-66, Cross Road A, Midc, Andheri East, Mumbai, Mumbai City, Maharashtra	होटल कंसल्टिंग प्रा. लि.	Plot No A-66, Mumbai, Mumbai City, MH	0
3	S1-485788792	S3-853468053	false_negative	US	Traex Keystone Therapies LLC	216 Glenmary Avenue, Cincinnati, OH	Traex Keystone LLC Center		1
3	S1-158918287	S2-896197311	false_negative	US	Complete Rothschild	22 Rockingham Street, Unit 2, Cambridge, MA	Complete-Rothschild		1
3	S1-222747292	S3-895423842	blocking_miss	US	Metropolitan Council	2495 Bay Ridge Road, Kenai Peninsula Borough, AK	metr0politan council		0
3	S1-825777859	S3-382468431	false_negative	US	LG Office	NY, 21 Lovejoy Road, Colesville	LG Office Inc.	21 1/2 Lovejoy Rd, Harpursville, New York	1
3	S1-689116930	S2-390902541	blocking_miss	India	Rushi Brothers Private Limited	The Spire, Office No. 1012, 150 Ft, Ring Road Village. Rajkot, Taluka. Rajkot, Distric, T. Rajkot, Rajkot, Gujarat	Rushi-Brothers Private Limited		0
3	S1-603397792	S3-320260600	false_negative	India	XU Market Private Limited	Tamil Nadu, Kancheepuram, Chennai, West Tambaram, No 3 Ramani Nagar Extn	XU Market Private Límited		1
3	S1-212251196	S3-277047877	false_negative	US	Rice Security Group	VA, 315 Jacksons Flat, Alleghany County	Rice Security		1
3	S1-20462066	S2-92287736	blocking_miss	India	Ss Services Private Limited	Shop No. 2, Options Commercial Center, Milan Subway Road, Near Milan Subway, Santacruz West, Mumbai City, Maharashtra	एसएस सर्विसेज प्राइवेट लिमिटेड	DOOR NO 2, SANTACRUZ WEST, MUMBAI CITY, Maharashtra	0
3	S1-288194551	S3-545980407	false_positive	US	Dynamic Hospitality Digital Inc.	637 Evergreen Park Drive, Hopkinsville, KY	DYNAMIC HOSPITALITY DIGITAL INC	646 Evergreen Park Dr, Hopkinsville, Kentucky	1
3	S1-75077197	S2-619726805	blocking_miss	India	Lotus Ventures	H.No.3-11-472/1, Sri Amarlingeshwara Towers 2Nd Floor, Above Axis Bank, L.B.Nagar, Hyderabad, Rangareddy, Telangana	లోటస్ వెంచర్స్	3-11-472/1, HYDERABAD CITY REGION, HYDERABAD, Andhra Pradesh	0
3	S1-773777049	S2-303537207	false_negative	India	Hyderabad Funds Private Limited	H. No: 1-7-1013/3, Hari Nagar, Hyderabad, Telangana	Hyderabad Funds Prívate		1
3	S1-773777049	S3-156282812	blocking_miss	India	Hyderabad Funds Private Limited	H. No: 1-7-1013/3, Hari Nagar, Hyderabad, Telangana	Hyderabad Fnosd Private Private Limited	Plot A-229 H. No: 1-7-1013/3, Hari Nagar, Hyderabad, TG	0
3	S1-854196139	S3-704864604	blocking_miss	India	Ipr Food Pvt Ltd	#67/1, 6Th Main, 1St Cross, Sarvaboum Nagar, Near Shanimahatma Temple, Chikkallasandra, Subr, Amanyapura, Bangalore, Karnataka	Gildbrix	Bangalore, ಕರ್ನಾಟಕ, Bangalore, 67/1	0
3	S1-68125196	S2-268650694	false_negative	US	Secure Diagnostic Innovations LLC	3123 Penn Avenue, Minneapolis, MN	SECURE DIAGNOSTIC LLC SERVICES	PENN AVENUE, MINNEPAOLIS CITY, MN	1
3	S1-511507258	S2-883378241	false_negative	US	BH Construction	300 Bruce Street, Unit Apt F301, Conway, AR	BH Construction Corp		1
3	S1-983707990	S2-374547302	blocking_miss	US	Orbola Rio	255 Westend Circle, City Of Sun Prairie, WI	orbolario.com	SUN PRAIRIE, WI, WESTEND CIR	0
3	S1-994444575	S2-450857177	blocking_miss	US	Brace, Asia, L.C.S.W.	161 Kenny Lane, Isle Of Wight County, VA	Rizajax	161 KENNY LANE, SMITHFIELD, VA	0
3	S1-994444575	S2-454971392	blocking_miss	US	Brace, Asia, L.C.S.W.	161 Kenny Lane, Isle Of Wight County, VA	BRACE, ABIA, L.C.S.W.	161 KNENY LN, SMITHFIELD, VA	0
3	S1-994444575	S2-618548322	false_negative	US	Brace, Asia, L.C.S.W.	161 Kenny Lane, Isle Of Wight County, VA	Brace,-Asia,	KENNY LANE, SMIHTFIELD, VA	1
3	S1-994444575	S3-362841183	false_negative	US	Brace, Asia, L.C.S.W.	161 Kenny Lane, Isle Of Wight County, VA	Brace, Asia, L.C.S.W. Inc.	Virginia, Kenny Lane, Smihtfield	1
3	S1-516849170	S2-757543166	blocking_miss	India	Smart Exports Private Limited	208, Malwa Industrial Chs, L B S Marg, Opp Shreyas Theatre, Ghatkopar West, Mumbai, Mumbai, Maharashtra	स्मार्ट एक्सपोर्ट्स प्राइवेट लिमिटेड	508, MUMBAI, Maharashtra	0
3	S1-371173179	S3-545464679	false_negative	US	Cancer Ministries	2715 Elkhart Drive, Little Rock, AR	Cancer Ministries Inc		0
3	S1-921319981	S2-454291010	false_negative	US	Simpkins Investments LLC	163 Sunset Drive, Dadeville, AL	Simpkins Investments LLC	165 SUNSET DRIVE, PO BOX 2803, UNION, AL	1
3	S1-295381500	S2-103884550	blocking_miss	India	Jay Industries Private Limited	C-506, Siddhivinayak Tower, Beside Kataria Arcade, Near D.A.V. School, Makarba, S.G. Highway, Ahmadabad City, Ahmedabad, Gujarat	Privaet Jay Industries Limited	C-506, AHMEDABAD, AHMADABAD CITY, Gujarat	0
3	S1-295381500	S3-999927426	blocking_miss	India	Jay Industries Private Limited	C-506, Siddhivinayak Tower, Beside Kataria Arcade, Near D.A.V. School, Makarba, S.G. Highway, Ahmadabad City, Ahmedabad, Gujarat	Jay ઇન્ડસ્ટ્રીઝ પ્રાઇવેટ લિમિટેડ	C-c-506, Ahmadabad City, Ahmedabad, GJ	0
3	S1-957556133	S3-303464692	false_negative	India	Texan Depot (India)	Sagar Estate, 4Th Floor, Unit-1 2, Clive Ghat Street, Kolkata, Kolkata, Howrah, West Bengal	Texan Decehot (India)	Saar Estate, Kolkata, Howrah, WB	1
3	S1-285614438	S3-831664103	false_positive	US	Horizon Mobility Worldwide	12712 Rosefinch Way, Rancho Cordova, CA	Horizon Móbility Worldwide Co	1272 Rosefinch Way, Rancho Cordova, California	1
3	S1-588228596	S2-969286406	false_negative	US	Urban Deli	1000 Allison Drive, Unit APT 87, Vacaville, CA	URBAN DELI Enterprises		0
3	S1-633850609	S2-562676757	blocking_miss	US	North Bank	Houston, TX, 5207 Ave H	North Bgdk		0
3	S1-187135848	S2-331133074	false_negative	US	Blakely Beacon Giant Inc	707 Jackson Road, Portland, TN	BLAKELY BEACON GIANT		1
3	S1-895828920	S2-7805491	false_negative	US	Oncology Colonial Group Associates	1701 2040 Road, Soper, OK	Oncology Colonial Group Associates Corp		1
3	S1-628097639	S2-4070698	false_negative	India	Field Infotech Limited	Flat No. 55, Ground Floor, Block-A, Janta Flats Near Shiva Market, Pitampura, New Delhi, Delhi, North West, Delhi	Dr Lyracalo	Delhi, GROUND FLOOR, BLOCK-A, JANTA FLATS NEAR SHIVA MARKET, PITAMPURA, NEW DELHI, FLAT NO. 55, NORTH WEST	1
3	S1-149997852	S3-360411909	false_positive	India	Tejam It Private Limited	F-23 Jakha Mata, Industrial Area, Sumerpur, Pali, Rajasthan	Private Tejjam It Ltd	#999 F-34 Jakha Mata, Sumerpur, Pali, राजस्थान	1
3	S1-107209989	S3-256505324	false_negative	US	Levine & Cruz Entergy Corp	6889 Columbia Road, Olmsted Falls, OH	Levine & Cruz Entergy Corp		1
3	S1-424721053	S2-698721703	false_negative	US	Karoline Pritchard Pebblebrook LLC	7884 Kittredge Circle, Dove Valley, CO	Karoline Pritchard Pebblebrook Pebblebrook		1
3	S1-155083605	S2-397546106	false_negative	India	Nvg Medical Centre Private Limited	Vill. Dhakuria, Po. Dhakuria [Kalibaria], Gaighata, North 24 Parganas, West Bengal	Nvg Medical Centre Private	VILL. DHAKURIA, PO. DHAKURIA [KALIBARIA], GAIGHATA, West Bengal	1
3	S1-488863368	S2-392537347	blocking_miss	US	Williams Assets L.L.C.	1817 Elka Lane, City Of Madison, WI	williamsassets.com	1817 EGKA LN, CITY OF MADISON, WI	0
3	S1-219194385	S2-583623136	false_negative	India	Jag Tiles Center	39B Kankurgachi 2Nd Lane, Kolkata, Howrah, West Bengal	Jag Tiles Center Corporation	9B KANKURGACHI 2ND LANE, KOLKATA, KOLKATA, West Bengal	1
3	S1-526698027	S3-221991455	blocking_miss	US	Bright Osprey	612 167th Drive, Goodyear, AZ	Bright Odsprey		0
3	S1-735890916	S2-597288006	false_negative	US	Frontier Modern Trading	784 Via Colinas, Thousand Oaks, CA	Frontier Modern Tradfflnng		0
3	S1-457714041	S2-812904286	false_negative	India	Faridabad Shipping Private Limited	Plot No- 886, Sector-69, Industrial Model Town-Imt, Faridabad, Haryana	Faridabad Shipping Private (Limited)		1
3	S1-25890005	S3-91265991	singleton_false_merge	US	Kalli Ogrady, P.A.	500 Galloway Avenue, Unit 44, Mesquite, TX	>> Kalli Ogrady, P.A. Inc	00504 Galloway Ave, Mesquite, Texas	1
3	S1-509821806	S3-862170286	false_negative	US	Perez Special Inc	4435 Piedmont Trace Drive, High Point, NC	Perez Special Incorporated Incorporated		1
3	S1-793725051	S2-114145224	false_negative	India	Om Construction Pvt. Ltd.	Sh 3, Dwarka Apt, A Wing, Nr Shanti Ashram, Borivali West, Mumbai, Maharashtra	Om Construction		0
3	S1-793725051	S3-527200389	false_negative	India	Om Construction Pvt. Ltd.	Sh 3, Dwarka Apt, A Wing, Nr Shanti Ashram, Borivali West, Mumbai, Maharashtra	Mr Om Constfrucimton Pvt. Ltd. (ID: 28701)	H.no 8-21 Sh 3, Dwarka Apt, A Wing, Nr Shanti Ashram, Mumbai, MH	1
3	S1-793725051	S3-583407479	false_negative	India	Om Construction Pvt. Ltd.	Sh 3, Dwarka Apt, A Wing, Nr Shanti Ashram, Borivali West, Mumbai, Maharashtra	M/s 0m Pvt. Ltd. Services	H.no 8-21 Sh 3, Dwarka Apt, A Wing, Nr Shanti Ashram, Borivali West, महाराष्ट्र	1
3	S1-391266938	S2-975388580	false_negative	US	Vasquez & Mun Inc	NC, 6791 Holly Berry Lane, Tobaccoville	VASQUEZ & MUN		1
3	S1-102324993	S2-604643934	false_negative	US	Modern Agricultural	Wauseon, 920 Fairway Lane, OH	Modern Agricultural Corporation		1
3	S1-739991113	S3-452295385	false_negative	India	Silver Securities Ltd	H No0223 Old Gat No2329 Ahura Wa, Rehousing Coop Chokhidani Club Rd, Pune, Haveli, Maharashtra	Smt Silver Securities		0
3	S1-739991113	S3-901825944	false_negative	India	Silver Securities Ltd	H No0223 Old Gat No2329 Ahura Wa, Rehousing Coop Chokhidani Club Rd, Pune, Haveli, Maharashtra	Silver Securities		1
3	S1-284411561	S2-401834054	false_negative	India	Geetanjali Traders Private Limited	A3-217/3/1/New Metro, Park Ganipur Maheshtala, Thakurpukur Mahestola, South 24 Parganas, West Bengal	Geetanjali Geetanjali Teradbts Private Limited	A3-217/3/1/NEW METRO, PARK GANIPUR MAHESHTALA, THAKURPUKUR MAHESTOLA, West Bengal	1
3	S1-632790085	S2-157865254	false_negative	US	Rivera, Rafaelia T., DPM, P.C. Corp	18945 Willow Creek Terrace, Beaverton, OR	Rivera, Rafaelia T., DPM, P.C.		1
3	S1-632790085	S3-432838599	false_negative	US	Rivera, Rafaelia T., DPM, P.C. Corp	18945 Willow Creek Terrace, Beaverton, OR	Rivera, Rafaelia T., DPM, P.C. Corporation	18945 Willow Creek Ter, Beaverton, Oregon	1
3	S1-475775673	S2-465097739	false_negative	US	Zilvia Prater Preferred Western Inc	W299N2850 Maple Avenue, Town Of Delafield, WI	Prater, Zi1via Preferred Inc Service	MAPLE AVE, PEWAUKEE, WI	1
3	S1-5238604	S2-929411351	false_negative	US	Vanguard Mobility Products LLC	192 Corriea Road, Sequim, WA	Vanguard Mobility Próducts LLC		1
3	S1-77715253	S2-467584108	false_positive	India	Om Infotech	No.2779, T.N.H.B. Parutthipattu, Avadi, Chennai, Tamil Nadu	innovativetechnologies.com	DOOR NO 2779 , T.N.H.B. PARUTTHIPATTU, AVADI, CHENNAI, Tamil Nadu	1
3	S1-361003543	S2-432231375	blocking_miss	India	Fortune Power Private Limited	109, First Floor, Hemkunt Chambers 89, New Delhi, South Delhi, Delhi	फॉर्च्यून पावर प्राइवेट लिमिटेड	109, SOUTH DELHI, NEW DELHI, दिल्ली	0
3	S1-361003543	S2-948401123	blocking_miss	India	Fortune Power Private Limited	109, First Floor, Hemkunt Chambers 89, New Delhi, South Delhi, Delhi	F0rtune Power Private Limited	109, SOUTH DELHI, NEW DELHI, दिल्ली	0
3	S1-109683886	S2-615641138	false_positive	India	Global Ace Trading LLP	Chopasni Road, Jodhpur, Rajasthan	ग्लोबल एस केयर एलएलपी	NO 28 CHOPASNI ROAD, JODHPUR, Rajasthan	1
3	S1-212996255	S3-167209224	false_negative	US	K+ Productions Co	106 Richberry Drive, Dothan, AL	K+ Co Service	106 Richberry Drive, Doothan, Alabama	1
3	S1-829710574	S2-721019017	false_positive	India	Radiance Technologies Private Limited	H.No: 6-365/14, M L R Colony, Meerpet, Saroornagar, Hyderabad, Telangana	Radiance Technologies Industries Private	H.NO: A-6-365/15, M L R COLONY, MEERPET, SAROORNAGAR, Telangana	1
3	S1-203082413	S3-342861752	false_negative	US	Behavioral Health Clinic LLC	429 36 Street, Brooklyn, NY	Umbrakor	429 36 St, Brooklyn, New York	1
3	S1-146464811	S2-636031595	false_negative	US	Smith Resources LLC	130 Happy Trails Road, Unit 190, Castle Rock, WA	CALOORBI	930 HAPPY TRAILS RD, CASTLE ROCK, WA	0
3	S1-658174282	S2-245381756	false_negative	US	Moia Partners LLC	13100 Coastal Highway, Unit 403, Ocean City, MD	M0ia [Partners]	COASTAL HIGHWAY, OCEAN CITY, MD	0
3	S1-658174282	S2-728693111	false_negative	US	Moia Partners LLC	13100 Coastal Highway, Unit 403, Ocean City, MD	MOIA LLC SERVICE		1
3	S1-658174282	S3-568058912	false_negative	US	Moia Partners LLC	13100 Coastal Highway, Unit 403, Ocean City, MD	Moia Partners		1
3	S1-438671246	S2-359808486	false_negative	US	Interstate Velos LLC	214 Viola Avenue, Washington, IN	Interstate Velos		1
3	S1-438671246	S3-921083809	false_negative	US	Interstate Velos LLC	214 Viola Avenue, Washington, IN	Interstate Interstate LLC Velos		1
3	S1-614951462	S3-418073486	blocking_miss	US	Forge Laboratories Inc	1380 104th Lane, Coon Rapids, MN	Forge Laboratories	1381 104nd Lane, Minnepolis, Minnesota	0
3	S1-614951462	S3-659838606	blocking_miss	US	Forge Laboratories Inc	1380 104th Lane, Coon Rapids, MN	forgelaboratories.com	1381 104nd Lane, Minnepolis, Minnesota	0
3	S1-930983049	S3-516956079	false_negative	India	Dn & Sons Private Limited	D-35, 2Nd Floor, Sector-2, Noida, Gautam Buddha Nagar, Uttar Pradesh	Dn Sons Private Limited Partners	D-3-5, Gautam Buddha Nagar, Noida, UP	1
3	S1-634467061	S3-863630470	false_negative	US	Temple Community Church	353 Center Street, Groveland, MA	Temple Community Church Ltd	Center Street, Groveland, Massachusetts	1
3	S1-359768763	S3-298920952	false_negative	India	Southern Media Limited	11/23 Site Iv, First Floor, Ghaziabad, Uttar Pradesh	M/s Southern Limited Center	Site Iv, Ghaziabad, UP	1
3	S1-830990940	S3-199820537	blocking_miss	US	Vision Care LLC	1709 Honey Creek Road, Jefferson City, MO	Vision Care [LLC]		0
3	S1-771404912	S2-96948383	blocking_miss	India	Hotel Services Private Limited	D.No.2-93/4, Flat No.D1, Sampath Vinayagar Residency, Yendada, Visakhapatnam, Vishakhapatnam, Andhra Pradesh	Prívate Hote1 Services Ltd	D.NO.2-93/4, VISHAKHAPATNAM, VISAKHAPATHNAM, ఆంధ్రప్రదేశ్	0
3	S1-771404912	S3-777423612	blocking_miss	India	Hotel Services Private Limited	D.No.2-93/4, Flat No.D1, Sampath Vinayagar Residency, Yendada, Visakhapatnam, Vishakhapatnam, Andhra Pradesh	హోటల్ సర్వీసెస్ ప్రైవేట్ లిమిటెడ్	D.no.2-93/4, Visakhapatnam, Vishakhapatnam, AP	0
3	S1-8585909	S3-973650780	false_negative	India	Southern Engineering Private Limited	No.10, Vasavi Flats, 4Th Mainroad, Dhandeswaram, Chennai-42., Chennai-42., Chennai, Tamil Nadu	Jaxveo	Chennai, Chennai-42., No.10, Vasavi Flats, 4Th Mainroad, Dhandeswaram, Chennai-42., Tamil Nadu	1
3	S1-803817691	S3-529864013	blocking_miss	India	Dynamic Om Developers Private Limited	Plot No. 3/P, Flat No. S-1, Raghavendra Colony, Sai Ansuiya Huteer, Medchal Malk, Malkajgiri, Hyderabad, Telangana	డైనమిక్ ఓమ్ డెవలపర్స్ ప్రైవేట్ లిమిటెడ్	Plot No. 3/P, Malkajgiri, Hyderabad, TG	0
3	S1-599131804	S2-846952929	false_negative	India	Vijayshri Brothers Pvt Ltd	201, Gayathri Mansion 17, Hutchins Road, 2Nd Cross, Cooke Town, Bangalore, Karnataka	Pvt Vijayshri 8rothers Ltd	01, BANGALORE, Karnataka	0
3	S1-38573315	S2-36133686	false_negative	India	Big Media Pvt Ltd	G -11 & G -12, Siddharth Industrial Estate No. 1, Agrawal Naka, Satiwali Road, Waliv, Vasa, I (East), Mumbai, Maharashtra	Big Pvt Ltd Partners	महाराष्ट्र, G -6-11 & G -12, SIDDHARTH INDUSTRIAL ESTATE NO. 1, AGRAWAL NAKA, SATIWALI ROAD, WALIV, VASA, I (EAST)	1
3	S1-38573315	S2-589668386	blocking_miss	India	Big Media Pvt Ltd	G -11 & G -12, Siddharth Industrial Estate No. 1, Agrawal Naka, Satiwali Road, Waliv, Vasa, I (East), Mumbai, Maharashtra	बिग मीडिया प्रा. लि.	G -6-11 & G -12, I (EAST), Maharashtra	0
3	S1-625323239	S2-801473112	false_negative	US	Dental Health Inc.	121 Powell Street, Denver, IA	Dental Health Incorporated	441 POWELL STREET, IA, JEFFERSON TOWNSHIP	1
3	S1-149569580	S2-195097491	false_negative	India	Kota Ai Ltd	467 Modi College Road, Kota, Rajasthan, Dadabari Vistar Yojan, A, Kota	Kota Ái Ltd Ltd		1
3	S1-149569580	S3-654065357	false_negative	India	Kota Ai Ltd	467 Modi College Road, Kota, Rajasthan, Dadabari Vistar Yojan, A, Kota	Ai >> Kota	Kota, H.no 46 Modi College Road, RJ, Dadabari Vistar Yojan, A	1
3	S1-572294269	S2-686889152	false_positive	US	Cunningham and Richards Diagnostics Inc	12238 Jefferson Street, Blaine, MN	Cunningham & Riacrsd Diagnostics Inc		1
3	S1-572294269	S3-960964118	false_positive	US	Cunningham and Richards Diagnostics Inc	12238 Jefferson Street, Blaine, MN	Cunningham And Richards Diagnostics Inc.		1
3	S1-469485366	S3-409570464	false_negative	India	Al Projects	New Delhi, Kn/E-4, Street No.-10 Anand Parbat Industrial Area, Delhi, Central Delhi	Smt alprojects.com	Hn C-192 Kn/e-4, Street No.-10 Anand Parbat Industrial Area, Central Delhi, N/A, DL	0
3	S1-16143829	S3-101596715	false_negative	India	Opp Aj Hall India	Room No 36/1951 C11 Building No 65/780A First Floor Kaloor T, Owers, Opp Aj Hall, Ernakulam, Kerala	Noviriza	Room No 36/1951 C11 Building No 65/780A First Floor Kaloor T, Owers, Opp Aj Hall, Ernakulam, Kerala	1
3	S1-936872396	S3-10710742	blocking_miss	India	Maa Buildtec Private Limited	H.No.1-8-32/38, Bapubagh, Col, Pg Road Secunderabad, Hyderabad, Telangana	Kordrexonyx	Hyderabad, TG, H.no.1-8-32/38, Hyderabad	0
3	S1-307350559	S3-214667606	false_negative	India	Daks Solution Associates	H. No. 308A, Benside Monody House, Monody Village, Vellikulangara Po, Thrissur Dist., Mukundapuram, Thrissur, Kerala	Sri Daks Associates Services		0
3	S1-954137758	S2-382586871	false_negative	US	B 2 O Partners	4726 Sandra Lynn Drive, Mesquite, TX	FLUXZETAZETA	4726 SANDRA LYNN DR, MESQUITE, TX	1
3	S1-885391097	S2-211104885	blocking_miss	India	Indian Agro Pvt Ltd	Delhi, Phase -I, New Delhi, Okhla Industrial Area, F -2 9	इंडियन एग्रो प्रा. लि.	ETAH, PHASE -I, दिल्ली, F -C-2 9	0
3	S1-885391097	S2-243788849	blocking_miss	India	Indian Agro Pvt Ltd	Delhi, Phase -I, New Delhi, Okhla Industrial Area, F -2 9	इंडियन एग्रो प्रा. लि.	F -C-2 9, OKHLA INDUSTRIAL AREA, ETAH, NEW DELHI, Delhi	0
3	S1-885391097	S2-530543452	blocking_miss	India	Indian Agro Pvt Ltd	Delhi, Phase -I, New Delhi, Okhla Industrial Area, F -2 9	इंडियन एग्रो प्रा. लि.	F -C-2 9, OKHLA INDUSTRIAL AREA, ETAH, NEW DELHI, Delhi	0
3	S1-402771449	S3-891703972	false_negative	US	Corner Tavern	243 Bow N Arrow Cove, Waynesville, NC	Ectoirizeta	243 Bow N Arrow Cove, Waynesville, North Carolina	1
3	S1-91758248	S2-86417456	false_negative	US	Regional Family Practice	Stafford County, VA, 12 Rockdale Road	REGIONAL REGIONAL FAMILY PRACTICE	VA, STAFFOD CITY, 10 ROCKDALE ROAD	1
3	S1-165959165	S3-129183344	blocking_miss	India	Indrtech Cab Co	10/03, Ground Floor, Palm Road, Ghaziabad, Uttar Pradesh	@índrtechcab	C-10/03, Ghaziabad, UP	0
3	S1-165959165	S3-421631056	false_negative	India	Indrtech Cab Co	10/03, Ground Floor, Palm Road, Ghaziabad, Uttar Pradesh	Vioiriwex	10/03, Ground Floor, Palm Road, Ghaziabad, Uttar Pradesh	1
3	S1-813894238	S2-554275056	false_negative	US	Penet	TN, 44 Laurel Hill Road, Lawrenceburg	Pénet		1
3	S1-997046512	S2-716267992	false_negative	US	J & V Sciences Inc	1807 Flesher Avenue, Kettering, OH	J Sciences V & Inc		1
3	S1-779465353	S3-514555495	singleton_false_merge	India	Arpan Holdings	No. 2-100/2, Gvk Estates, Opp: Appa, Himayatsagar Village & Panchayat, Hyderabad, Rangareddy, Telangana	Arpan Holdings Infratech	No. 2-100, Rangareddy, TG	1
3	S1-594247099	S3-579459450	false_negative	India	Pjr & Co	Shah Engineers And Fabricators, 1/143 Gidc Phase, B/H Vatva Post Office, Vatva, Ahmedabad, Gujarat	Shri Pjr and Co	Shah Engineers And Fabricators, Ahmedabad, GJ	1
3	S1-826446622	S2-164721780	blocking_miss	India	Arihant Urban Impex Private Limited	54, Suhana Society, Azad Road, Gundavali Gaon, Mumbai, Maharashtra	अरिहंत अर्बन इम्पेक्स प्राइवेट लिमिटेड	54., ANDHERI EAST, MUMBAI, Maharashtra	0
3	S1-826446622	S2-498745890	false_negative	India	Arihant Urban Impex Private Limited	54, Suhana Society, Azad Road, Gundavali Gaon, Mumbai, Maharashtra	Lumiri	SUHANA SOCIETY, AZAD ROAD, GUNDAVALI GAON, MUMBAI, Maharashtra, 54., ANDHERI EAST	1
3	S1-826446622	S3-431652854	blocking_miss	India	Arihant Urban Impex Private Limited	54, Suhana Society, Azad Road, Gundavali Gaon, Mumbai, Maharashtra	अरिहंत अर्बन इम्पेक्स प्राइवेट लिमिटेड	No 44 54, Mumbai, महाराष्ट्र	0
3	S1-826446622	S3-528619976	blocking_miss	India	Arihant Urban Impex Private Limited	54, Suhana Society, Azad Road, Gundavali Gaon, Mumbai, Maharashtra	अरिहंत अर्बन इम्पेक्स प्राइवेट लिमिटेड	44 54, Mumbai, MH	0
3	S1-186623806	S3-893367428	false_negative	US	Granite Manufacturing	817 Pacific Avenue, Albuquerque, NM	Granite Maufacturnig		0
3	S1-41038247	S2-577883798	blocking_miss	India	Hitech Impex Private Limited	5/470 Viram Khand, Gomtinagar, Lucknow, Uttar Pradesh	Fluxkor	#/470 VIRAM KHNAD, LUCKNOW, उत्तर प्रदेश	0
3	S1-87454411	S2-342369616	blocking_miss	India	One Global Pvt Ltd	2Nd Cross, B.G Road, Bangalore, Karnataka, 4/1, Bangalore	ಒನ್ ಗ್ಲೋಬಲ್ ಪ್ರೈವೇಟ್ ಲಿಮಿಟೆಡ್	#4/1, 2ND CROSS, B.G ROAD, BANGALORE, Karnataka	0
3	S1-87454411	S3-26227896	blocking_miss	India	One Global Pvt Ltd	2Nd Cross, B.G Road, Bangalore, Karnataka, 4/1, Bangalore	globalone.com	4/1, 2Nd Cross, B.g Road, Urban, Bangalore, KA	0
3	S1-763196410	S2-26123810	blocking_miss	US	Rev It Up Hair Studio LLC	3157 Huntsville Highway, TN, Fayetteville, Unit 4	Jaxevo	3157-D Huntsville Hwy, FAYETTEVILLE, TN	0
3	S1-706335926	S2-652080863	blocking_miss	India	Swastik Ventures Private Limited	406, Mansarovar Plaza Madhyam Marg, Mansarovar, Jaipur, Rajasthan	स्वस्तिक वेंचर्स प्राइवेट लिमिटेड	BLOCK F-736/5 406, JAIPUR, Rajasthan	0
3	S1-706335926	S3-484287168	blocking_miss	India	Swastik Ventures Private Limited	406, Mansarovar Plaza Madhyam Marg, Mansarovar, Jaipur, Rajasthan	स्वस्तिक वेंचर्स प्राइवेट लिमिटेड	406, Jaipur, RJ	0
3	S1-493450187	S2-254344037	blocking_miss	India	Shree Logistics (India) Private Limited	Kaibalya Bihar, Aparna Nagar Chauliaganj, Cuttack, Orissa	Shree Logistics (dIda) Private Limited		0
3	S1-768120138	S3-537807411	false_negative	US	Baker Lifestyle Inc	2687 Sandymount Road, Finksburg, MD	Baker Lgtel Inc	2701 Sandymount Rd, Finksburg, Maryland	1
3	S1-967037497	S2-595871467	false_negative	US	Celaia Safety LLC	814 Eastgate Drive, Rugby, ND	IRIUMBRA	EASTGATE DR, RUGBY, ND	0
3	S1-4379625	S3-835636823	false_negative	US	Womens Health Rapid Physicians LLP	Greece, 85 Helenwood Road, NY	Womens Physicians Rapid Health LLP		1
3	S1-851644761	S2-358969130	false_negative	US	Drayium Made Associates	824 Woodard Street, Denison, TX	Drayium Made	834 WOODARD ST, DENISON, TX	1
3	S1-893427266	S3-306386922	false_negative	US	Memorial Federation	346 Chester Avenue, Mansfield, OH	Memorial Federation LP	33 Chester Avenue, Mansfield, Ohio	1
3	S1-546729272	S2-787065899	false_negative	US	Tri-State Trust LP	Unit 3, AZ, 1850 Maryland Avenue, Phoenix	Tri-State Trust Inc	MARYLAND AVE, NORTHEAST, AZ	1
3	S1-546729272	S3-641127974	blocking_miss	US	Tri-State Trust LP	Unit 3, AZ, 1850 Maryland Avenue, Phoenix	Tri-5tate Trust LP		0
3	S1-697274361	S3-661302663	false_negative	US	Brown and Brockway LLC	3329 Laurel Highlands Drive, Salado, TX	Brown and Bohy LLC #47860	3329 Laurel Highlands Dr, Salado, Texas	1
3	S1-673634189	S3-101200173	blocking_miss	India	East Agro LLP	C-38, South Extension, Part-Ii, New Delhi, Delhi	ईस्ट एग्रो एलएलपी	C-#38, New Delhi, Part-ii, दिल्ली	0
3	S1-673634189	S3-763854611	blocking_miss	India	East Agro LLP	C-38, South Extension, Part-Ii, New Delhi, Delhi	ईस्ट एग्रो एलएलपी	New Delhi, C-#38, Part-ii, DL	0
3	S1-260427209	S2-481805275	false_positive	US	Mcdaniel Modern Meshflow LLC	51 La Belle Street, Dayton, OH	Mcdanie1 Modern Meshflow LLC		1
3	S1-193473733	S3-115699119	false_negative	India	Developers Scom Technologies Private Limited	Flat No. C/511, Plot No.5, Rdp 1, Mhada, Mulund, Mumbai, Maharashtra	Ariaveodrex	Flat No. C/511, Plot No.5, Rdp 1, Mhada, Mulund, Mumbai, Maharashtra	1
3	S1-321969425	S3-365975586	false_negative	India	Premier Home Private Limited	91/108, Patel Marg Mansarover, Jaipur, Rajasthan	Avivera	Patel Marg Mansarover, Rajasthan, 91/108, Jaipur	1
3	S1-997989638	S2-85294634	blocking_miss	India	AE Trading Private Limited	Unit No.326, C.T.S.No.1077, Hirabaug Business Center, Pune City, Pune, Maharashtra	AE Trading Priane Limited		0
3	S1-39698900	S3-416297942	false_negative	India	FHY (india) Private Limited	F 606 S/F Palam Extn Sector 7, Dwarka, Delhi, South West Delhi, Delhi	Nexbelohalo	F B3/606 S/f Palam Extn Sector 7, Dwarka, South West Delhi, Delhi, DL	1
3	S1-846955816	S2-730478720	false_negative	US	Caldari Staking LLC	100 Norris Court, Dayton, OR	CALOBELO	NORRIS COURT, DAYTON, OR	1
3	S1-800537458	S3-15993754	singleton_false_merge	US	Wilkerson & Price Providence	263 Springdale Drive, Islip, NY	Wilkerson & Perc Providence		1
3	S1-868519381	S2-182272148	false_negative	US	Family Pioneer Clinic Center	956 Riddle Avenue, Ravenna, OH	Family Pioneer Clinic Center LLC	56 RIDDLE AVENUE, RAVENNA CDP, OH	1
3	S1-868519381	S2-511061814	false_negative	US	Family Pioneer Clinic Center	956 Riddle Avenue, Ravenna, OH	Family Pioneer	56 RIDDLE AVE, RAVENNA CDP, OH	1
3	S1-434000397	S2-805249211	false_negative	India	Cool Infrastructure Pvt Ltd	Uttar Pradesh, Aligarh, Uttar Pradesh, 4 Vivek Nagariti Road Aligarh	Cool Infrastructure Pvt Ltd		1
3	S1-554873279	S3-99168865	false_negative	US	Christensen Metal Works LLC	2011 Wildwood Crossings Drive, Birmingham, AL	Christensen Metal Works [LLC]		1
3	S1-661142516	S2-721440558	false_negative	India	Alpha Consultants Private Limited	Plot No.118, Platinum City, Mvsr Engineering College Back, Nadergul, Balapur, Rangareddy, Telangana	ఆల్ఫా కన్సల్టెంట్స్ ప్రైవేట్ లిమిటెడ్	PLOT NO.318, PLATINUM CITY, MVSR ENGINEERING COLLEGE BACK, NADERGUL, BALAPUR, RANGAREDDY, తెలంగాణ	1
3	S1-628719926	S2-722253373	false_negative	US	Satech Prime Solana Inc	8806 Hough Avenue, Cleveland, OH	So1ana Satech Prime Prime	8806 HOUGH AVENUE, CLEVELAND, OH	1
3	S1-370101564	S3-75934748	false_negative	India	Elite & Co	10-2-99/1, F. No.204, Sterling Grand Cvk, West Maredpally, Sec, Andhra Pradesh, Telangana	Dr Elite &	0-2-99/1, Sec, Andhra Pradesh, TG	1
3	S1-413692196	S2-323215940	blocking_miss	India	Shivam Foundation Private Limited	B-498, Ii Floor, Nehru Ground, Nit, Faridabad, Haryana	शिवम फाउंडेशन प्राइवेट लिमिटेड	B-498, FARIDABAD, Haryana	0
3	S1-413692196	S2-343909149	blocking_miss	India	Shivam Foundation Private Limited	B-498, Ii Floor, Nehru Ground, Nit, Faridabad, Haryana	शिवम फाउंडेशन प्राइवेट लिमिटेड	B-498, FARIDABAD, Haryana	0
3	S1-413692196	S2-382531505	blocking_miss	India	Shivam Foundation Private Limited	B-498, Ii Floor, Nehru Ground, Nit, Faridabad, Haryana	शिवम फाउंडेशन प्राइवेट लिमिटेड	B-498, FARIDABAD, Haryana	0
3	S1-179228405	S3-551547140	false_negative	US	Office of Finance	35 Ingleshire Road, Montgomery, IL	Office of	35-37 Ingleshire Road, Montgomery, Illinois	1
3	S1-109477832	S3-545191284	false_negative	India	Indo Investments Private Limited	New Kastha Colony, Lane No2, Northfci, Godawan, Sherpur, Muzaffarpur, C/O:-Smt. Kumari Mamta Sinha, Muzaffarpur, Bihar	Indo Private Limited Services	बिहार, Muzaffarpur, C/o:-smt. Kumari Mamta Sinha, Muzaffarpur	1
3	S1-552116238	S2-508104763	blocking_miss	India	Vamsadhara Partnership Private Limited	Ahinsakhand West, Ghaziabad, Uttar Pradesh, 102 Ahinsakhand 2 Ashiana Green Indirapuram	partnershipprivate.com	उत्तर प्रदेश, 402 AHINSAKHAND 2 ASHIANA GREEN INDIRAPURAM, GHAZIABAD	0
3	S1-638287363	S2-513880533	false_negative	US	Behavioral Health Center	23547 Lanes Way, AL, Athens	Behavioral Health Cenbtor	23546 LANES WAY, NULL, ATHENS, AL	1
3	S1-786136908	S2-847997068	false_negative	US	Kelsi's Allied Holdings	459 Fir Lane, Sedro Woolley, WA	Kelsi's Allied Inc	459-463 FIR LANE, SEDRO WOOLLEY, WA	1
3	S1-472220625	S3-169728523	blocking_miss	India	Pune Hospitality Private Limited	Shop No 4 B N F, 2 S N, 85/1 B, St Bk Nagar Socy, Kothrud, Pune, Maharashtra	Pune Hospitality Private	Door No 4 B N F, Pune, महाराष्ट्र	0
3	S1-4178009	S2-94871075	false_negative	US	Perideon Constellation LLC	109 Standing Oak Drive, Georgetown, TX	PERIDE0N CONSTELLATION LLC	TX, 109 STANDING OAK DRIVE, GEOORGETOWN CITY	1
3	S1-4178009	S3-612242590	false_negative	US	Perideon Constellation LLC	109 Standing Oak Drive, Georgetown, TX	Nylacalo Sys	109 Standing Oak Drive, Georgetown, TX	1
3	S1-666308467	S2-745925200	false_negative	India	Ujwal King LLP	No 823, Panchaxari Nagar, Navanagar, Hubli, Dharwad, Dharwar, Karnataka	UJWAL LLP CENTER		1
3	S1-523278507	S3-80634311	false_negative	US	Sterling Agricultural Brands	30420 Plantation Drive, Damon, TX	sterling agricultural brands		1
3	S1-537543286	S2-613369802	false_positive	US	Rayna Robinson Securities	184 Hunt Club Drive, Akron, OH	Maynard Robinson Securities	184 HUNT CLUB DRIVE, COPLEY TWP, OH	1
3	S1-569393621	S2-791772232	false_positive	India	Ziraraj Udyog Public Limited	C/O- Sanjay Kumar Gupta, Plot No 1229 Kalinagar, Brajrajnagar, Jharsuguda, Orissa	Zirartis Udyog Pudic Limited	NO 93 C/O- SANJAY KUMAR GUPTA, PLOT NO 1229 KALINAGAR, BRAJRAJNAGAR, JHARSUGUDA, Odisha	1
3	S1-544516786	S2-525602755	blocking_miss	India	Arihant Consulting Private Limited	7/9/94, Janaura Gandhi Nagar, Naka, Faizabad, Uttar Pradesh	अरिहंत कंसल्टिंग प्राइवेट लिमिटेड	7/9/94, AYODHYA, FAIZABAD, Uttar Pradesh	0
3	S1-544516786	S3-162123172	blocking_miss	India	Arihant Consulting Private Limited	7/9/94, Janaura Gandhi Nagar, Naka, Faizabad, Uttar Pradesh	अरिहंत कंसल्टिंग प्राइवेट लिमिटेड	7/9/94, Ayodhya, <NULL>, UP	0
3	S1-787379140	S3-799673085	false_negative	India	Bee Impex Private Limited	F.298, 28Th Block, Lic Flats Jeevan Surabhi, J.P.Nagar, Bangalore, Karnataka	Bee Impex Private Limited	F.498, Bengaluru, Bangalore, KA	1
3	S1-418728223	S2-331584314	false_negative	US	Anchor Rocky Development Care	403 Volk Street, City Of Portage, WI	Anchor Rocky Development Care		1
3	S1-418728223	S3-669964521	blocking_miss	US	Anchor Rocky Development Care	403 Volk Street, City Of Portage, WI	anchorrockydevelopment.com	403 Volk St, Portge, Wisconsin	0
3	S1-129097430	S2-64683189	false_negative	US	Valli Stoner Hall LLC	OR, 5800 Pinefarm Court, Hillsboro, Fl 1	Valli Stoner | www.valliston.com	PINEFARM COURT, HILLSBORO, OR	1
3	S1-129097430	S3-137097803	false_negative	US	Valli Stoner Hall LLC	OR, 5800 Pinefarm Court, Hillsboro, Fl 1	Valli Stoner LLC Center	Pinefarm Ct, Fl 1, Hillsboro, Oregon	1
3	S1-842842624	S2-618345234	false_negative	US	Mccartney, Smith & Goins LLC	220 21st Street, Topeka, KS	MCCARTNEY, SMITH &	220 TWENTY FIRST STREET, PO BOX 3004, TOPEKA, KS	1
3	S1-842842624	S2-878416459	false_negative	US	Mccartney, Smith & Goins LLC	220 21st Street, Topeka, KS	MCCARTNEY, 5MITH + GOINS LLC	220 TWENTY FIRST STREET, TOPEKA, KS	1
3	S1-1931174	S2-821737862	false_negative	US	Akopyan Shipping L.L.C.	AZ, Sun Lakes, 25814 Saddletree Drive	Center Akopyan L.L.C.	SADDLETREE DR, SUN LAKES, AZ	1
3	S1-967497354	S3-906401938	blocking_miss	India	New Finance Private Limited	141-C Pocket-4, Mayur Vihar Phase-I, East Delhi, Delhi	New Fihane Private Limited	No ##141-C Pocket-4, East Delhi, दिल्ली	0
3	S1-968045516	S2-870992102	singleton_false_merge	India	KI For Limited	50 S-1 2 N G E F Layout 10 Crs 2 Mn Nagarbhavi B, Bangalore, Karnataka	KVI For (Limited)	55 S-1 2 N G E F LAYOUT 10 CRS 2 MN NAGARBHAVI B, BANGALORE, Karnataka	1
3	S1-822107494	S2-836196467	false_positive	India	Sarasya India Limited	Flat No. O, Left Portion, Second Floor, South Patel Nagar, Near Patel Nagar Metr, O Station, New Delhi, West Delhi, Delhi	Limited Sarasyi India	FLAT NO. O, LEFT PORTION, SECOND FLOOR, SOUTH PATEL NAGAR, NEAR PATEL NAGAR METR, O STATION, WEST DELHI, NEW DELHI, Delhi	1
3	S1-822107494	S3-193608020	false_negative	India	Sarasya India Limited	Flat No. O, Left Portion, Second Floor, South Patel Nagar, Near Patel Nagar Metr, O Station, New Delhi, West Delhi, Delhi	Sarasya Índia Ltd	Flat No. O, Divreportingcircle, West Delhi, दिल्ली	1
3	S1-105621301	S2-762597383	false_positive	US	Stag	IN, Indianapolis, 4140 94th Street	Stag Corp	414 94TH ST, INDIANAPOLIS, IN	1
3	S1-105621301	S2-357687899	blocking_miss	US	Stag	IN, Indianapolis, 4140 94th Street	Satag - 1723384075	94ND ST, INDIANAPOLIS, IN	0
3	S1-105621301	S2-46163474	false_negative	US	Stag	IN, Indianapolis, 4140 94th Street	Sanfg	4140- 94ND STREET, PO BOX 4551, INDIANAPOLIS, IN	0
3	S1-963893533	S2-274836768	singleton_false_merge	India	Pioneer Builders Private Limited	35/2/1, Angol, Belgaum., Belgaum, Karnataka	Pioneer Builders Hardware Private	35/2/10, ANGOL, BELGAUM., Karnataka	1
3	S1-933427556	S2-952063387	singleton_false_merge	US	Young Chile Care	11509 Waterhaven Court, Fairfax County, VA	Young Chile Cáre		1
3	S1-934944032	S3-482131515	false_negative	India	Abs & Sons Ltd	Off No.4&5, 2Nd Floor, Swaroop Krupa Appartment, Pune City, Pune, Maharashtra	Abs &	Off No.b3/4&5, Ahmedabad, Pune, MH	1
3	S1-898100421	S2-383208267	false_negative	US	Fresh Coffee Group	4579 775, Montgomery, IN	Fresh C0ffee Coffee	775, MONTGOMERY, IN	1
3	S1-499992585	S2-194104245	blocking_miss	India	Indore Space Pvt Ltd	501-A The Mark Building, Anand Bazar Road Saket Square, Old Palasia, Indore, Madhya Pradesh	Indore Sepre Pvt Ltd		0
3	S1-499992585	S3-963524890	blocking_miss	India	Indore Space Pvt Ltd	501-A The Mark Building, Anand Bazar Road Saket Square, Old Palasia, Indore, Madhya Pradesh	indorespace.com	H.no B3/501-a The Mamk Building, Indore, MP	0
3	S1-668080045	S3-190611599	false_negative	US	Geisinger Cornerstone Hospitality	Danville City, VA, 422 Hughes Street	Geisinger Cornerstone [Center]	22 Hughes St, Danville Township, Virginia	1
3	S1-668080045	S3-227186430	false_negative	US	Geisinger Cornerstone Hospitality	Danville City, VA, 422 Hughes Street	Geisinger Cornerstone	22 Hughes St, Danvlle Township, Virginia	1
3	S1-668080045	S3-766627237	false_negative	US	Geisinger Cornerstone Hospitality	Danville City, VA, 422 Hughes Street	Geisinger Cornerstone Hospitality Corp	22 Hughes St, Danvlle Township, Virginia	1
3	S1-759638192	S2-677579944	false_negative	US	3222 Union Lane Associates Corp	45 Lamb Street, Lowell, MA	3222 UNION LANE ASSOCIATES		1
3	S1-744052135	S3-333181627	blocking_miss	India	Network & Brothers Private Limited	Rama House Ground Floor Plot No 123 Sector 1/A, Gandhidham, Kachchh, Gujarat	Network & Private Limited Center		0
3	S1-475974172	S2-53882398	blocking_miss	India	Good Global Private Limited	3-24/1, Quth Bullapur Chintal, Hyderabad, Telangana	గుడ్ గ్లోబల్ ప్రైవేట్ లిమిటెడ్	NO 188- 3-24/1, HYDERABAD, Telangana	0
3	S1-562813092	S2-817481639	false_negative	US	Laborers Local Union 796	1920 Bradford Avenue, Utica, NY	Laborers Local		0
3	S1-228050741	S3-931724359	false_negative	US	Topping Gen	369 Pine Street, Long Beach, NY	Topping Gen Co		1
3	S1-999076233	S3-177491547	false_negative	India	Arcus Finance Pvt. Ltd.	Aurangabad, Maharashtra, Aurangabad, Plot K-187 Midcmidc Waluj	Smt Arcus Fmancoe Pvt. Ltd.		0
3	S1-468702961	S3-558009652	false_negative	US	Wiggins Carolina Corp	955 Pelhamdale Avenue, Pelham Manor, NY	Wiggins Carolina		1
3	S1-483574590	S2-414431826	false_negative	US	Taylor Apex Breeze	442 Southern Trail, Chapmanville, WV	Miradelta	442 SOUTHERN TRAIL, CHAPMANVILLE, WV	1
3	S1-711937901	S2-638110987	blocking_miss	India	Arihant Technologies Limited	Unit No. 207, 2Nd Floor, Tower C, Unitech World Cyber Park, Sector 39, Gurgaon, Haryana	अरिहंत टेक्नोलॉजीज लिमिटेड	UNIT NO. D/207, GURGAON, Haryana	0
3	S1-451305139	S3-726394547	false_negative	US	Autism Assistance League of Newton	65 Andrew Street, Newton, MA	Autism-Assistance League 0f Newton LLC		1
3	S1-679165295	S2-632106655	blocking_miss	India	Ace Producer Pvt Ltd	D.No : 27-11-62/3, Sundarayya Colony, Visakhapatnam, Visakhapatnam, Vishakhapatnam, Andhra Pradesh	Ace Pvt Ltd Partners		0
3	S1-360598424	S3-864098392	singleton_false_merge	India	Prime Properties Private Limited	T-5 Janak Tower Apartments, Opp. Anurag Study Circle, Janakpuri, Bareilly, Uttar Pradesh	प्राइम प्रोजेक्ट्स प्राइवेट लिमिटेड	T-d/7 Janak Tower Apartments, Opp. Anurag Study Circle, Janakpuri, Bareilly, UP	1
3	S1-419910486	S3-796333714	false_negative	US	Bureau of Parks and Recreation Group	3713 Conrad Drive, Village Of Cross Plains, WI	Bureau of Parks and Recreation Group		1
3	S1-500850514	S3-357647825	false_negative	India	Praniya Agencies Pvt Ltd	172 New No 186Kumaran Road Valparai, Coimbatore District, Coimbatore, Tamil Nadu	Onyxmira	172 New No 186Kumaran Road Valparai, Coimbatore District, Coimbatore, Tamil Nadu	1
3	S1-45286929	S3-165017025	blocking_miss	US	Choice Industries Co	2 Washington Avenue, East Norriton Township, PA	... Choice Ideustries Co	2 Washington Avenue, Norristown, Pennsylvania	0
3	S1-45286929	S3-348302999	blocking_miss	US	Choice Industries Co	2 Washington Avenue, East Norriton Township, PA	Company Choice Industries	Norristown, 2 Washington Ave, Pennsylvania	0
3	S1-440205957	S3-273552496	false_negative	India	Perfect Technology LLP	C/O Sri Narendra Kr Sinha, At Mahan Lane Budhanath, Jagdishpur, Bhagalpur, Bihar	परफेक्ट टेक्नोलॉजी एलएलपी	No 499 C/o Sri Narendra Kr Sinha, Bhagalpur, Jagdishpur, BR	1
3	S1-111661046	S2-579280055	false_negative	US	Verron Sterling LLC	2100 Aviation Way, Fl 1, Lebanon, TN	Verron LLC Ster1ing		0
3	S1-288420362	S2-636727077	blocking_miss	US	Smart Mortgage Consultants	3406 104th Avenue, Lake Stevens, WA	Smart Mortgage Consulttns	3406C 104rd Avenue, LAKE STEVESN TOWNSHIP, WA	0
3	S1-376345388	S2-402304877	false_negative	US	Behavioral Health Valley Partners	195 Locust Avenue, Staten Island, NY	BEHAVIORAL HEALTH VALLEY PARTNERS CORPORATION	244 LOCUST AVE, STATEN ISLAND, NY	1
3	S1-376345388	S3-634597975	false_negative	US	Behavioral Health Valley Partners	195 Locust Avenue, Staten Island, NY	>> Behavioral Health Valley Paetnes	69 Locust Ave, Staten Island, New York	1
3	S1-807841142	S2-846732690	false_negative	India	JM Drinks	Kalyan, Amber Tirth Bldg, Nandivili Tekdi, Dombivli, Thane, A303, Maharashtra	JM Drinks		1
3	S1-894923036	S3-467314982	false_negative	US	Laa Painting Inc	3008 York Road, Coopertown, TN	Laa Painting	York Rd, Plesaant VIEW, Tennessee	1
3	S1-282642180	S2-734127614	false_negative	India	Asg Human Company	Madhura Nagar Sanjeeva Reddy Nagar, 8-3-191-147/B-13, Hyderabad, Telangana	Asg Húman C0mpany		1
3	S1-519454575	S2-458788509	false_negative	India	Global Producer Private Limited	Deshbandhu Plaza, No.47, Whites Road, Madras-14, Chennai, Tamil Nadu	குளோபல் புரொட்யூசர் பிரைவேட் லிமிடெட்	CHENNAI, Tamil Nadu, DESHBANDHU PLAZA	0
3	S1-469221821	S3-289286693	blocking_miss	India	Allahabad Agros Private Limited	Plot No K 16, Upsidc Naini, Allahabad, Uttar Pradesh	Allahabadagros.Com	Plot No K 16, Allahabad, Prayagraj, UP	0
3	S1-573530693	S3-748506514	false_negative	US	Thomas Summit Properties	3430 43rd Avenue, Minneapolis, MN	Thomas Summit Properties Ltd		1
3	S1-216392897	S3-1844667	blocking_miss	India	Nova (India) Tubes Pvt Ltd	3, Flr-Grd, 23, Kilachand Mansion, P H Purohit Lane, Cavel 1St X Lane Ramwadi, Kalbadevi, Mum, Bai, Mumbai, Mumbai City, Maharashtra	Nova (India) Pvt Ltd (Services)		0
3	S1-114498477	S3-55686280	false_positive	India	Shyam Technology Private Limited	747, Plot No.01, Flat No 304 Vasant Vishwas Residency Deokar Panand, Kolhapur, Maharashtra	Private Shyam Technology Technologies Ltd	##751, Plot No.01, Flat No 304 Vasant Vishwas Residency Deokar Panand, Kolhapur, MH	1
3	S1-114498477	S2-890877097	false_negative	India	Shyam Technology Private Limited	747, Plot No.01, Flat No 304 Vasant Vishwas Residency Deokar Panand, Kolhapur, Maharashtra	श्याम टेक्नोलॉजी प्राइवेट लिमिटेड	747, SOLANKUR, KOLHAPUR, Maharashtra	1
3	S1-497327870	S2-230136182	blocking_miss	India	Royal Construction Private Limited	402, Fortune Heights, Plot 298/299, L J Road, Mumbai, Maharashtra	रॉयल कंस्ट्रक्शन प्राइवेट लिमिटेड	MUMBAI, Maharashtra, 402	0
3	S1-497327870	S3-457820083	blocking_miss	India	Royal Construction Private Limited	402, Fortune Heights, Plot 298/299, L J Road, Mumbai, Maharashtra	रॉयल कंस्ट्रक्शन प्राइवेट लिमिटेड	Hn 88 402, Mumbai, MH	0
3	S1-21897215	S3-250553700	false_positive	India	Maharajganj (india) Pvt Ltd	Vill-Vadhaya P.S. Kothibhar, Maharajganj, Uttar Pradesh	Maharajganj Vastu Private Ltd	Maharajganj, उत्तर प्रदेश, Khutha, Maharajganj	1
3	S1-21897215	S3-956375828	false_positive	India	Maharajganj (india) Pvt Ltd	Vill-Vadhaya P.S. Kothibhar, Maharajganj, Uttar Pradesh	Maharajganj India Limited Services	Village- Parsauni (Sonauli Road) Post- Luxmipur, Maharajganj, उत्तर प्रदेश	1
3	S1-21897215	S3-623191402	false_negative	India	Maharajganj (india) Pvt Ltd	Vill-Vadhaya P.S. Kothibhar, Maharajganj, Uttar Pradesh	Ectoumbradova	Vill-Vadhaya P.S. Kothibhar, Maharajganj, Uttar Pradesh	1
3	S1-509471139	S2-841078811	false_positive	US	Culbertson and Turner LLC	396 Pond Road, Botetourt County, VA	Peak High	396- POND ROAD, BOTETOURT COUNTY, VA	1
3	S1-49558353	S2-402543610	false_negative	India	Coimbatore Infrastructure	Surya35 May Flower Avenue Sowripalayam, Coimbatore, Tamil Nadu	COIMBATORE [CENTER]		0
3	S1-336006298	S2-925889743	false_negative	India	Rambha Technologies Private Limited	Kh.No.903, 910 Ground Floor Village Rithala, Delhi, New Delhi, Delhi	rambha technologies private limited		1
3	S1-957130782	S2-255438371	false_negative	US	S Q Rivera Rithm	14917 209th Avenue Court, Bonney Lake, WA	S Q Rivear Rithm	#14920 209TH AVENUE COURT, BONNEY LAKE, WA	1
3	S1-957130782	S2-85011028	false_negative	US	S Q Rivera Rithm	14917 209th Avenue Court, Bonney Lake, WA	S RIVERA RITHM PARTNERS	15148B 209TH AVENUE COURT, BONNEY LAKE, WA	1
3	S1-957130782	S3-829872114	blocking_miss	US	S Q Rivera Rithm	14917 209th Avenue Court, Bonney Lake, WA	S Q Rivera Rtdham	15148 209st Avenue Court, Bonneyy LAKE, Washington	0
3	S1-369360212	S3-49564850	false_negative	US	Safe Intelligence Technologies	3327 Drysdale Drive, Murfreesboro, TN	Safe Intelligence Technologies Corporation	3328 Drysdale Drive, Murfreesboro, Tennessee	1
3	S1-369360212	S3-689682438	false_negative	US	Safe Intelligence Technologies	3327 Drysdale Drive, Murfreesboro, TN	Jaxnex	Drysdale Drive, Murfreesboro, Tennessee	1
3	S1-285438930	S2-416492403	false_negative	India	Indian Developers Private Limited	C2 Block 50, New Ashok, Nagar, East Delhi, Delhi	Indian Developers Private	C1 BLOCK 50, NEW ASHOK, NAGAR, EAST DELHI, Delhi	1
3	S1-285438930	S2-570350417	false_negative	India	Indian Developers Private Limited	C2 Block 50, New Ashok, Nagar, East Delhi, Delhi	Dr Indian Developers Pfrvate Limited	C1 BLOCK 50, NEW ASHOK, NAGAR, EAST DELHI, Delhi	1
3	S1-285438930	S3-772540696	false_negative	India	Indian Developers Private Limited	C2 Block 50, New Ashok, Nagar, East Delhi, Delhi	Indian Deveosers Private Limited		0
3	S1-190422800	S2-671810144	false_negative	India	JF Technologies Partners	New Delhi, Flat A 7Th Floor North Tower, Delhi	JF-Technologies Partners	FLAT A 07TH FLOOR NORTH TOWER, NEW DELHI, Delhi	1
3	S1-190422800	S2-959125261	false_negative	India	JF Technologies Partners	New Delhi, Flat A 7Th Floor North Tower, Delhi	Technologies JF Partners	FLAT A 07TH FLOOR NORTH TOWER, NEW DELHI, दिल्ली	1
3	S1-306938401	S2-772600473	false_negative	India	Tech Urban Exports Limited	Vatika Business Centre, First India Place Iind Floor, B Block Sushant Lok Phase I, Gurgaon, Haryana	टेक अर्बन एक्सपोर्ट्स लिमिटेड	VATIKA BUSINESS CENTRE, B BLOCK SUSHANT LOK PHASE I, GURGAON, Haryana	1
3	S1-932845712	S2-509077964	false_negative	US	Foust Miluna LLC	NC, Unit 5, Indian Beach, 1283 Salter Path Road	FOU5T MLIUA LLC	1283 SALTER PATH RD, INDIAN BEACH, NC	1
3	S1-828740346	S3-432881501	false_negative	India	Technologies Modern Solutions Private Limited	Kolkata, West Bengal, Circular Court 8 A J C Bose Rd, Calcutta	Technologies Modern Solutions-Private	Circular Court 9 A J C Bose Rd, Kolkata, Kolkatta, WB	1
3	S1-828740346	S3-825974663	false_negative	India	Technologies Modern Solutions Private Limited	Kolkata, West Bengal, Circular Court 8 A J C Bose Rd, Calcutta	Technologies-Modern Private Limited Services	Circular Court 9 A J C Bose Rd, Kolkata Region, Kolkata, WB	1
3	S1-33935373	S2-16924591	blocking_miss	US	Clean Software Services Inc	2511 Center Street, Terre Haute, IN	Clean Services Inc Services		0
3	S1-33935373	S3-291976629	blocking_miss	US	Clean Software Services Inc	2511 Center Street, Terre Haute, IN	Clean Software Services Inc		0
3	S1-831098652	S3-227092134	false_negative	US	Jolynn Hodges Summit Lab LLC	24 Summit Trail, Halfmoon, NY	>> sjh0dges.com	24 Summit Trl, Halfmoon, New York	1
3	S1-45301724	S2-258380507	blocking_miss	India	Gold Industries Pvt Ltd	Shop No. 10, Uttar Pradesh, Lucknow, Kisan Bazar Vibhuti Khand, Gomti Nagar, Lucknow	गोल्ड इंडस्ट्रीज प्रा. लि.	H.NO 10/1, LUCKNOW, N/A, Uttar Pradesh	0
3	S1-45301724	S3-849768357	blocking_miss	India	Gold Industries Pvt Ltd	Shop No. 10, Uttar Pradesh, Lucknow, Kisan Bazar Vibhuti Khand, Gomti Nagar, Lucknow	Smt Gold Industries-Pvt Ltd	H.no 10, Lucknow, Lucknow- Gomtinagar, UP	0
3	S1-801254239	S2-693439753	false_negative	US	Phan Reliable State, LLC	20 Garden Street, Louisa, KY	Phan Reliable		1
3	S1-237382987	S3-16288771	false_positive	India	Hpl Energies (India)	No. 73/7, 8, Vakkinangkadu Thottam, C.S. Nagar Back Side, Pachapali Medu, Veerappan Chattram Post, Erode, Tamil Nadu	Hpl Energies (India) Pvt Ltd	No. 73/12, Erode, TN	1
3	S1-410247904	S2-728157140	false_positive	US	Christmas & Marshall Diagnostics Inc.	1404 Hadleigh Pl, Hurstbourne, KY	Christmas & Marshall Diagnostics Inc.		1
3	S1-410247904	S3-897092779	false_negative	US	Christmas & Marshall Diagnostics Inc.	1404 Hadleigh Pl, Hurstbourne, KY	christmas & marshall diagnostics inc. - 4168039156	Kentucky, 1790 Hadleigh Pl, Hurstbourne	1
3	S1-343596499	S3-513025818	blocking_miss	India	Peekay Law Chambers Corporation	No 35 & 36, 8Th Cross, 8Th Main, Jayanagar 2Nd Block, Bangalore South, Bangalore, Karnataka	peekaylawchambers.com	& 36, Bangalore South, KA	0
3	S1-153659569	S2-657413844	false_positive	India	Sky Projects Private Limited	12/A, 1St Floor, Lotus Cinema Building, Opposite Nehru Plan Etorim, S M S Marg, Worli, Mumbai, Maharashtra	Ss Éxp0rts Private Limited	12/A, LOTUS CINEMA, DR. ANNIE BESANT ROAD, OPPOSITE NEHRU CENTRE, WORLI, Maharashtra	1
3	S1-620731383	S2-448431187	false_negative	India	Infrastructure Excel Foods Private Limited	8-2-689/A, Shivalik Plaza, Road No. 1, Banjara Hills, Hyderabad, Telangana	Infrastructure Excel Foods [Private]		1
3	S1-957632159	S2-272931460	false_negative	US	Piedmont Gulf Valley Inc	2312 Erie Avenue, Middletown, OH	Piedmont Gulf Valley Inc		1
3	S1-706094738	S2-891264652	false_negative	India	Anupam Sugar Private Limited	C/O Yamgar Narayan, H N 29, Tal-Indapur Dist-Pune, Tarangwadi, Indapur, Pune, Maharashtra	LUMIRIEVO	C/O YAMGAR NARAYAN, H N 29, TAL-INDAPUR DIST-PUNE, TARANGWADI, INDAPUR, PUNE, Maharashtra	1
3	S1-921437323	S3-638156571	false_negative	US	Tirior Solutions LLC	3842 Carpenter Street, Washington, DC	Tirior Sólutions		1
3	S1-921437323	S3-745532284	false_negative	US	Tirior Solutions LLC	3842 Carpenter Street, Washington, DC	Tirior Solutions-LLC		1
3	S1-776303747	S2-638627819	false_negative	India	Aum Suppliers Private Limited	Near Shishu Mandir, Lab Repot Ok, Kasgang, Kasganj, Kasganj, Etah, Uttar Pradesh	Smt Aum Suppliers Private	NO. 30 NEAR SHISHU MANDIR, LAB REPOT OK, KASGANG, KASGANJ, KASGANJ, Uttar Pradesh	1
3	S1-72608696	S3-584776743	blocking_miss	US	First Network Labs LLC	453 68th Avenue E, Tulsa, OK	First Neework-Labs LLC	53 68st Ave E, Tulsa, Oklahoma	0
3	S1-72608696	S3-595282268	blocking_miss	US	First Network Labs LLC	453 68th Avenue E, Tulsa, OK	First Netweok Labs LLC		0
3	S1-718100189	S2-828234903	blocking_miss	India	Pooran Traders Pvt Ltd	1114 Eleventh Floor D Mall Netaji Subhash Place, Pitam Pura, New Delhi, North West, Delhi	Smt Pooran Pvt Ltd-Center		0
3	S1-316039113	S3-855955659	false_negative	US	Applied Energy Works Inc	220 Lehigh Street, Pearce, AZ	Applied Works-Inc Partners		1
3	S1-227538089	S3-461224483	false_negative	India	Surendra & Partners	G-137, Ug-1, Block-G, Dilshad Colony, Delhi, East Delhi, Delhi	Smt Surendra &		0
3	S1-451473527	S2-717806882	false_negative	US	Spaulding Keystone Mitsubishi Inc	130 Worral Drive, Newark, DE	SPAULDING KEYSTONE MITSUSRRSHI INC	1 WORRAL DR, NEWARK, DE	1
3	S1-451473527	S3-773915905	blocking_miss	US	Spaulding Keystone Mitsubishi Inc	130 Worral Drive, Newark, DE	Spauldingkeystonemitsubishi.Com	130 Woral Drive, Pike Creek Valley, Delaware	0
3	S1-833384735	S2-19775221	false_negative	India	Services Vastu Systems Private Limited	Plot No. 29/1966, Dumduma, Jagamara, Bhubaneswar, Khordha, Orissa	Services-Vastu Systems Private Limited		1
3	S1-258388352	S3-47122819	false_negative	India	Jyoti Polytechnic	S.F.I Palladium A Busines, Hub Opp 4D Square, Ahmedabad, Gujarat	Jyoti Polytechnic Corp	GJ, Hn 542 S.f.i Plladium A Busines, Ahmedabad	1
3	S1-258388352	S3-524614086	false_negative	India	Jyoti Polytechnic	S.F.I Palladium A Busines, Hub Opp 4D Square, Ahmedabad, Gujarat	Zéphectozeta	Hn 542 S.f.i Palladium A Busines, Ahmedabad, GJ	0
3	S1-258388352	S3-962062806	false_negative	India	Jyoti Polytechnic	S.F.I Palladium A Busines, Hub Opp 4D Square, Ahmedabad, Gujarat	Jy0ti Polytechnic	Hn 542 S.f.i Palladium A Busines, Ahmedabad, GJ	0
3	S1-496239291	S2-370371396	false_negative	India	Maa Foundation Private Limited	Door No Xv/531 Foneiro Business Centre Thrissur Road Kunnamkulam P O, Thrissur, Kerala	Mr Maa-Foundation	DOOR NO XV/530 FONEIRO BUSINESS CENTRE THRISSUR ROAD KUNNAMKULAM P O, THRISSUR, Kerala	1
3	S1-496239291	S2-5656380	false_negative	India	Maa Foundation Private Limited	Door No Xv/531 Foneiro Business Centre Thrissur Road Kunnamkulam P O, Thrissur, Kerala	മാ ഫൗണ്ടേഷൻ പ്രൈവറ്റ് ലിമിറ്റഡ്	DOOR NO XV/530 FONEIRO BUSINESS CENTRE THRISSUR ROAD KUNNAMKULAM P O, THRISSUR, Kerala	1
3	S1-496239291	S3-294516942	false_negative	India	Maa Foundation Private Limited	Door No Xv/531 Foneiro Business Centre Thrissur Road Kunnamkulam P O, Thrissur, Kerala	മാ ഫൗണ്ടേഷൻ പ്രൈവറ്റ് ലിമിറ്റഡ്	Door No Xv/531 Foneiro Business Centre Thrissur Road Kunnamkulam P O, Thrissur, NULL, KL	1
3	S1-496239291	S3-745772980	false_negative	India	Maa Foundation Private Limited	Door No Xv/531 Foneiro Business Centre Thrissur Road Kunnamkulam P O, Thrissur, Kerala	മാ ഫൗണ്ടേഷൻ പ്രൈവറ്റ് ലിമിറ്റഡ്	Door No Xv/531 Foneiro Business Centre Thrissur Road Kunnamkulam P O, Thrissur, NULL, KL	1
3	S1-577719915	S3-995523631	false_positive	US	Nexify Sui LP	Unit C, 2129 Richmond Drive, MD, Andrews Air Force Base	Nexiell Sui	2129 Rishmond Drive, # C, Andrews Air Force Base, Maryland	1
3	S1-599826931	S3-85080988	false_negative	US	Main Street Pub	4420 Meadow Lane, South Bend, IN	Main Stréet Pub		1
3	S1-845870899	S3-769465025	false_negative	India	KDA Marketing Company	302, 3Rd Floor, A-Wing, Zahara Apartment, Gauripada, Bhiwandi, Thane, Maharashtra	KDA Company Service	02, Thane, महाराष्ट्र	1
3	S1-320811333	S2-587799408	false_negative	India	Gaylord Development Private Limited	Nisarg Appartment, Sarkar Nagar, Chandrapur, Maharashtra	Gaylord Development Limited Service		1
3	S1-290503686	S2-847450069	blocking_miss	US	Sacramento Chiropractic Gulf Care Associates	1857 William Bird Avenue, Sacramento, CA	Sacramento Chiropractic Glf Care Associates		0
3	S1-564158285	S3-4237099	blocking_miss	India	Cdc & Brothers Corp	1- A, Iv -145/146 Dayanand Colony, Lajpat Nagar Iv, New Delhi, South Delhi, Delhi	Cdc & Bhrrhters Corp	1- A, New Delhi, South Delhi, DL	0
3	S1-38041899	S3-348141395	false_negative	India	Rashika Memorial Trust-Bhosari	Sector No. 4, Bhosari, Maharashtra, Plot No. 53, Pcntda, Moshi, Pune	Veoarc Sys	Sector No. 4, Plot No. 53, Pcntda, Moshi, Bhosari, Pune, Maharashtra	1
3	S1-150370583	S2-615338466	false_negative	US	Pediatric Great Clinic	148 Brandegee Avenue, Groton, CT	Pediatric Clinic Grccbt	14 BRANDEGEE AVE, GROTON, CT	1
3	S1-253180548	S3-201285624	false_negative	India	Prime Logistics Private Limited	Balaghat Road, L.I.C. Office Ke Upar, Waraseoni, Madhya Pradesh, Balaghat, Ward No 5	Shri Prime Logistics Private	H.no #784 Ward No 5, MP, Waraseoni	1
3	S1-553679368	S2-54931838	false_negative	US	Cure Hair Studio! Inc	Unit 15A, Boonville, NC, 518 Main Street	Cure Hair Inc Studio! - 2032094683	##518 MAIN STREET, NC, BOONVILLE	1
3	S1-515065509	S2-972975114	blocking_miss	US	Ear Nose & Throat Physicians Inc	2248 Muirwood Drive, Bldg 7, Columbus, OH	@EARNOSE	MUIRWOOD DR, COLUMBUS, OH	0
3	S1-515065509	S3-672168047	false_negative	US	Ear Nose & Throat Physicians Inc	2248 Muirwood Drive, Bldg 7, Columbus, OH	Ear Nose & Throat Physicians	Ohio, Columbus, Muirwood Drive	1
3	S1-483898379	S2-397655491	false_negative	India	Candy & Sons Private Limited	Bidar, Plot No. 14B, Sy.No.60, Naubad Industrial Area, Kiadb, Pratap Nagar, Karnataka, Bidar	CANDY + SONS		0
3	S1-483898379	S3-171582254	false_negative	India	Candy & Sons Private Limited	Bidar, Plot No. 14B, Sy.No.60, Naubad Industrial Area, Kiadb, Pratap Nagar, Karnataka, Bidar	Candy & Sons Private	#1-4B, Bidar, KA, Bidar	1
3	S1-483898379	S3-83938162	blocking_miss	India	Candy & Sons Private Limited	Bidar, Plot No. 14B, Sy.No.60, Naubad Industrial Area, Kiadb, Pratap Nagar, Karnataka, Bidar	#Candy		0
3	S1-594384215	S2-355317040	blocking_miss	India	Perfect Pioneer Consulting Private Limited	North West Delhi, C-4/77, Keshav Puram, Lawrence Road, Delhi	परफेक्ट पायोनियर कंसल्टिंग प्राइवेट लिमिटेड	NORTH WEST DELHI, C-5-4/77, DELHI, दिल्ली	0
3	S1-594384215	S3-334700110	blocking_miss	India	Perfect Pioneer Consulting Private Limited	North West Delhi, C-4/77, Keshav Puram, Lawrence Road, Delhi	परफेक्ट पायोनियर कंसल्टिंग प्राइवेट लिमिटेड	C-4/77, North West Delhi, Delhi, DL	0
3	S1-6365738	S3-569567423	false_negative	US	IEU Guggenheim Inc	1035 Cherry Tree Hill Road, East Montpelier, VT	lEU Guggenheim Ínc	1036 Cherry Tree Hill Road, East Montpelier, Vermont	1
3	S1-665070490	S2-937461788	false_negative	India	Taram Commotrade Ltd	Old No.7 New No 13/1 Harrington Road Chetpet, Chennai, Tamil Nadu	taram cómmotrade ltd		1
3	S1-845842892	S2-818552425	false_negative	US	Cardiology Care	107 Main Street, Unit B, Carrboro, NC	Cardiology Care Foundation	707 MAIN ST, CARRBORO, NC	1
3	S1-845842892	S3-624332383	blocking_miss	US	Cardiology Care	107 Main Street, Unit B, Carrboro, NC	cardiologycare.com	107 Min Saint, # B, Carrboro, North Carolina	0
3	S1-837478963	S2-621521096	false_positive	US	Tuesday Egan Apollo Group	8927 Grove Park Drive, NC, Oak Ridge	Tuesday-Egan Apollo		1
3	S1-734591602	S2-35086641	false_negative	US	Ashly Wolff, M.D.	1216 1218 Mary Street, Evansville, IN	ASHLY WOLN, M.D.		0
3	S1-815498905	S3-214723749	blocking_miss	India	Agro Avrs Finance Pvt Ltd	19/A Gat No 341 Navlakh, Umbre Tal Maval, Maval, Pune, Maharashtra	Agro Aisr Finance Pvt Ltd		0
3	S1-815498905	S3-586319426	false_negative	India	Agro Avrs Finance Pvt Ltd	19/A Gat No 341 Navlakh, Umbre Tal Maval, Maval, Pune, Maharashtra	Agro Avrs Finance Pvt Ltd		1
3	S1-473931208	S2-262055532	false_negative	US	OE Activate LLC	6109 Freeman Avenue, Kansas City, KS	OE LLC Services		1
3	S1-24159909	S2-870472380	false_negative	India	Fig & Associates	B-6, Ground Floor, Naraina Industrial Area, Phase-2, New Delhi, South West Delhi, Delhi	Sri Fig & Associates		0
3	S1-414838589	S3-868598611	false_negative	India	Df Estate (India) Private Limited	3, Bangali Market, Marhatal, Jabalpur, Madhya Pradesh	Df (India) Private Limited (Center)	3., Jabalpur, MP	1
3	S1-161217917	S2-573002848	blocking_miss	US	Summit Society	90 Finns Point Lane, VA, Hampton City	Summit		0
3	S1-161217917	S3-210850124	blocking_miss	US	Summit Society	90 Finns Point Lane, VA, Hampton City	summitsociety.com	90 Fnins Point Ln, Hampton, Virginia	0
3	S1-708140130	S3-590441666	false_negative	US	Rentz Cartesian Inc.	528 Pines Road, Unit N-5, Spokane Valley, WA	Rentz Inc. Services #66460	528 Pines Rd, Unit N-5, Spokane Valley, Washington	1
3	S1-686601091	S3-551204997	false_negative	US	Grant, Mccabe and Perry	309 Center Street, Marion, OH	Grant, Mccabe And		1
3	S1-404751832	S3-218657049	false_negative	US	Lucky Bistro! LP	2311 Bellevue Court, Bowling Green, KY	lucky bistro! lp		1
3	S1-616147203	S3-335505223	false_negative	US	Medlock Reliable Currencyshares	18 Colonial Drive, Unit 2, Dedham, MA	Medlock Reliable Currencyshares Inc.		1
3	S1-824290624	S2-722334735	false_negative	US	Araiza Apogee LLC	1515 Dekalb Street, Unit Unit 111, Norristown Borough, PA	Araiza Apogee		1
3	S1-801537387	S2-363501073	false_negative	US	Dedyne Shore	Hutchinson, 1619 Castleton Road, KS	DEDYNE [SERVICES]		0
3	S1-385056085	S2-744785950	false_negative	India	Classic Lotus Global Private Limited	Rh-17, Grd Floor, Villas, Ats Paradiso Plot Gh-03, Sector Chi 4, Noida, Gautam Buddha Nagar, Uttar Pradesh	क्लासिक लोटस ग्लोबल प्राइवेट लिमिटेड	NOIDA, GAUTAM BUDDHA NAGAR, RH-17, Uttar Pradesh	1
3	S1-112490053	S3-450107257	false_negative	US	VQA Dynamic National	1017 Heather Drive, Waldron, AR	VQA Dynamic National Corp		1
3	S1-120444223	S2-380780036	blocking_miss	India	Sahyog Group	2-B, Rajshee Apartment 11B, Dalibagh Lko Lko Dalibagh, Jopling, Road, Lucknow, Uttar Pradesh	SAHYOG LIMITED - 9940237219		0
3	S1-120444223	S2-381855657	blocking_miss	India	Sahyog Group	2-B, Rajshee Apartment 11B, Dalibagh Lko Lko Dalibagh, Jopling, Road, Lucknow, Uttar Pradesh	Sri Sahyog Group		0
3	S1-120444223	S3-632865800	false_negative	India	Sahyog Group	2-B, Rajshee Apartment 11B, Dalibagh Lko Lko Dalibagh, Jopling, Road, Lucknow, Uttar Pradesh	Sri Sahyog Group	02-B, Lucknow, उत्तर प्रदेश	1
3	S1-360050563	S3-276070960	false_negative	India	Solutions Swapnil Services Private Limited	The Platina, Flat No.B909, Bit-Ii/B, 9Th Floor Gachibowli, Serilingampalli Mandal, Hyderabad, Telangana	Solutions Swapnil Services Private		0
3	S1-360050563	S3-915653193	false_negative	India	Solutions Swapnil Services Private Limited	The Platina, Flat No.B909, Bit-Ii/B, 9Th Floor Gachibowli, Serilingampalli Mandal, Hyderabad, Telangana	Solutions Swapnil Services Private Ltd	The Platina, Hyderabad, null, Andhra Pradesh	1
3	S1-75495482	S3-858512400	false_negative	US	Hernandez Net	105 Shannon Street, Fl 1, Hillsboro, OR	Zephlum	105 Shannon Street, Fl 1, Hilllsboro, Oregon	1
3	S1-945542638	S2-604848888	false_negative	US	Granite	1533 Providence Road, Loch Raven, MD	-- Glaontem	1533 PROVIDENCE RD, TOWSON, MD	0
3	S1-945542638	S3-242046786	false_negative	US	Granite	1533 Providence Road, Loch Raven, MD	Granite Services	1533 Providfnce Rd, Towson, Maryland	1
3	S1-803758014	S2-248517888	false_negative	India	Jha Box Co	C/O Surendra Kathiwas, H.No55 Shiv Grah Nirman, Huzur, Bhopal, Madhya Pradesh	Nylakor	C/O SURENDRA KATHIWAS, H.NO55 SHIV GRAH NIRMAN, BHOPAL, HUZUR, मध्य प्रदेश	1
3	S1-803758014	S3-998523654	false_negative	India	Jha Box Co	C/O Surendra Kathiwas, H.No55 Shiv Grah Nirman, Huzur, Bhopal, Madhya Pradesh	Shri Jha Box	C/o Surendra Kathiwas, Huzur, Bhopal, MP	1
3	S1-876919654	S2-808493671	false_negative	India	Life Jai Technology	208/7 Rishi Bankim Chandra Rd, Kolkata, Calcutta, West Bengal	লাইফ জয় টেকনোলজি	NO #208/7 RISHI BANKIM CHANDRA RD, CALCUTTA, KOLKATA, West Bengal	0
3	S1-876919654	S3-49939084	false_negative	India	Life Jai Technology	208/7 Rishi Bankim Chandra Rd, Kolkata, Calcutta, West Bengal	লাইফ জয় টেকনোলজি	Kolkata, 208/7 Rishi Bankim Chandra Rd, WB, Calcutta	0
3	S1-876919654	S3-578414665	false_negative	India	Life Jai Technology	208/7 Rishi Bankim Chandra Rd, Kolkata, Calcutta, West Bengal	লাইফ জয় টেকনোলজি	No 208/7 Rishi Bankim Chandra Rd, Calcutta, Kolkata, WB	0
3	S1-28373418	S3-565014958	false_negative	US	Bastion	1703 Madison Court, Lawrenceburg, KY	Baion	Madison Ct, Lawrenceburg Townnship, Kentucky	0
3	S1-567977259	S2-485046352	false_negative	India	Luna India) Private Limited	B-21 Fie Patparganj Industrial Area New Delhi, Delhi, East Delhi, Delhi	LUNA PRIVATE LIMITED-SERVICE	B-41 FIE PATPARGANJ INDUSTRIAL AREA NEW DELHI, DELHI, Delhi	1
3	S1-567977259	S2-725462937	false_negative	India	Luna India) Private Limited	B-21 Fie Patparganj Industrial Area New Delhi, Delhi, East Delhi, Delhi	Luna India) Limited Center	B-41 FIE PATPARGANJ INDUSTRIAL AREA NEW DELHI, DELHI, Delhi	1
3	S1-250533662	S2-784675294	false_negative	India	Baba Software Private Limited	No.562, Srimata, 12Th Cross Opposite Kailash Ashram, Rajarajeswari N, Agar, Bangalore, Karnataka	ಬಾಬಾ ಸಾಫ್ಟ್‌ವೇರ್ ಪ್ರೈವೇಟ್ ಲಿಮಿಟೆಡ್	#562, BANGALORE, Karnataka	1
3	S1-250533662	S3-834267206	blocking_miss	India	Baba Software Private Limited	No.562, Srimata, 12Th Cross Opposite Kailash Ashram, Rajarajeswari N, Agar, Bangalore, Karnataka	ಬಾಬಾ ಸಾಫ್ಟ್‌ವೇರ್ ಪ್ರೈವೇಟ್ ಲಿಮಿಟೆಡ್	#563, Bangalore, KA	0
3	S1-250533662	S3-921601010	false_negative	India	Baba Software Private Limited	No.562, Srimata, 12Th Cross Opposite Kailash Ashram, Rajarajeswari N, Agar, Bangalore, Karnataka	ಬಾಬಾ ಸಾಫ್ಟ್‌ವೇರ್ ಪ್ರೈವೇಟ್ ಲಿಮಿಟೆಡ್	563, Agar, Bangalore, ಕರ್ನಾಟಕ	1
3	S1-250533662	S3-940088678	blocking_miss	India	Baba Software Private Limited	No.562, Srimata, 12Th Cross Opposite Kailash Ashram, Rajarajeswari N, Agar, Bangalore, Karnataka	ಬಾಬಾ ಸಾಫ್ಟ್‌ವೇರ್ Private Limited	No.563, Agar, KA	0
3	S1-829671154	S3-88077468	blocking_miss	India	Hotel Business Limited	House No 6, Pocket-40 Chitranjan Park, New Delhi, Delhi	Hotel Limited Center		0
3	S1-704755255	S2-65592240	false_positive	India	White Media Pvt Ltd	Cabin No. 1, 3Rd Floor, No. 953, 12Th Main, Hal 2Nd Stage, Bangalore North, Bangalore, Karnataka	Mehta Exim (India) Pvt Ltd	CABN NO. 1, 3RD FLOOR, NO. 953, 12TH MAIN, HAL 2ND STAGE, BANGALORE NORTH, Karnataka	1
3	S1-704755255	S3-528574303	false_positive	India	White Media Pvt Ltd	Cabin No. 1, 3Rd Floor, No. 953, 12Th Main, Hal 2Nd Stage, Bangalore North, Bangalore, Karnataka	Viofaye	Cabin No. 1, 3Rd Floor, No. 953, 12Th Main, Hal 2Nd Stage, Bangalore, KA	1
3	S1-704755255	S2-175115354	blocking_miss	India	White Media Pvt Ltd	Cabin No. 1, 3Rd Floor, No. 953, 12Th Main, Hal 2Nd Stage, Bangalore North, Bangalore, Karnataka	ವೈಟ್ ಮೀಡಿಯಾ ಪ್ರೈವೇಟ್ ಲಿಮಿಟೆಡ್	INDIRA NAGAR, Karnataka, CABIN NO. 1	0
3	S1-704755255	S3-296089934	blocking_miss	India	White Media Pvt Ltd	Cabin No. 1, 3Rd Floor, No. 953, 12Th Main, Hal 2Nd Stage, Bangalore North, Bangalore, Karnataka	ವೈಟ್ ಮೀಡಿಯಾ ಪ್ರೈವೇಟ್ ಲಿಮಿಟೆಡ್	Bangalore North, Bangalore, Door No 00335 Cabin No. 1, KA	0
3	S1-49298271	S2-257017229	false_negative	US	Smart Hospitality Advisors Co	4733 Ridgelawn Place, Peoria, IL	Smart Hospitality Advisors		1
3	S1-107766203	S2-601254966	false_negative	India	Kaverora Technology Private Limited	H 2 B Bharathidasan Colony, K.K Nagar, Chennai, Tamil Nadu	Kaverora Thchnonlmgy Private Limited		1
3	S1-107766203	S3-57704547	false_negative	India	Kaverora Technology Private Limited	H 2 B Bharathidasan Colony, K.K Nagar, Chennai, Tamil Nadu	Lyraveoio	H 2 B Bharathidasan Colony, Chennai, K.K Nagar, Tamil Nadu	1
3	S1-703637547	S3-81027505	false_negative	India	Dynamics Holidays (India) Private Limited	Flat 7, Bella Vista Chs Ltd Hdy X Rd I C Colony, Borivali West, Mumbai City, Maharashtra	Shri Dynamics Hlimdays (India) Private Limited	Flat 6, Mumbai City, Borivali West, MH	1
3	S1-351792935	S3-856845898	false_negative	US	Associated Apparel Alliance	605 Mill Avenue, Tempe, AZ	Associated Apparel Alliance LLC		1
3	S1-129731318	S2-312218814	false_positive	US	Tri-State Trust	190 Wheatland Court, Moscow, ID	Kuznetsov Tri-State	190 WHEATLAND CT, MOSCOW CITY, ID	1
3	S1-64243999	S2-537519249	singleton_false_merge	US	Alysa Amini, DDS, M.D., P.C.	1226 Buffalo Springs Turnpike, Amherst County, VA	ALYSA AMINI, DDS, M.D., P.C.		1
3	S1-797001546	S2-592005888	blocking_miss	India	Jai Global Private Limited	Sf. No. 43/1-4, Pattakaranpalayam, Perundurai, Erode, Tamil Nadu	ஜெய் குளோபல் பிரைவேட் லிமிடெட்	NO. 475 SF. NO. 43/1-4, ERODE, தமிழ்நாடு	0
3	S1-797001546	S3-297984859	false_negative	India	Jai Global Private Limited	Sf. No. 43/1-4, Pattakaranpalayam, Perundurai, Erode, Tamil Nadu	Deltaciraio	Sf. No. 43/1-4, Pattakaranpalayam, Perundurai, Erode, Tamil Nadu	1
3	S1-462553786	S2-687893293	false_negative	India	UE Equipments Company	C-10 Vibhooti Khand Gomti Nagar, Lucknow, Uttar Pradesh	UE Equipments		1
3	S1-462553786	S3-247600668	blocking_miss	India	UE Equipments Company	C-10 Vibhooti Khand Gomti Nagar, Lucknow, Uttar Pradesh	UE Company Services		0
3	S1-462553786	S3-442964520	false_negative	India	UE Equipments Company	C-10 Vibhooti Khand Gomti Nagar, Lucknow, Uttar Pradesh	UE Equipments Co		1
3	S1-627281581	S3-569069952	false_negative	India	My Solutions Private Limited	Tp.O.- Dhurlakh, Kishanpur P.S.- Warisnagar, Samastipur, Bihar	Mysolutions.Com	No. 317 Tp.o.- Dhurlakh, Kishanpur P.s.- Warisnagar, Samastipur, BR	1
3	S1-149092361	S2-709740064	false_negative	US	Vaon	5610 Plum Point Court, Sugar Land, TX	Vaon (LLC)		1
3	S1-149092361	S3-584248867	blocking_miss	US	Vaon	5610 Plum Point Court, Sugar Land, TX	Vashn	5610d Plum Point Court, Sugar Lannd, Texas	0
3	S1-344910519	S2-452913786	false_negative	US	Williams Crystal Asset LLC	1975 Missouri Street, Tucson, AZ	Williams Crystal Asset	1974 MISSOURI STREET, PO BOX 8430, TUCSON, AZ	1
3	S1-51896727	S2-755113382	blocking_miss	US	Integrated Chicago	441 Ss, Town Of Kinnickinnic, WI	INTEGRATEDCHICAGO.COM	441 SS, ROBERTS, WI	0
3	S1-51896727	S3-309238047	blocking_miss	US	Integrated Chicago	441 Ss, Town Of Kinnickinnic, WI	Integrated Chncago	443 Ss, Roberts, Wisconsin	0
3	S1-700317756	S2-727925466	blocking_miss	US	Big Auto Body Inc	134-25 232 Street, Springfield Gardens, NY	bigautobody.com	SPRINGFIELD GARDENS, NY, 134-2 232 STREET, NULL	0
3	S1-839960566	S2-240029461	false_negative	India	Swapno Dealtrade LLP	J - 63 B, Street No. 8, Kartar Nagar, Fourth Pushta, Delhi, North East, Delhi	SWAPNO DEALTRADE		1
3	S1-19333278	S2-565002376	singleton_false_merge	India	Modern Investment	Third Floor, 146/224D, 18Th Main 5Th Phase, J. P. Nagar, Bangalore Â 5600, 78, Bangalore, Karnataka	ಮಾಡರ್ನ್ ಫೈನಾನ್ಸ್	DOOR NO 78 THIRD FLOOR, 146/224D, 18TH MAIN 5TH PHASE, J. P. NAGAR, BANGALORE Â 5600, 78, BANGALORE, Karnataka	1
3	S1-19333278	S2-992757623	singleton_false_merge	India	Modern Investment	Third Floor, 146/224D, 18Th Main 5Th Phase, J. P. Nagar, Bangalore Â 5600, 78, Bangalore, Karnataka	Modern Investment Private Limited	NO 78 THIRD FLOOR, 146/224D, 18TH MAIN 5TH PHASE, J. P. NAGAR, BANGALORE Â 5600, 78, BANGALORE, ಕರ್ನಾಟಕ	1
3	S1-790913278	S2-293793921	blocking_miss	India	Eastern Services Pvt Ltd	A-11, Rajendra Marg, Mahaveer Nagar, Tonk Road, Jaipur, Rajasthan	ईस्टर्न सर्विसेज प्रा. लि.	A-11, JAIPUR, राजस्थान	0
3	S1-790913278	S2-679349178	blocking_miss	India	Eastern Services Pvt Ltd	A-11, Rajendra Marg, Mahaveer Nagar, Tonk Road, Jaipur, Rajasthan	ईस्टर्न सर्विसेज प्रा. लि.	A-11, Rajasthan, JAIPUR	0
3	S1-733478290	S3-455213024	blocking_miss	India	Sanskruti Services	Flat No. 803, Nautica B, Casa Rio, Palava City, Kalyan Shil Road, Thane, Maharashtra	Sanskruti Services LLP	महाराष्ट्र, Fhat No. 804, Thane	0
3	S1-844001094	S3-363629977	false_positive	India	Grace Nirman Partners	No.22/2, Ground Floor, 10A Cross, Near Ss Pharma And Food Distributions, Kanaka Nagar, Bangalore North, Bangalore, Karnataka	Smt Grace Nirman Partners Industries Limited	No.22/7, Bangalore North, ಕರ್ನಾಟಕ	1
3	S1-500855818	S2-24854073	false_negative	US	Star Horizon Crown	1204 Grove Street, Village Of Bangor, WI	Star Horizion Crown		1
3	S1-500855818	S3-819104594	false_negative	US	Star Horizon Crown	1204 Grove Street, Village Of Bangor, WI	Star Horizon Crown Corporation		1
3	S1-105676369	S2-233566014	false_negative	US	Urgent Care United Partners	1145 Waterview Lane, Port Bolivar, TX	Urgent Care United Partners		1
3	S1-105676369	S3-687367955	false_negative	US	Urgent Care United Partners	1145 Waterview Lane, Port Bolivar, TX	Urgent Care United Partners Authority	Waterview Lane, PT Bolivar, Texas	1
3	S1-590354532	S3-922901315	false_negative	India	Pest Recycling Private Limited	Surat, Village: Parab, Bl 315 Surway No 174, Kamrej, Gujarat	Jaxcirasyn	Bl 315 Surway No 174, Village: Parab, Kamrej, Surat, GJ	1
3	S1-439736664	S2-762330565	blocking_miss	India	Maa Arihant Producer Private Limited	Plot No126, Survey No 342, Aleap Industrial Estate Pragathi Nagar Road, Gajularamaram, Hyderabad, Telangana	మా అరిహంత్ ప్రొడ్యూసర్ ప్రైవేట్ లిమిటెడ్	PLOT NO126, HYDERABAD, PRAGATHINAGAR, Telangana	0
3	S1-253915029	S2-133312275	false_negative	US	Gonzalez Highland Appliance L.L.C.	1400 Wheelwright Place, Unit 217, Cary, NC	6onzalez Highland Appliance L.L.C.	1400 1/2 WHEELWRIGHT PLACE, CARY, NC	1
3	S1-253915029	S2-241969224	false_negative	US	Gonzalez Highland Appliance L.L.C.	1400 Wheelwright Place, Unit 217, Cary, NC	Gonzalez Highland L.L.C. Service	1400 1/2 WHEELWRIGHT PL, NC, CARY	1
3	S1-261090081	S2-384937527	blocking_miss	US	Marjory Okey, MD, PC Center	3423 Carrollton Avenue, Hempstead, NY	MÁRJORYOKEYMD.COM	CARROLLTON AVE, HEMPSTEAD, NY	0
3	S1-261090081	S2-605439455	blocking_miss	US	Marjory Okey, MD, PC Center	3423 Carrollton Avenue, Hempstead, NY	marjoryokeymd.com	423 CARROLLTON AVENUE, HEMPSTEAD, NY	0
3	S1-665893453	S2-538713895	false_negative	US	Penrod Peace Inc	10 Loveland Lane, Bristol, CT	Peace ... Penrod	10C LOVELAND LANE, PMB 8013, BRISTOL, CT	1
3	S1-665893453	S2-725923888	false_negative	US	Penrod Peace Inc	10 Loveland Lane, Bristol, CT	Penrod Péace Inc		1
3	S1-665893453	S3-192131550	false_negative	US	Penrod Peace Inc	10 Loveland Lane, Bristol, CT	Penrod Peace Inc		1
3	S1-79656677	S3-693986596	false_negative	India	Shiv Agro Private Limited	Unit No.303, 3Rd Floor, Worldmark4, Asset Area No. Lp-1B-04, Gateway District, Delhi Aerocity, Near Indira Gandhi International Airport, New Delhi, South West Delhi, Delhi	Shiv Agro-Private Limited Enterprises		0
3	S1-787678759	S3-940923099	false_negative	US	Madalena Mcmullen Gaming Center	253 Bellwood Drive, Garland, TX	Soldova	Texas, 253 Bellwood Dr, Garland, PO Box 5197	1
3	S1-898465663	S3-63042936	false_negative	US	Urgent Care Green Physicians	330 Madison Street, New York, NY	Ectodelta	330 Madison Street, NY, New York	1
3	S1-898465663	S3-680515440	blocking_miss	US	Urgent Care Green Physicians	330 Madison Street, New York, NY	Careurgent.Com	New York, 330 Madison Street, New York	0
3	S1-648028809	S2-257807325	blocking_miss	India	Innovative Systems Pvt Ltd	7/42, Double Storey, Vijaynagar, Delhi	इनोवेटिव सिस्टम्स प्रा. लि.	#322 7/42, DELHI	0
3	S1-648028809	S3-57367804	false_negative	India	Innovative Systems Pvt Ltd	7/42, Double Storey, Vijaynagar, Delhi	Innovative Systéms Pvt Ltd		1
3	S1-339414050	S2-818892002	false_negative	US	Mcbride Steers, Inc	MD, Waldorf, 3785 Old Washington Road	VIOSYN	MD, WALDORF, #3785 OLD WASHINGTON RD	1
3	S1-339414050	S2-890925611	false_negative	US	Mcbride Steers, Inc	MD, Waldorf, 3785 Old Washington Road	Beloyuma	WALDORF, 3559 OLD WASHINGTON RD, MD	0
3	S1-686610815	S3-509857989	false_negative	US	Womens Health Physicians Corp	Stafford, KS, 875 10th Street	Miradova	0875 10th St, Stafford, Kansas	1
3	S1-190476146	S2-359534126	blocking_miss	India	Supreme Industries Private Limited	Flat No.3, Block G2, Fourth Floor Vgn Minerva, Nolambur, Chennai, Tamil Nadu	சுப்ரீம் இண்டஸ்ட்ரீஸ் பிரைவேட் லிமிடெட்	FLAT NO.3, CHENNAI, Tamil Nadu	0
3	S1-654044620	S3-267155672	blocking_miss	India	Kanshi & Co	Sf, Gali No-5, Kh, 605 Indra Park, Dharmshala, Rz-1A/5, Delhi, New Delhi, South West Delhi	Lumsynlyra	New Delhi, Rz-1a/5, DL, South West Delhi	0
3	S1-180643451	S3-168302810	false_negative	US	RW Rockwool Inc	586 Madison Avenue, Akron, OH	RW Rockwool		1
3	S1-882919529	S3-545344299	false_negative	India	Nri Insurance Private Limited	C/O Raju Dayaram Pawar 480, Near Saw Mill, Amravati, Maharashtra	Mr Nri Insurance Limited Partners	C/o Raju Dayaram Pawer 48, Near Saw Mill, Amravati, MH	1
3	S1-336904777	S2-275166578	false_negative	India	White Technologies Private Limited	T-805, Stellar Jeevan Sector-1, Greater Noida, Noida, Gautam Buddha Nagar, Uttar Pradesh	व्हाइट टेक्नोलॉजीज प्राइवेट लिमिटेड	H.NO ##311 T-805, STELLAR JEEVAN SECTOR-1, GREATER NOIDA, NOIDA, Uttar Pradesh	1
3	S1-336904777	S2-35980933	false_negative	India	White Technologies Private Limited	T-805, Stellar Jeevan Sector-1, Greater Noida, Noida, Gautam Buddha Nagar, Uttar Pradesh	व्हाइट टेक्नोलॉजीज प्राइवेट लिमिटेड	STELLAR JEEVAN SECTOR-1, GREATER NOIDA, Uttar Pradesh, GAUTAM BUDDHA NAGAR, H.NO ##311 T-805	1
3	S1-729032305	S3-198267038	false_negative	US	Northampton Advisory	Unit 6A, Northampton, MA, 82 Bridge Street	Northampton Asvisry		1
3	S1-60224959	S3-220553401	blocking_miss	India	Futures Chemicals LLP	Telangana, Hyderabad, Plot No. 253, Hyderabad, Road No. 72, Prashasan Nagar Film Nagar, Jubilee Hills	Futureschemicals.Com	252, Hyderabad, TG	0
3	S1-60224959	S3-555531283	blocking_miss	India	Futures Chemicals LLP	Telangana, Hyderabad, Plot No. 253, Hyderabad, Road No. 72, Prashasan Nagar Film Nagar, Jubilee Hills	Futures Chemical LLP	Plot No. 252, Hyderabad, TG	0
3	S1-60224959	S3-714361438	blocking_miss	India	Futures Chemicals LLP	Telangana, Hyderabad, Plot No. 253, Hyderabad, Road No. 72, Prashasan Nagar Film Nagar, Jubilee Hills	Futures Cheliacls LLP	Plot No. 252, Hyderabad, TG	0
3	S1-158984302	S3-690732236	false_negative	India	Pune Mart Private Limited	Office No 12A, 4Th Floor Floor, A Building City Vista, Survey Number :53/2A/1, Kharadi, Pune, Maharashtra	Pune Mart Private Ltd - 7547911392		0
3	S1-695724757	S2-43127791	blocking_miss	US	Primary Care Innovative Specialists LLC	95 Archdale Road, Unit 393, Boston, MA	primarycareinnovative.com	95 ARCHDALE ROAD, ROSLINDALE, MA	0
3	S1-894233043	S3-406445384	blocking_miss	US	Colaex Sizzle Corp	2017 4th Street, Rockford, IL	colaexsizzle.com	4st Street, Illinois, Rocford	0
3	S1-826539805	S2-528262199	blocking_miss	US	Golden Book Store LLC	4014 Wilshire Boulevard, Wilmington, NC	goldenbookstore.com	NC, 4014 WILSHIRE BLVD, WILMINGTON	0
3	S1-826539805	S3-303427438	blocking_miss	US	Golden Book Store LLC	4014 Wilshire Boulevard, Wilmington, NC	Goldenstorebook.Com	4016 Wilshire Boulevard, PO Box 4306, Wilmington CITY, North Carolina	0
3	S1-69707171	S3-98410502	false_negative	US	Physical Therapy Group	367 Glade Street, Glade Spring Town, VA	Therapy Physical Inc	67 Glade Street, Glade Spring, Virginia	1
3	S1-810833407	S3-69290356	false_negative	US	Johnette Berry Gss Partners	52 Fox Lane, Deerpark, NY	JOHNETTE BERRY GSS PARTNERS		1
3	S1-316534553	S3-119787918	false_negative	US	Corporate Diagnostic Technologies	South Boston Town, 1180 River Road, VA	Corporate Diahgsnsotcic Technologies		1
3	S1-644301089	S3-519603302	false_negative	India	Pansy Lockers Limited	Unit No.306, 3Rd Floor, D7, Pearls Business Park, Nsp, Delhi, North West Delhi, Delhi	Pansy Lockers Ltd		1
3	S1-346368821	S2-169725343	false_negative	US	Harbor Medical Center	50 Commerce Drive, Cowen, WV	YUMAYUMASOL	0050 COMMERCE DR, COWEN, WV	1
3	S1-346368821	S2-987775078	false_negative	US	Harbor Medical Center	50 Commerce Drive, Cowen, WV	HARBOR MEDICAL CDEINTLR		0
3	S1-847299740	S3-606750713	false_negative	US	Gaytan Precision Precious	1216 1200, Orem, UT	Gaytan Precision	121 1200, Orem, Utah	1
3	S1-750032456	S2-352324354	false_positive	US	Moya Horizon Eco Inc	203 Elise Point Lane, Beddington, ME	MOYA HORIZNO ECO [INC]		1
3	S1-750032456	S3-278645502	false_positive	US	Moya Horizon Eco Inc	203 Elise Point Lane, Beddington, ME	Moya Horizon Eco Inc		1
3	S1-839594681	S2-668339536	blocking_miss	India	Construction Sb Coloniser Limited	Floor-Grd, 3, Jay Bhavani, Ratilal Thakkar Road, Nr Malabar Hill Police Station, Mumbai, Maharashtra	Novidelta	FLOOR-GRD, MUMBAI, Maharashtra	0
3	S1-839594681	S3-274165844	false_negative	India	Construction Sb Coloniser Limited	Floor-Grd, 3, Jay Bhavani, Ratilal Thakkar Road, Nr Malabar Hill Police Station, Mumbai, Maharashtra	Construction Sb Coloniser Limited	MH, Mumbai, 671- Floor-grd, Mumbai	1
3	S1-820331792	S3-954492883	false_negative	US	Torres Federal Fortress	4479 Sunburst Lane, Stevensville, MT	Torres Federal Fortress - 7786287582	4479 1/2 Sunburst Lane, Stevensville, Montana	1
3	S1-217837151	S3-396761969	false_negative	US	Patriot Banking Inc.	197 Bill Stewart Boulevard, Lavergne, TN	Patriot Banking Inc.		1
3	S1-295236188	S3-930025605	false_negative	US	Powers Circle LLC	11 Redtail Lane, Carver, MA	-- Powers Circle	Carver, Redtail Ln, Massachusetts	1
3	S1-458856781	S2-574811019	false_negative	US	Martin Cartesian LLC	41 Church Street, Unit 214, Lexington, TN	Martin Cartesian		1
3	S1-458856781	S3-935576975	false_negative	US	Martin Cartesian LLC	41 Church Street, Unit 214, Lexington, TN	Martin Cartesian		1
3	S1-131359750	S2-202856161	false_negative	India	Indian Enterprises	11/147, Daya Seva Sadan, Jambukandi Pirivu, Coimbatore North, Coimbatore, Tamil Nadu	Sri INDIAN-SERVICES	5-11/147, DAYA SEVA SADAN, JAMBUKANDI PIRIVU, COIMBATORE NORTH, Tamil Nadu	1
3	S1-131359750	S2-286345721	false_negative	India	Indian Enterprises	11/147, Daya Seva Sadan, Jambukandi Pirivu, Coimbatore North, Coimbatore, Tamil Nadu	Sri Indian Enterprises | www.indianent.com	5-11/147, DAYA SEVA SADAN, JAMBUKANDI PIRIVU, COIMBATORE NORTH, Tamil Nadu	1
3	S1-883653563	S2-425107007	false_negative	US	Prairie Reliable Four LLC	362 Mort Stull Road, Frenchburg, KY	Prairie Reliable	36 MORT STULL ROAD, FRENCHBURG, KY	1
3	S1-379597595	S3-409812875	blocking_miss	India	Krishna Infra	Office No-1061 10Th Floor, Gaur City Mall Sector-04, Gautam Buddha Nagar, Uttar Pradesh	Krishna Infra Limited Trading		0
3	S1-338157822	S2-874590909	false_negative	US	Ellette Anderson Waste LLC	3386 Brutonwood Cove, Memphis, TN	Ellette Anderson LLC [Center]	BRUTONWOOD CV, MEMPHIS, TN	1
3	S1-58389765	S3-918564700	blocking_miss	India	Sky Developers Private Limited	Ernakulam North, Kerala, Ernakulam, North Railway Station Road	സ്കൈ ഡെവലപ്പേഴ്സ് പ്രൈവറ്റ് ലിമിറ്റഡ്	North Rilway Station Road, Ernakulam North, Ernakulam, KL	0
3	S1-895681579	S3-630912128	false_negative	India	Tirupati Tech Private Limited	A 76 Kanti Nagar Delhi Delhi, Delhi, South Delhi, Delhi	Quoquo	A 76 Kanti Nagar Delhi Delhi, Delhi, South Delhi, Delhi	1
3	S1-395292100	S2-712639534	blocking_miss	US	Tri-State Home Improvements Inc	1857 3rd Place, Birmingham, AL	tristatehomeimprovements.com	857 THIRD PLACE, BIRMINGHAM, AL	0
3	S1-395292100	S3-253347651	false_negative	US	Tri-State Home Improvements Inc	1857 3rd Place, Birmingham, AL	Tri-State Home Improvements (Inc)		1
3	S1-905592837	S2-357260430	false_negative	US	Beacon Payroll Solutions P.C.	548 92nd Street, Chicago, IL	Beacon Payroll Solutions Inc		1
3	S1-897905692	S2-312142483	false_negative	US	Jones Industries LLC	767 Bowie Street, Jasper, TX	Jones Industries		1
3	S1-980037489	S3-192825901	blocking_miss	India	Donald Brothers Private Limited	Chennai, Plot 3, Tamil Nadu, 4 G2 Rhythm Apartment, Velleswaran Nagar, 1St Street, Chennai	Private Donald Borhers Limited	Doir No 963 Plot 3, Chennai, TN	0
3	S1-980037489	S3-312406754	false_negative	India	Donald Brothers Private Limited	Chennai, Plot 3, Tamil Nadu, 4 G2 Rhythm Apartment, Velleswaran Nagar, 1St Street, Chennai	Donald Donald Brothers	963 Plto 3, Chennai, TN	1
3	S1-858060753	S2-218796214	false_negative	India	Golden Industries Private Limited	X-520-B-7, 3Rd Floor, Blue Mount Tower, Kuzhikkattumoola, Kusumagiri Po, Nilampa, Thinji Rd, Kakkanad, Ernakulam, Kerala	DREXEV0CALO	X-520-B-7, KAKKANAD, ERNAKULAM, Kerala	0
3	S1-858060753	S2-925246619	false_negative	India	Golden Industries Private Limited	X-520-B-7, 3Rd Floor, Blue Mount Tower, Kuzhikkattumoola, Kusumagiri Po, Nilampa, Thinji Rd, Kakkanad, Ernakulam, Kerala	ഗോൾഡൻ ഇൻഡസ്ട്രീസ് പ്രൈവറ്റ് ലിമിറ്റഡ്	X-520-B-7, 3RD FLOOR, BLUE MOUNT TOWER, KUZHIKKATTUMOOLA, KUSUMAGIRI PO, NILAMPA, THINJI RD, KAKKANAD, ERNAKULAM, കേരളം	1
3	S1-672224911	S3-904936782	false_positive	India	Success Interiors Private Limited	C 21/14A, 2Nd Floor, Tsm Complex Maldahiya (Opp. Kashi Anathalaya Buildin, G), Varanasi, Uttar Pradesh	Success Interiors Industries Private	C 21/18A, G), Varanasi, UP	1
3	S1-518843654	S3-648930192	blocking_miss	US	Locascio Bay Special	Blacksburg Town, VA, 207 Sunset Boulevard	locasciobayspecial.com	Sunset Blvd, Blacksburg Town, Virginia	0
3	S1-518843654	S3-858641461	false_negative	US	Locascio Bay Special	Blacksburg Town, VA, 207 Sunset Boulevard	LOCASCIO BAY SPECIAL		1
3	S1-815421324	S2-647884963	false_positive	India	High Memorial Private Limited	Unit 02, 2Nd Floor, Bbmp Khatha No.80(Old No.73/2) Earthen Lattitude, Nagvarapalya, Cv Rama, N Nagar, Bangalore, Karnataka	High Commotrade Private (Limited)	ಕರ್ನಾಟಕ, UNIT G-9, 2ND FLOOR, BBMP KHATHA NO.80(OLD NO.73/2) EARTHEN LATTITUDE, NAGVARAPALYA, CV RAMA, N NAGAR, BANGALORE	1
3	S1-815421324	S3-606008715	false_negative	India	High Memorial Private Limited	Unit 02, 2Nd Floor, Bbmp Khatha No.80(Old No.73/2) Earthen Lattitude, Nagvarapalya, Cv Rama, N Nagar, Bangalore, Karnataka	High Memorial Private	KA, Unit 02, Bangalore	1
3	S1-186305668	S2-551817871	blocking_miss	US	Big Hair Studio	6125 Feder Road, Columbus, OH	studiohairbig.com	6125D FEDER RD, <NULL>, COLUMBUS, OH	0
3	S1-184187068	S2-252405575	blocking_miss	India	Premier Estate Private Limited	Bishop'S House, P. B. No. 8434, Iit, P. O. Powai, Mumbai, Mumbai City, Maharashtra	प्रीमियर एस्टेट प्राइवेट लिमिटेड	BISHOP'S HOUSE, BOMBAY, MUMBAI CITY, Maharashtra	0
3	S1-806474261	S3-13161414	blocking_miss	India	International College Private Limited	C- 148, Madhuban, East Delhi, Delhi	M/s Intlcollegeprivate.Com	C- 148, East Delhi, Ashoka Niketan, दिल्ली	0
3	S1-548787695	S3-128020650	blocking_miss	India	Kaverin Automobiles Private Limited	Flat No 301, Aurospride Apartment Road No 5, Ktr Colony Nizampet Village, Hyderabad, Rangareddy, Telangana	kaverinautomobiles.com	No 301, Hyderabad, Ghmc M Corp Og, TG	0
3	S1-336719340	S2-532158252	false_negative	US	East Atlanta LLC	4045 Jasper Loop, Prince William County, VA	Solcalo	4045B JASPER LOOP, PRINCE WILLIAM COUNTY, VA	1
3	S1-751213527	S2-683020692	false_negative	India	Pallavaram Cements Private Limited	Tower - B-2, Flat - 08A, No.328, Gst Road, Pallavaram, Chennai, Tamil Nadu	CPPRlVATE.COM	HN 524- TOWER - B-2, FLAT - 08A, NO.328, GST ROAD, PALLAVARAM, CHENNAI, Tamil Nadu	1
3	S1-505722082	S2-506490417	false_positive	US	Sabol Group	6201 Bedstone Drive, Greensboro, NC	Sabol Group	##6206 BEDSTONE DR, GREENSBORO, NC	1
3	S1-91990411	S3-575320337	false_negative	India	Gold Constructions Private Limited	A-43/202, Sankskruthi Town Ship Pocharam Village, Ghatkesar Mandal, Hyderabad, Telangana	Gold Constructions Limited Service		1
3	S1-719907736	S3-656195714	false_negative	US	Wileen Barrientos Asset, LLC	Waterloo, 829 Wendy Road, IA	Yumabrixpyra	829 Wendy Road, Waterloo, Iowa	1
3	S1-740494242	S2-434269829	blocking_miss	India	International Food Private Limited	No 207/111, Gandhi Salai Velachery, Corp Ward 179, Chennai, Tamil Nadu	இன்டர்நேஷனல் ஃபுட் பிரைவேட் லிமிடெட்	NO 207/111, CHENNAI, Tamil Nadu	0
3	S1-870616729	S3-19974528	false_positive	US	Division of Labor	2638 154th Avenue, Cartwright, ND	Division Labor of		1
3	S1-502124238	S3-213320222	false_negative	India	Unique Marketing Private Limited	1041, Huda-2, Panipat, Haryana	Shri Unique Private Marketing Limited | www.uniquepr.com	B3/1041, Huda-2, Panipat, HR	1
3	S1-664564013	S3-643667023	false_negative	US	Tersina's Grill Inc	4999 Berta Road, Memphis, TN	Arcdrexgild	Berta Rd, Memphis, Tennessee	0
3	S1-817403368	S3-158871273	false_negative	India	Tandon Commosale	17E/661, C.H.B., Jodhpur, Rajasthan	Tandon Commealle		1
3	S1-340558257	S2-194319344	false_negative	US	Onyx Sim	221 105th Street, Souris, ND	Onyx Sim		1
3	S1-747616830	S2-700320432	blocking_miss	India	Sunrise Engineering	C-179 1St Floor, Dayanand, Colony, Lajpat Nagar, New Delhi, South Delhi, Delhi	सनराइज इंजीनियरिंग	HN 932 C-179 1ST FLOOR, SOUTH DELHI, NEW DELHI, Delhi	0
3	S1-547029853	S3-14493399	false_negative	India	Supreme Investments Private Limited	6/B, Bentinck Street, 1St Floor, Room No. 33, Kolkata, Kolkata, Howrah, West Bengal	Supreme Investments Private (Limited)		1
3	S1-755600821	S3-251486819	blocking_miss	US	Behavioral Health Associates	5485 Farm To Market 1004, Kirbyville, TX	Behavioral Hci Associates		0
3	S1-226188750	S2-672698856	false_positive	India	Jai Care Private Limited	Gateopp. Raghunath Temple, Rajasthan, Bikaner, Aivant Daga Inside Goga	M/s GAGAN (I) PVT LTD	AIVANT DAGA INSIDE GOGA, GATEOPP. RAGHUNATH TEMPLE, BIKANER, Rajasthan	1
3	S1-226188750	S3-410049584	false_negative	India	Jai Care Private Limited	Gateopp. Raghunath Temple, Rajasthan, Bikaner, Aivant Daga Inside Goga	jaicare.com	RJ, #676 Aivant Daga Inside Goga, Gateopp. Raghunath Temple, Hanumangarh, Bikaner	0
3	S1-616183402	S3-305366978	false_negative	India	Belgaum Polytechnic	Akhari, Kurahuan, Varanasi, Uttar Pradesh	Sri Belgaum-Polytechnic		1
3	S1-241973622	S3-755125958	false_positive	US	Optimal Defense Union LLC	11 7th Street, Mcmechen, WV	Optimal Defense Union L.L.C.		1
3	S1-241973622	S2-61220223	false_negative	US	Optimal Defense Union LLC	11 7th Street, Mcmechen, WV	oudefense.com	11 1/2 SEVENTH STREET, MCMECHEN CITY, WV	1
3	S1-200325292	S3-148690631	blocking_miss	India	Mumbai Apparels	2005, C Wing, Atmosphere Realty Pvt Ltd, Wadhwa Ziva Tower, Mulund Goregaon Linkrd, Mumbai, Mumbai City, Maharashtra	mumbaiapparels.com	2005, Mumbai City, Mumbai, MH	0
3	S1-200325292	S3-524863720	blocking_miss	India	Mumbai Apparels	2005, C Wing, Atmosphere Realty Pvt Ltd, Wadhwa Ziva Tower, Mulund Goregaon Linkrd, Mumbai, Mumbai City, Maharashtra	Mumbai Appare1s	2005, Mumbai, Mumbai City, MH	0
3	S1-500386562	S2-811013013	false_negative	India	Lakshmi Guru Consultancy Private Limited	187, Rabindra Sarani, 2Nd Floor, Room. No.73 P.S. Burra Bazar.', Kolkata, Howrah, West Bengal	LAKSHMI GURU CONSULTANCY PRÍVATE LIMITED		1
3	S1-199739375	S2-239178645	false_negative	US	Rion LP	7400 Miller Road, Unit 2166, Buckeye, AZ	NEXEVODOVA	007400 MILLER RD, BUCKEYE, AZ	1
3	S1-199739375	S2-555554024	false_negative	US	Rion LP	7400 Miller Road, Unit 2166, Buckeye, AZ	Ariadrex	007400 MILLER RD, BUCKEYE, AZ	1
3	S1-199739375	S3-766961856	false_negative	US	Rion LP	7400 Miller Road, Unit 2166, Buckeye, AZ	Pyrakeloorbi	Buckeye, # 2166, 7400 Miller Road, Arizona	1
3	S1-636100738	S2-893290309	false_negative	US	Luis's Engineering	Baltimore, 222 Payson Street, MD	Luis's Services	PAYSON SAINT, BALTIMORE, MD	1
3	S1-712395848	S3-226798111	false_negative	India	Mahim Surgicals Private Limited	Khatau House, Plot No. 410, 411Mogul Lane, Mahim, Mumbai, Maharashtra	Mahim-Surgicals Private	Khatau House, Greater Mumbai, Mumbai, MH	1
3	S1-617855581	S2-800724703	false_positive	India	Great Food Private Limited	Gujarat, Ahmedabad, Satva Flat, Near Shantivan Bus Stop, Ppcc Ground, Paldi, Ahmedabad, D/704	Great Food Trading Private	PLOT 933 D/725, SATVA FLAT, NEAR SHANTIVAN BUS STOP, PPCC GROUND, PALDI, AHMEDABAD, Gujarat	1
3	S1-306580027	S2-307779038	false_negative	India	Amethyst Clinics Limited	Maharashtra, 3 North Avenue, Mumbai, Maker Maxity Bandra Kurla Complex, 34	AMETHYST CLINICS LTD		1
3	S1-834898355	S3-904706316	false_positive	India	Samrudhi Law Chambers Limited	Solus Business Park Bldg, 17Th Floor, 1709, Thane, Maharashtra	Smt >> Samrudhi Law Chambers [(LLP)]	MH, 17Th Floor, 1709, No 21 Solus Business Park Bldg, Thane	1
3	S1-526019014	S2-602110794	false_negative	US	Gilman's Delta Iron Works Inc	74 Feeley Street, Stratford, CT	Evodovaha1o	71 FEELEY ST, STARTFORD, CT	0
3	S1-960014610	S3-853474308	false_negative	India	Vijay Estate Private Limited	Mahalakshmi Complex, Building No.588 2Nd Floor, Gaddankeri, Bagalkot, Karnataka	ವಿಜಯ್ ಎಸ್ಟೇಟ್ ಪ್ರೈವೇಟ್ ಲಿಮಿಟೆಡ್	Mahalakshmi Complgx, Bagalkot, ಕರ್ನಾಟಕ	0
3	S1-84743609	S3-500757546	blocking_miss	US	Ridge Integrated Inc	7228 46th Avenue, Gig Harbor, WA	Ridgeintegrated.Com	46st Ave, Gig Hrbor, Washington	0
3	S1-599903119	S2-664545700	false_negative	US	Bell Jackson	4070 69, Mount Vernon, IN	Bell Jackson Inc		1
3	S1-654327385	S2-528936719	blocking_miss	India	Ram Engineering Pvt Ltd	No 1247/A, Ground Floor 23Rd Cross, 23Rd Main, Banashankari 2Nd Stage, Bangalore, Karnataka	ರಾಮ್ ಇಂಜಿನಿಯರಿಂಗ್ ಪ್ರೈವೇಟ್ ಲಿಮಿಟೆಡ್	Karnataka, BANGALORE, N/A, DOOR NO 12-47/A	0
3	S1-967491129	S3-609445299	blocking_miss	India	Galaxy Global Private Limited	Rajasthan, Near Sahitya Shiksha Niketan, Gurjar Ghati, Amer Road, Jaipur, Plot No. 29, Jaipur	गैलेक्सी ग्लोबल प्राइवेट लिमिटेड	##29, Jaipur, RJ	0
3	S1-290243949	S3-407178979	false_negative	India	Hotel Global Private Limited	Plot No 291 Kalinga Vihar, Sipasurabali, Baliapanda, Puri, Orissa	Hotel Global Private	Puri, No 00579 Kalinga Viar, Sipasurabali, Baliapanda, OD, Puri	1
3	S1-867699216	S3-908979341	false_positive	India	Vachan Finance Company	24 A Ground Floor Mandavi, 7 Mohammedali Building, Mumbai, Maharashtra	Vachan Finance		1
3	S1-821306181	S2-9924413	false_negative	India	Yg Cements Private Limited	Krishnamaity Barh P.O : Uttrrai Barh P.S : Dantan, Dantan, Midnapore, West Bengal	M/s Yg Cements	H.NO 528 KRISHNAMAITY BARH P.O : UTTRRAI BARH P.S : DANTAN, DANTAN, West Bengal	1
3	S1-9534111	S2-924412372	false_positive	India	Overseas Metals LLP	Mukkumthala Veedu, Vp Ix / 1162, Kulachikodu, Karode, Vilapilsala P.O, Thiruvananthapuram, Trivandrum, Kerala	OVERSEAS LLP INFORMATION	DOOR NO 32 MUKKUMTHALA VEEDU, VP IX / 1162, KULACHIKODU, KARODE, VILAPILSALA P.O, THIRUVANANTHAPURAM, Kerala	1
3	S1-9534111	S2-581524076	false_negative	India	Overseas Metals LLP	Mukkumthala Veedu, Vp Ix / 1162, Kulachikodu, Karode, Vilapilsala P.O, Thiruvananthapuram, Trivandrum, Kerala	Overseas LLP Metals		1
3	S1-9534111	S3-6904791	false_negative	India	Overseas Metals LLP	Mukkumthala Veedu, Vp Ix / 1162, Kulachikodu, Karode, Vilapilsala P.O, Thiruvananthapuram, Trivandrum, Kerala	Overseas LLP Service	Mukumthala Veedu, Thiruvananthapuram, KL	1
3	S1-67898697	S2-210335454	false_negative	US	Midwest Capital Australia LLC	1002 9th Avenue, Puyallup, WA, Unit #B101	Midwest Capital	1043 9th Avenue, PUYALLUP, WA	1
3	S1-121002663	S3-422005404	false_positive	India	Joyce (India) Infrastructure	C/O Mukundan, Palliyara, House Kaniyambetta, Vythiti, Wayanad, Kerala	Joyce (India) Infrastructure Pvt Ltd	No 90 C/o Mukundan, Wayanad, KL	1
3	S1-12755610	S3-354421243	false_negative	US	Downtown Deli Inc	4245 Kale Street, Unit C, Salem, OR	-- Arcnex	Oregon, 004245 Kale St, Salem	1
3	S1-306057984	S3-46146151	false_negative	US	Lucky Barbershop	2138 Rustling Fir Lane, Silverdale, WA	Lucky Barbershop Trading		1
3	S1-112284769	S3-281839022	false_negative	India	Cv Trading Public Limited	Office No.112, First Floor, Cattle Shed Shopping Center, Deesa, Banaskantha, Gujarat	Cv Trading Pulic Limited - 3274235925	#53 Office No.112, First Floor, Cattle Shed Shopping Center, Banaskantha, Deesa, GJ	1
3	S1-692891261	S3-834675433	false_negative	India	Custom Labs Pvt Ltd	Trivandrum, Thiruvananthapuram, First Floor, Kerala, Gulf Star Building Tc No 28/2484 (3), Near Chettikulangara, Temple	Sri Custom Pvt Labs-Ltd	First Floor, Thiruvananthapuram, Trivandrum, കേരളം	1
3	S1-692891261	S3-92202887	blocking_miss	India	Custom Labs Pvt Ltd	Trivandrum, Thiruvananthapuram, First Floor, Kerala, Gulf Star Building Tc No 28/2484 (3), Near Chettikulangara, Temple	Calocira	First Floor, Thiruvananthapuram, Trivandrum, KL	0
3	S1-157349225	S3-751126086	false_negative	India	Data Brothers Private Limited	Cts No.811, Kalyan Chambers Co.Op. Society, 3Rd Floor, Office No.221, Raviwar Peth, Pune, Maharashtra	Dr Data Brothers Private Limited		1
3	S1-36589270	S3-189315017	blocking_miss	India	Super Properties Private Limited	Flat C2, Chartered Ratna, Old No.51, New No.145, Richmond Road, Rathna Avenue, Bangalore North, Bangalore, Karnataka	ಸೂಪರ್ ಪ್ರಾಪರ್ಟೀಸ್ ಪ್ರೈವೇಟ್ ಲಿಮಿಟೆಡ್	Flta C2, Bangalore North, Bangalore, ಕರ್ನಾಟಕ	0
3	S1-523665967	S2-528681158	false_negative	US	Corner Diner	5503 Distribution Drive, Fort Wayne, IN	Corner Diner	DISTRIBUTION DRIVE, WASHINGTON, IN	1
3	S1-771854823	S3-434417362	blocking_miss	India	Real Tech Private Limited	H No. 1160, Flat No. 302, Bldg - A3, 3Rd Flr Shree Datta Nagari Complex Purna Village, Bhiwandi, Thane, Maharashtra	रियल टेक प्राइवेट लिमिटेड	H No. 1160, Thane, MH	0
3	S1-477908564	S2-158021428	false_negative	India	Unique Enterprises Limited	65 Cotton Street, 1St Floor P.S. Bura Bazar, Kolkata, Howrah, West Bengal	ইউনিক এন্টারপ্রাইজেস লিমিটেড	#65 COTTON STREET, KOLKATA, HOWRAH, West Bengal	1
3	S1-477908564	S2-529802609	false_negative	India	Unique Enterprises Limited	65 Cotton Street, 1St Floor P.S. Bura Bazar, Kolkata, Howrah, West Bengal	ইউনিক এন্টারপ্রাইজেস লিমিটেড	KOLKATA, HOWRAH, West Bengal, NO #65 COTTON STREET	1
3	S1-415521505	S3-885117821	false_negative	US	P 6 Strategic Corporate PC	4910 Dorset Avenue, Chevy Chase, MD	P 6 Strategic Corporate Enterprises		1
3	S1-715524104	S3-757681152	false_negative	US	Creative Investments	5005 Juniper Lane, Guilderland, NY	Creative Investments Corporation	500 Juniper Lane, Schenectady CITY, New York	1
3	S1-715524104	S3-970444630	false_negative	US	Creative Investments	5005 Juniper Lane, Guilderland, NY	Creative Center	500 Juniper Lane, New York, Schenectady CITY	1
3	S1-869016861	S3-5384405	false_negative	US	Northwind Corp	Seattle, 4741 2nd Avenue, WA	Quokorgild	Washington, 4741 2nd Ave, Seattle	1
3	S1-550579166	S2-292934059	false_negative	India	Shree Construction Private Limited	2Nd Floor 16/20, Padma Singh Road, Wea, New Delhi, Central Delhi, Delhi	श्री कंस्ट्रक्शन प्राइवेट लिमिटेड	2ND FLOOR 16/20, NEW DELHI, CENTRAL DELHI, Delhi	1
3	S1-111152327	S2-708425801	false_negative	US	4132 Mountain View Ave Partners, LLC	5 Fernald Terrace, Unit 2, Boston, MA	4132 MOUNTAIN VIEW AVE AVE PARTNERS,		1
3	S1-437631172	S3-446924795	false_negative	US	Human Rights Network	34711 Sunlight Drive, Yucaipa, CA	Human Rights Network Foundation	Yucaipa, Sunlight Dr, California	1
3	S1-772263035	S2-907488901	false_positive	India	Sai Investment Private Limited	# 201, Acacia, Forest Castle S.No. 81, Mundhwa, Pune, Maharashtra	शिव इन्वेस्टमेंट प्राइवेट लिमिटेड	MUMBAI, Maharashtra, D/201	1
3	S1-169087668	S2-305573816	false_positive	India	Krest & Co	Amp Vaisaakkhi Mall, Ag-112, Salt Lake City Room No-512, Kolkata, Kolkata, Howrah, West Bengal	Krest & Co Group	DOOR NO 59 AMP VAISAAKKHI MALL, AG-112, SALT LAKE CITY ROOM NO-512, KOLKATA, KOLKATA, পশ্চিমবঙ্গ	1
3	S1-84580662	S2-561908542	blocking_miss	India	Shiv Products Private Limited	H-108 2Nd Floor, Opp. Hotel Marina Connaught Place, New Delhi, Central Delhi, Delhi	शिव प्रोडक्ट्स प्राइवेट लिमिटेड	#979 H-108 2ND FLOOR, NEW DELHI, Delhi, CENTRAL DELHI	0
3	S1-660351749	S3-332523932	false_negative	US	Dayton Family Charities	OH, Dayton, 238 Oxford Avenue	Dayton Family Charities		1
3	S1-117294405	S3-164584058	false_negative	US	Webster Annaly LP	70 Simsbury Court, Pickerington, OH	Webster Annaly Inc - 8104379066		1
3	S1-158788140	S3-814756745	false_negative	US	Taylor Graphics, LLC	118 Copperhead Drive, Prichard, WV	Taylor Graphics,		1
3	S1-25046407	S2-55713222	false_negative	US	Edwards Solutions	651 64, Etowah, NC	WEXXYLO	651 1/2 64, ETOWAH, NC	1
3	S1-25046407	S3-588857400	false_negative	US	Edwards Solutions	651 64, Etowah, NC	edwards solutions		1
3	S1-389107745	S2-354464596	false_negative	India	Shrijee Traders Public Limited	Cohort Coworking, 2/91/20, Bp Raju Marg, Kondapur, Laxmi Cyber City, Whitefields, Kondapur, Hyderabad, Telangana, Serilingampally, K.V.Rangareddy, Telangana	Smt Shrijee Tiodaeos Public Limited	COHORT COWORKING, /91/20, BP RAJU MARG, KONDAPUR, LAXMI CYBER CITY, WHITEFIELDS, KONDAPUR, HYDERABAD, TELANANA, SERILINGAMPALLY, తెలంగాణ	1
3	S1-170291773	S3-513793792	false_negative	India	Subh Clusterprivate Private Limited	Chennai, Guna Complex, Annexe Ii Building, New No.443&445, Old No.304&305, Anna Salai, Teynampet, Iii Floor, Chennai, Tamil Nadu	Subh Clusterprivate Private Ltd		1
3	S1-170291773	S3-753888803	false_negative	India	Subh Clusterprivate Private Limited	Chennai, Guna Complex, Annexe Ii Building, New No.443&445, Old No.304&305, Anna Salai, Teynampet, Iii Floor, Chennai, Tamil Nadu	Subh Clusterprivate Private	#795 Iii Floor, Chennai, TN	1
3	S1-929818094	S3-406666982	false_negative	India	Apex Consulting Private Limited	Dl/168 Gandhi Nagar, Ward N O-12, Chikhali, Buldhana, Maharashtra	Apex Consulting प्राइवेट लिमिटेड		1
3	S1-929818094	S3-675532213	blocking_miss	India	Apex Consulting Private Limited	Dl/168 Gandhi Nagar, Ward N O-12, Chikhali, Buldhana, Maharashtra	एपेक्स कंसल्टिंग Private Limited	Dl/168. Gandhi Nagar, Roadbuldhana, NULL, MH	0
3	S1-147172892	S2-32001948	false_negative	US	Regional Smart Care	429 Pine Forest Court, Vale, NC	REGIONAL SMART		1
3	S1-766861065	S2-100213701	false_negative	US	Li Golden Futurecorp Inc.	AL, Huntsville, 712 Rivulet Drive	Li Golden Futurecorp	112 RIVULET DRIVE, HUNTSVILLE, AL	1
3	S1-781049577	S3-849152301	blocking_miss	India	Discovery Polytechnic	G - 4/17, T/Floor Malviya Nagar, Delhi, South Delhi, Delhi	discoverypolytechnic.com	G - 4/17, Delhi, South Delhi, DL	0
3	S1-259332718	S2-270059207	false_negative	US	Twisted Hair Studio	Marshall, 112 Bower Drive, IL	Twisted Hair	BOWER DRIVE, MARSHALL TOWNSHIP, IL	1
3	S1-718130048	S2-295210121	blocking_miss	US	Safe Adamas L.L.C.	115 Ninth Avenue, Ellensburg, WA	Safe Aadrs L.L.C.	115 9rd Avenue, ELENSBURG, WA	0
3	S1-718130048	S2-316278121	blocking_miss	US	Safe Adamas L.L.C.	115 Ninth Avenue, Ellensburg, WA	safeadamas.com	Ninth Ave, ELENSBURG, WA	0
3	S1-585629995	S3-164822195	blocking_miss	India	Hitech Industries Private Limited	Faridabad, B-70, Haryana, Faridabad, Sf Ae Ii, Faridabad	Hitech Industries Limited Services		0
3	S1-105943785	S3-331941011	false_positive	India	Punam Clinic	Gujarat, Rajkot, Nanadvatika Opp. Svapn Prakash Society Street Number 4, Rajkot	Punam Consulting	Block D-466- Nanadvatika Opp. Svapn Prakash Society Street Number 5, Rajkot, Jamnagar, ગુજરાત	1
3	S1-892034908	S2-638534911	false_negative	US	Memorial Royal Coalition Clinic	20801 109th Drive, Peoria, AZ	Memorial Royal-Coalition Clinic		1
3	S1-946325703	S2-688556651	blocking_miss	US	Coastal Worldwide, LLC	Knoxville, 1600 Jefferson Avenue, TN	Coastal LLC Services Trading		0
3	S1-159608956	S2-682891756	blocking_miss	India	Oneiric Solar Pvt Ltd	9-11 Floor, Nesco It Park, Building No. 3 Western Express Highway, Goregaon (East), Mumbai, Mumbai City, Maharashtra	Oneiric So1ar Pvt Limited		0
3	S1-159608956	S3-911612029	false_negative	India	Oneiric Solar Pvt Ltd	9-11 Floor, Nesco It Park, Building No. 3 Western Express Highway, Goregaon (East), Mumbai, Mumbai City, Maharashtra	Oneiric Pvt Ltd Services	MH, Mumbai City, Floor, Mumbai	0
3	S1-58931272	S2-883279637	false_negative	US	Santin Value Technologies LLC	204 Abbott Road, Pittstown, NY	Santin Value Technologies-LLC Technologies-LLC	205 Abbott Road, BUSKIRK, NY	1
3	S1-259940578	S3-55635763	false_negative	US	Phillips Thayer of Forest Hill	2337 Johnson Mill Road, Forest Hill, MD	Phillips Thayer of Forest Hdl		1
3	S1-829601250	S3-354576021	false_negative	US	Heartland Supply Inc	9300 Silver Mesa Street, Albuquerque, NM	heartland supply inc		1
3	S1-412401194	S2-505324517	false_negative	US	Bemis, Harris and Sorrells LLC	77 Lone Deer Lane, Sutton, WV	BEMIS, HARRIS AND SORRELLS	SUTTON, 138. LONE DEER LANE, WV	1
3	S1-412401194	S3-176510912	false_negative	US	Bemis, Harris and Sorrells LLC	77 Lone Deer Lane, Sutton, WV	8emis, Harris And Sorrells LLC	14 Lone Deer Lane, Sutton CIY, West Virginia	1
3	S1-205356656	S2-949380805	blocking_miss	India	Pioneer Global Pvt Ltd	B-23, 1St Floor Panchwati Colony, New Delhi, North West, Delhi	पायोनियर ग्लोबल प्रा. लि.	B-23, NEW DELHI, NORTH WEST, दिल्ली	0
3	S1-401312713	S3-21773838	false_negative	US	Smart Interstate Principal LLC	3893 Farm Road 2270, Seligman, MO	Smart Interstate	03889 Farm Road 2270, Seligman, Missouri	1
3	S1-561436139	S3-801701900	false_negative	US	Star Sterling Republic, Inc	11 Mitchell Avenue, Scituate, MA	star sterling republic, inc		1
3	S1-991810481	S2-595707013	false_negative	India	Amina & Brothers Limited	Gokul Park, F.No. D/41, Rh 91/2, G-Block, Midc, Shahunagar, Chinchwad, Pune, Maharashtra	LIMITED AMINA + BROHTESR	PLOT #949 GOKUL PARK, PUNE, MUMBAI, Maharashtra	0
3	S1-991810481	S3-61702611	false_negative	India	Amina & Brothers Limited	Gokul Park, F.No. D/41, Rh 91/2, G-Block, Midc, Shahunagar, Chinchwad, Pune, Maharashtra	Amina & 8rothers Limited	No. 596- Gokul Park, Pune, MH	1
3	S1-435063073	S2-270546862	blocking_miss	India	First Global Private Limited	Q25, Shop No, 5, Jungpura Extenstion, New Delhi, South Delhi, Delhi	फर्स्ट ग्लोबल प्राइवेट लिमिटेड	Q25, NEW DELHI, दिल्ली	0
3	S1-753892526	S3-899572370	false_negative	India	AOX Studio Private Limited	L I - 2035/8 G/F Sangam Vihar, Delhi, South Delhi, Delhi	AOX Studio		1
3	S1-328047827	S2-770931838	blocking_miss	India	New Good Trading Private Limited	H. No - 33A, Ganeshji, Jalaun, Uttar Pradesh	न्यू गुड ट्रेडिंग प्राइवेट लिमिटेड	H. NO - 3A, JALAUN, Uttar Pradesh	0
3	S1-753105114	S3-821647352	false_negative	US	Sterling Innovative Electric P.C.	1308 Ruth Bell Court, Bryant, AR	sterling innovative electric p.c.		1
3	S1-368698316	S2-361500342	false_positive	India	Kaverora Solutions Ltd	86 Sharma Nagar, Second Floor, Meerut, Uttar Pradesh	Kaveroraer Sólutions Ltd	NO 88- SHARMA NAGAR, SECOND FLOOR, MEERUT, Uttar Pradesh	1
3	S1-368698316	S2-825053643	false_negative	India	Kaverora Solutions Ltd	86 Sharma Nagar, Second Floor, Meerut, Uttar Pradesh	Kaverora Ltd So1utions		0
3	S1-363775226	S3-769279796	false_positive	US	Carpenter All Pattana, LLC	510 Lost Circle, Unit B, Bowling Green, KY	Martin All Pattana, LLC	Kentucky, 510 Lost Circle, Bowling Green, # B	1
3	S1-819910034	S2-261356930	false_negative	India	Raj Technology Limited	The Capital Building, 11Th Floor, Office No. 1106, Plot No C-70, Bandra Kurla Complex, Mum, Bai, Mumbai, Maharashtra	राज टेक्नोलॉजी लिमिटेड	BLOCK C-513 THE CAPITAL BUILDING, BAI, MUMBAI, Maharashtra	0
3	S1-952685058	S2-239300377	false_negative	US	Children's Association P.C.	794 Torrington Drive, Naperville, IL	Children's Ássociation P.C.		1
3	S1-183064544	S2-584125384	false_negative	India	New Delhi Guru Private Limited	Flat No -101, Yamuna Block Y-6, First Floor Sector-O, Pocket-6, Vasant Kunj, New Delhi, South Delhi, Delhi	New-Private 6uru Delhi Limited	FLAT NO -01, YAMUNA BLOCK Y-6, FIRST FLOOR SECTOR-O, POCKET-6, VASANT KUNJ, NEW DELHI, Delhi	1
3	S1-265406671	S2-472812699	false_negative	US	First Telecom Alliance LLC	2360 73rd Terrace, Ferndale, WA	First [Telecom]		1
3	S1-215440776	S3-252119912	blocking_miss	US	Foot & Ankle Care Associates LLC	919 Pine Street, Seattle, WA	F0ot & Ane Care Associates LLC	919 Pine St, Seattle, Washington	0
3	S1-215440776	S3-393974572	blocking_miss	US	Foot & Ankle Care Associates LLC	919 Pine Street, Seattle, WA	fóotanklecare.com	919 Pine Street, Seattle, Washington	0
3	S1-514333908	S2-337947299	false_negative	US	Elite Pharmaceuticals	357 Boylston Street, Lowell, MA	Elite Pharmaceuticals (ID: 57273)	35 BOYLSTON STREET, LOWELL, MA	1
3	S1-514333908	S2-374500914	false_negative	US	Elite Pharmaceuticals	357 Boylston Street, Lowell, MA	Elite Phármaceuticals Inc.	MA, LOWELL, 35 BOYLSTON STREET	1
3	S1-797792375	S2-547580534	blocking_miss	India	Life Estate Private Limited	G-32, Vinayak Tower, Central Spine, Vidyadhar Nagar, Jaipur, Rajasthan	लाइफ एस्टेट प्राइवेट लिमिटेड	राजस्थान, JAIPUR, G-032, JAIPUR	0
3	S1-797792375	S3-76762416	false_negative	India	Life Estate Private Limited	G-32, Vinayak Tower, Central Spine, Vidyadhar Nagar, Jaipur, Rajasthan	Life Etcgbe Private (Limited)	Jaipur, G-32, RJ	1
3	S1-127341643	S2-476813057	blocking_miss	India	Eastern Consultants LLP	No.118, 1St & 4Th Main, Muneshwara Block Mahalakshmipuram, Bangalore, Karnataka	ಈಸ್ಟರ್ನ್ ಕನ್ಸಲ್ಟೆಂಟ್ಸ್ ಎಲ್ಎಲ್‌ಪಿ	NO.118, BANGALORE, ಕರ್ನಾಟಕ	0
3	S1-127341643	S3-597293298	false_negative	India	Eastern Consultants LLP	No.118, 1St & 4Th Main, Muneshwara Block Mahalakshmipuram, Bangalore, Karnataka	Mr Eastern Cfnsuiatnst LLP	No.118, Bangalore, KA	1
3	S1-900296279	S2-456102084	false_positive	US	Delta Network Inc	21280 Smittys Street, Black Canyon City, AZ	Zetanex Network	21280 SMITTYS STRETE, BLACK CANYON CITY, AZ	1
3	S1-661127513	S2-361126976	false_negative	India	City Management Pvt Ltd	17/1/1A, Nilmoni Mitra Street, Ward No. - 17, P.O. - Beadon Street, Kolkata, Kolkata, Howrah, West Bengal	সিটি ম্যানেজমেন্ট Pvt Ltd	KOLKATA, HOWRAH, #17/1/1A, পশ্চিমবঙ্গ	0
3	S1-171001164	S3-483230249	false_negative	US	Wright and Dukes Asia LLC	1713 Elm Street, Unit Apt 32, Athens, AL	Halohaloquo	1713 Elm Street, Athens, Alabama	1
3	S1-895395799	S2-535310064	false_negative	US	Felita E. Hoff, L.C.S.W.	10101 Skyview Drive, Poland, IN	Felita E. Hoff, L.C.S.W. LLC	10101 1/2 SKYVIEW DRIVE, PLAND CITY, IN	1
3	S1-132376286	S3-807370616	false_negative	US	Womens Health Center LLC	7740 Bona Road, Mounds View, MN	Ariaveo	Minnesota, 07740 Bona Rd, Saint Paul	1
3	S1-906557231	S3-982718992	false_negative	India	Indian Shyam Enterprises Private Limited	Haryana, Faridabad, Sector 27C, T-05-0930 Rps Infinia	Iriflux	T-05-0930 Rps Infinia, Sector 27C, Faridabad, Haryana	1
3	S1-565472110	S3-580052880	blocking_miss	India	Sky Marketing Limited	8Th Floor, Building No.11, Solitare Corporate Park Guru Hargovindji Marg, Chakala, Andheri(, E), Mumbai, Maharashtra	स्काई मार्केटिंग लिमिटेड	Mumbai, E), महाराष्ट्र, H.no 8Th Floor	0
3	S1-642115129	S3-518642911	false_positive	US	Orthopedic Associates Inc.	315 Lancaster Avenue, West Springfield, MA	Orthopedic Associates Inc	33 Lancaster Avenue, West Springfield, Massachusetts	1
3	S1-642115129	S3-595479	blocking_miss	US	Orthopedic Associates Inc.	315 Lancaster Avenue, West Springfield, MA	Orthopedic Aolscoates Inc.		0
3	S1-642115129	S3-936159044	blocking_miss	US	Orthopedic Associates Inc.	315 Lancaster Avenue, West Springfield, MA	Orthopedic Asseocdiaens Inc.		0
3	S1-517258813	S3-374935993	false_negative	India	Liluah India Center	5, Netaji Subhas Road, Liluah, Howrah, West Bengal	Avisyn	5, Netaji Subhas Road, Liluah, Howrah, West Bengal	1
3	S1-612520394	S3-18830676	false_negative	US	Garrett, Jimenez and Vieira LLC	2715 88th Street, Unit APARTMENT 242, Tulsa, OK	Fayelyrazeph	2715 1/2 88th Saint, # Apartment 242, Tulsa, Oklahoma	1
3	S1-460427687	S2-521437090	false_negative	India	Modern Software Pvt Ltd	1256/2 19Th Main Road Anna Nagar West, Chennai, Tamil Nadu	மாடர்ன் சாஃப்ட்வேர் பிரைவேட் லிமிடெட்	DOOR NO 1256/2 19TH MAIN ROAD AFNA NAGAR WEST, CHENNAI, Tamil Nadu	1
3	S1-142130941	S2-112594679	false_negative	US	Lucille Bishop Complete Financial Mobile	AL, 2889 Sollie Road, Mobile, Unit 1308	LUCILLE BISHOP COMPLETE	2889 SOLLIE ROAD, MOBILE, AL	1
3	S1-142130941	S3-681131872	false_negative	US	Lucille Bishop Complete Financial Mobile	AL, 2889 Sollie Road, Mobile, Unit 1308	Lucille Bishop Complete | www.lucillebi.com		0
3	S1-554384162	S3-358311502	false_negative	India	Ravi Holdings	Vapura Vig, Bangalore, Karnataka, # 308, 309 & 310, Iii Floor, Brigade Metropolis, Doddanekkundi Ind. Area Ii Phase, Mahade	Ravi Ltd	# 30, 309 & 310, Iii Floor, Brigade Metropolis, Doddanekkundi Ind. Area Ii Phase, Mahade, Vapura Vig, N/A, KA	1
3	S1-190714516	S2-933700163	false_negative	US	F & I Aldel Associates	6640 Mcdowell Road, Unit UNIT 3006, Scottsdale, AZ	F & I ASSOCIATES ASSOCIATES CENTER	SCOTTSDALE, AZ, 8640 MCDOWELL RD	1
3	S1-248233615	S2-136705971	blocking_miss	US	Ranck, Girton and Arndt Clinic	13 London Bridge Court, Silver Spring, MD	RANCKGIRTONARNDT.COM	411 LONDON BRIDGE CT, SILVE SPRING CITY, MD	0
3	S1-248233615	S2-351387137	blocking_miss	US	Ranck, Girton and Arndt Clinic	13 London Bridge Court, Silver Spring, MD	ranckgirtonarndt.com	411 LONDON BRIDGE COURT, SILVE SPRING CITY, MD	0
3	S1-248233615	S2-805700393	false_negative	US	Ranck, Girton and Arndt Clinic	13 London Bridge Court, Silver Spring, MD	Ranck, Gtmrgn ánd Arndt Clinic	411 LONDON BRIDGE COURT, SILVE SPRING CITY, MD	1
3	S1-634197897	S3-113617617	false_negative	US	Summit Builders LLC	Sugar Land, TX, 12527 Mesquite Hollow Lane	Summit Builders LLC | www.summitbui.com	62527 Mesquite Hollow Lane, Suugar LAND, Texas	1
3	S1-936532731	S3-778688090	blocking_miss	US	Fresh Tattoo! LLC	4517 5 Avenue, Brooklyn, NY	Fresh Tatt0o! LLC	New York, 5 Ave, Brooklyn CITY	0
3	S1-776936146	S3-993664092	blocking_miss	US	Newman Rate LLC	TN, Lafayette, 619 52 By Pass, Fl 1	Newman Re LLC		0
3	S1-383729455	S3-720141468	singleton_false_merge	India	Agd Textiles Private Limited	H/Oambikesh Dashc/O-Bbdas, 599/6400/8217, Sameigadia, Bhubaneswar, Khordha, Orissa	Korcira	H/Oambikesh Dashc/O-Bbdas, 599/6400/8217, Sameigadia, Bhubaneswar, Khordha, Orissa	1
3	S1-859388049	S2-37931243	false_negative	US	The Dent Diner	535 Conger Street, Eugene, OR	The Dent Diner Ltd		1
3	S1-694382344	S3-997500028	false_negative	India	Jain Builders Private Limited	1985, Sector-7 Urban Estate, Karnal, Haryana	Ectosyncalox	Karnal, Haryana, 1985, Sector-7 Urban Estate	1
3	S1-720788682	S2-992220880	false_negative	India	Nagpur Systems Ltd	Nagpur, Pl No. 71, Maharashtra, Nagpur, Madhav Nagar, Near Pmg Hall	Nagpur Systems		1
3	S1-969487061	S2-770563782	blocking_miss	India	Silver Media Private Limited	South 24 Parganas, Bl- 2 F-4, West Bengal, South 24 Parganas, 176/1, Briji Rd, Garia, Kolkata	সিলভার মিডিয়া প্রাইভেট লিমিটেড	PLOT 353 BL- 2 F-4, SOUTH 24 PARGANAS, West Bengal	0
3	S1-969487061	S2-83679220	blocking_miss	India	Silver Media Private Limited	South 24 Parganas, Bl- 2 F-4, West Bengal, South 24 Parganas, 176/1, Briji Rd, Garia, Kolkata	silver media private private limited		0
3	S1-969487061	S3-85678141	blocking_miss	India	Silver Media Private Limited	South 24 Parganas, Bl- 2 F-4, West Bengal, South 24 Parganas, 176/1, Briji Rd, Garia, Kolkata	সিলভার মিডিয়া প্রাইভেট লিমিটেড	Bl- 2- F-4, South 24 Parganas, WB	0
3	S1-245084633	S3-976397477	false_negative	India	Hpg Group Limited	F No.405, Road No 10, Sai Akhil Habitat, Qutubullapur, Hyderabad, Telangana	Hpg Group	F No.b3/405, Hyderabad, Qutubullapur, TG	1
3	S1-357827632	S3-145954758	false_negative	US	Horizon Source LLC	390 86th Street, Chanhassen, MN	Horizon LLC Services	390 1/2 86nd Street, Chanhassen, Minnesota	1
3	S1-814648798	S2-562782336	blocking_miss	India	In Realty Pvt. Ltd.	Plot No.-10, N-8 Shree Co-Operative Hous. Soc. Cidco, Aurangabad, Maharashtra	>> In Realty	HN 472 PLOT NO.-10, AURANGABAD, Maharashtra	0
3	S1-814648798	S3-791120033	false_negative	India	In Realty Pvt. Ltd.	Plot No.-10, N-8 Shree Co-Operative Hous. Soc. Cidco, Aurangabad, Maharashtra	In Remahlty Pvt. Ltd.	Plot No.-8, N-8 Shree Co-operative Hous. Soc. Cidco, Aurangabad, महाराष्ट्र	1
3	S1-814648798	S3-825167909	blocking_miss	India	In Realty Pvt. Ltd.	Plot No.-10, N-8 Shree Co-Operative Hous. Soc. Cidco, Aurangabad, Maharashtra	In Resalhgy Pvt. Ltd.		0
3	S1-179193106	S2-992651777	false_negative	US	Tropeano Anchor Sprott Inc	7815 Royal Street, Unit A209, Park City (summit Co), UT	Tropeano Anchor Inc Center		1
3	S1-30514217	S3-812998460	false_negative	India	Rainmaker Brothers Private Limited	Kadavilakathu Veedu Karichara, Pallippuram P. O, Thiruvananthapuram, Trivandrum, Kerala	Veralum	Kadavilakathu Veedu Karichara, Pallippuram P. O, Thiruvananthapuram, Trivandrum, Kerala	1
3	S1-913112229	S2-176386050	false_negative	US	Denys Payne Irenic Associates	756 Thompson Boulevard, Unit 224, Ventura, CA	Fluxsynflux	756 THOMPSON BLVD, VENTURA, CA	1
3	S1-640146655	S2-100406540	false_positive	India	Vijay Foods Private Limited	G-159Sarita Vihar, New Delhi, South Delhi, Delhi	Vijay Foods Pvt Limited		1
3	S1-640146655	S2-253392026	blocking_miss	India	Vijay Foods Private Limited	G-159Sarita Vihar, New Delhi, South Delhi, Delhi	विजय फूड्स प्राइवेट लिमिटेड	Delhi, G-159SARITA VIHAR, SOUTH DELHI, DIVREPORTINGCIRCLE	0
3	S1-988968256	S2-781793393	false_negative	India	Golden Foundation Private Limited	No 364/2 Asha Township, 11Th Cross, Bangalore North, Bangalore, Karnataka	ಗೋಲ್ಡನ್ ಫೌಂಡೇಶನ್ ಪ್ರೈವೇಟ್ ಲಿಮಿಟೆಡ್	11TH CROSS, ASHA TOWNSHIP, BANGALORE NORTH, Karnataka	1
3	S1-44829203	S2-530314773	false_negative	India	Astral Services Private Limited	Delhi, Pratap Nagar, Street No- 10 Mayur Vihar, Phase 1, Delhi, 6, East Delhi	Astral Private Services Limited		1
3	S1-44829203	S3-808658655	false_negative	India	Astral Services Private Limited	Delhi, Pratap Nagar, Street No- 10 Mayur Vihar, Phase 1, Delhi, 6, East Delhi	Astral Services Private	6, Preet Vihar, दिल्ली, East Delhi	1
3	S1-113281529	S3-556095027	false_negative	India	Delhi Fertilizers Pvt. Ltd.	Rz-H 715B Second Floor Back Side Kh-62/10/3 Gali No 4 Raj Nagar Part 2, Delhi, New Delhi, Delhi	Quoevo	Rz-h 00715B Second Floor Back Side Kh-62/10/3 Gali No 4 Raj Nagar Part 2, Delhi, New Delhi, DL	1
3	S1-778211450	S2-399675767	false_negative	US	Bette-Ann Chapman Silver Debt Inc	1316 Brookmeadow Court, Arlington, TX	Bette-Ann Chapman Silver Inc Partners	ARLINGTON, 9316 BROOKMEADOW CT, TX	1
3	S1-220455589	S3-228725904	false_negative	US	2767 Ocean Boulevard Partners PC	36 Timothy Way, Williston, VT	2767 Ocean Boulevard Pártners PC		1
3	S1-918126066	S3-321131531	false_negative	India	EED Tie Private Limited	S/4, Floor - 2Nd, Plot-135/137, Sonawala Building, Shaikh Memon Street, Zaveri Bazar, Kalba, Devi, Mumbai, Mumbai City, Maharashtra	EED Prívate Limited Center	MH, Mumbai, Mumbai City, #823 S/4	1
3	S1-857828626	S2-118781212	false_negative	India	One Infrastructure Private Limited	62, Flat No. 703, 7Th Floor, Navaketan Complex, Hyderabad, Telangana	one infrastructure private limited Enterprises		1
3	S1-857828626	S3-456636334	blocking_miss	India	One Infrastructure Private Limited	62, Flat No. 703, 7Th Floor, Navaketan Complex, Hyderabad, Telangana	వన్ ఇన్‌ఫ్రాస్ట్రక్చర్ ప్రైవేట్ లిమిటెడ్	62, Hyderabad, TG	0
3	S1-599994399	S3-443509975	false_negative	US	Sterling Platinum Pet Care LLC	4444 Ocotillo Road, Unit 38, Glendale, AZ	Sterling Platinum Pet (Care)	##4444 Ocotillo Road, PMB 5076, Glendale, Arizona	1
3	S1-354629465	S2-154068346	blocking_miss	US	Heart Foundation	2670 Adobe Street, Chino Valley, AZ	heartfoundation.com	AZ, ADOBE STREET, CHINO VALLEY	0
3	S1-552668516	S2-233674649	blocking_miss	US	Womens Health Clinic LLC	1710 7th Street, Wahpeton, ND	Partners Womens Health LLC	7TH STREET, WAHPETN, ND	0
3	S1-120948484	S2-565420384	blocking_miss	India	Shivam Hospitality Limited	3, Gr Floor, Samruddhi Venture Park, Andheri (East), Marol Indl. Estate, Mumbai, Mumbai City, Maharashtra	शिवम हॉस्पिटैलिटी लिमिटेड	3, MUMBAI, MUMBAI CITY, Maharashtra	0
3	S1-120948484	S3-139425163	blocking_miss	India	Shivam Hospitality Limited	3, Gr Floor, Samruddhi Venture Park, Andheri (East), Marol Indl. Estate, Mumbai, Mumbai City, Maharashtra	Shivam Hospitality Límited	#93 3, Mumbai, Mumbai City, MH	0
3	S1-267865066	S3-922279424	false_negative	India	Shree Producer Private Limited	Block N Flat-1A11 Mayfair Road, Kolkata, Calcutta, West Bengal	শ্রী প্রডিউসার প্রাইভেট লিমিটেড	Block N Flat-001a11 Mayfair Road, Kolkata, Calcutta, WB	0
3	S1-719808731	S3-963860318	blocking_miss	US	Credit Wellness International LLC	226 Ellis Road, Upper Moreland Township, PA	Credit Wndss Internationa1 LLC	Ellis Road, Willow Grove, Pennsylvania	0
3	S1-482105003	S3-734473884	blocking_miss	India	Green Health (India) Limited	68/1, 6Th Main, 1St B Cross, Ags Layout Uttarahalli Hobli, Subramanyapura, Bangalore South, Bangalore, Karnataka	Green Health (gndiar) Limited	68/1, Bangalore South, Bangalore, KA	0
3	S1-985454080	S3-753113238	false_negative	India	Tirupati Fortune Media Limited	905, Avj Homes, Plot 90, Beta 2, Greaternoida, Gautam Buddha Nagar, Uttar Pradesh	Tirupati F0rtune Limited Partners	A-905, Greaternoida, UP	1
3	S1-381868362	S2-285980022	false_positive	US	Pediatric Dentistry Health of Peabody Co	1 Dustin Street, Unit 2, Peabody, MA	Pediatric Denntcstry Health of Peabody LLC	12 DUSTIN STREET, PEABODY, MA	1
3	S1-381868362	S2-406314363	blocking_miss	US	Pediatric Dentistry Health of Peabody Co	1 Dustin Street, Unit 2, Peabody, MA	pediatricdentistryhealth.com	1 DUSTIN ST, PEAOBDY, MA	0
3	S1-381868362	S3-870851704	blocking_miss	US	Pediatric Dentistry Health of Peabody Co	1 Dustin Street, Unit 2, Peabody, MA	pediatricdentistryhealth.com	1 Dustin St, # 2, Peabody, Massachusetts	0
3	S1-652769421	S2-387797026	blocking_miss	India	One Foods Limited	118/4, Ghaziabad, Uttar Pradesh, Ghaziabad, East Model Town G.T. Road	वन फूड्स लिमिटेड	118/4, GHAZIABAD, Uttar Pradesh	0
3	S1-652769421	S2-58684014	blocking_miss	India	One Foods Limited	118/4, Ghaziabad, Uttar Pradesh, Ghaziabad, East Model Town G.T. Road	वन फूड्स लिमिटेड	118/4, GHAZIABAD, Uttar Pradesh	0
3	S1-652769421	S3-344587897	blocking_miss	India	One Foods Limited	118/4, Ghaziabad, Uttar Pradesh, Ghaziabad, East Model Town G.T. Road	onefoods.com	118/4, East Model Town G.t. Road, Hardoi, UP	0
3	S1-652769421	S3-909778962	blocking_miss	India	One Foods Limited	118/4, Ghaziabad, Uttar Pradesh, Ghaziabad, East Model Town G.T. Road	वन फूड्स लिमिटेड	उत्तर प्रदेश, Dasna, 118/4, Ghaziabad	0
3	S1-847245761	S2-195088969	blocking_miss	India	Smart Supreme Properties Private Limited	#1, 2Nd Main Road, Sultanpalya, R T Nagar, P.O., Bangalore, P.O., Bangalore, Karnataka	ಸ್ಮಾರ್ಟ್ ಸುಪ್ರೀಮ್ ಪ್ರಾಪರ್ಟೀಸ್ ಪ್ರೈವೇಟ್ ಲಿಮಿಟೆಡ್	#1, P.O., BANGALORE, Karnataka	0
3	S1-847245761	S2-258502933	blocking_miss	India	Smart Supreme Properties Private Limited	#1, 2Nd Main Road, Sultanpalya, R T Nagar, P.O., Bangalore, P.O., Bangalore, Karnataka	ಸ್ಮಾರ್ಟ್ ಸುಪ್ರೀಮ್ ಪ್ರಾಪರ್ಟೀಸ್ ಪ್ರೈವೇಟ್ ಲಿಮಿಟೆಡ್	H.NO 1, P.O., BANGALORE, Karnataka	0
3	S1-64846572	S2-845091305	false_negative	India	Life Healthcare Private Limited	8-3-166/C/13, Third Floor Vikaspuri Colony, Erragadda, Hyderabad, Telangana	లైఫ్ హెల్త్‌కేర్ ప్రైవేట్ లిమిటెడ్	8-3-166/C/1, THIRD FLOOR VIKASPURI COLONY, ERRAGADDA, RANGA REDDY, HYDERABAD, Telangana	1
3	S1-612311568	S2-151418170	blocking_miss	India	One Investment Private Limited	Plot No. 283, New Auto Nagar Kanuru, Vijayawada, Krishna, Andhra Pradesh	వన్ ఇన్వెస్ట్‌మెంట్ ప్రైవేట్ లిమిటెడ్	PLOT NO. C-283, KRISHNA, Andhra Pradesh	0
3	S1-612311568	S3-278742107	blocking_miss	India	One Investment Private Limited	Plot No. 283, New Auto Nagar Kanuru, Vijayawada, Krishna, Andhra Pradesh	వన్ ఇన్వెస్ట్‌మెంట్ ప్రైవేట్ లిమిటెడ్	H.no 283, Vijayawada, AP	0
3	S1-284177239	S2-636406393	blocking_miss	US	Congregation Cathedral	5203 24th Street, Unit 207, Phoenix, AZ	Congregation Cmahedral	AZ, 24RD ST, NORTHEAST	0
3	S1-284177239	S2-976169476	blocking_miss	US	Congregation Cathedral	5203 24th Street, Unit 207, Phoenix, AZ	Congregation Cáthedral	AZ, NORTHEAST, 520 24RD STREET	0
3	S1-223069751	S2-121495582	false_negative	US	A Pioneer Metro Partners	7040 Bobby Street, Orangevale, CA	A PIONEER METRO (PARTNERS)		1
3	S1-223069751	S3-753883995	false_negative	US	A Pioneer Metro Partners	7040 Bobby Street, Orangevale, CA	A PIONEER METRO PARTNERS		1
3	S1-535572417	S2-449037790	false_negative	US	Seneca Rocks Family Society	1560 Roaring Creek Road, Seneca Rocks, WV	Novivio	1560 1/2 ROARING CREEK RD, SENECA ROCKS, WV	1
3	S1-287989113	S3-462781069	false_positive	India	BX Infrastructure Private Limited	Promoter House No:7, Kunjarwal, Delhi	Pune-Infrastructure Pvt Limited	Promoter F - 10/7, Vasant Vihar, New Delhi, दिल्ली	1
3	S1-287989113	S3-576516655	false_positive	India	BX Infrastructure Private Limited	Promoter House No:7, Kunjarwal, Delhi	Pune Infrastructure Pvt (Ltd)	Promoter F - 10/7, New Delhi, DL, Vasant Vihar	1
3	S1-287989113	S3-598398829	false_positive	India	BX Infrastructure Private Limited	Promoter House No:7, Kunjarwal, Delhi	Big Private Infrastructure Limited	Delhi, #585/7 Promoter, DL, Shahdra	1
3	S1-559082743	S3-911210528	false_negative	US	DH Express Muniyield LLC	47 Walnut Street, Carlisle Borough, PA	DH Express	Walnut St, Carlisle, Pennsylvania	1
3	S1-568373107	S3-908346802	false_negative	US	Urban Coffee	3769 Hugh Gill Road, Adams, TN	urban coffee Ventures		0
3	S1-765920814	S2-318276272	blocking_miss	India	Real Technologies Private Limited	Plot No. 78, I Street, Kumarancolony, Vadapalani Madras, Colony, Vadapalani, Madras, Chennai, Tamil Nadu	ரியல் டெக்னாலஜீஸ் பிரைவேட் லிமிடெட்	H.NO 0078, CHENNAI, Tamil Nadu	0
3	S1-765920814	S3-353424378	blocking_miss	India	Real Technologies Private Limited	Plot No. 78, I Street, Kumarancolony, Vadapalani Madras, Colony, Vadapalani, Madras, Chennai, Tamil Nadu	Real Technologies [Private]		0
3	S1-735284422	S3-350236961	blocking_miss	India	CS Televisions Ltd	#B-7-101, Sandeep Vihar, Kadugodi Post, Bangalore, Bangalore, Karnataka	cstelevisions.com	#B-7-101, Bengaluru, Bangalore, KA	0
3	S1-796764748	S2-38619309	false_negative	US	Lucas Santander	8157 Osceola Avenue, IL, Niles	Lucas [Sádtandr]		1
3	S1-946330209	S2-220204804	blocking_miss	India	Vintage (India) Hire Co	C/O Md Mostafa Goda, Po- Lakurdi, Burdwan, Bardhaman, West Bengal	Vintage (India) Hier Co		0
3	S1-421212235	S3-931916095	false_negative	India	Mumbai Diamond Private Limited	Office No.51, Aditya Ind. Estate 2Nd Floor, Mindspace, Chincholi Bunder Link Road, M, Alad(West), Mumbai, Mumbai City, Maharashtra	Miratavo+	Aditya Ind. Estate 2Nd Floor, Mindspace, Chincholi Bunder Link Road, M, Alad(West), Mumbai City, Mumbai, Maharashtra, Office No.51	1
3	S1-351870923	S3-358861449	false_negative	US	Brown Manufacturing	11665 Appaloosa Lane, Dewey, AZ	Brown Manufacturing		1
3	S1-24721468	S3-623681884	false_negative	US	Mix Bancorporation LLC	1739 11th Street, Manson, IA	Mix LLC Services	Manson, 721 11th St, Iowa	1
3	S1-404961450	S3-245866584	false_negative	US	Nedda G. Chapman, MD	588 Hamburg Road, Hamburg, IL	ncg.com	588 Hamburg Rd, PO Box 8315, Hamburg, Illinois	0
3	S1-23118501	S3-131234478	false_negative	US	Memorial United Federation	IN, Garrett, 517 Lee Street	Memorial United	Lee St, Garrett, Indiana	1
3	S1-118653864	S2-133345244	false_negative	US	Ross and Singer Acquisitions Inc.	221 Eastway Lane, Graham, NC	Ross and Singer Acquisitions		1
3	S1-118653864	S2-455715875	false_negative	US	Ross and Singer Acquisitions Inc.	221 Eastway Lane, Graham, NC	Ross and Singer Acquisitions		1
3	S1-907256267	S2-275518314	false_positive	US	Roxana Clark, D.O.	7431 2700, Cottonwood Heights, UT	Roxana Clark D.O.		1
3	S1-78016693	S3-125666426	false_negative	US	Hicks Electric	1607 Gladewater Drive, Allen, TX	Hicks Electric		1
3	S1-676881708	S2-371270627	blocking_miss	US	Empire Supreme Pampa LLC	209 East Street, Frankfort, IN	espampa.com	209 EAST ST, FRANKFORRT, IN	0
3	S1-976846997	S3-580714128	false_negative	US	Grace Lutheran Church	414 University Road, Unit 10, Spokane Valley, WA	Grace Lutheran Partners	41 University Rd, Spokane Valley, Washington	1
3	S1-974540809	S3-946587494	false_negative	US	East Churchill Corp	8324 Kimlewick Drive, Fort Worth, TX	East Churchill Corporation	8324 Kimlewock Dr, FT. Worth, Texas	1
3	S1-775112586	S3-441004303	false_negative	US	Creative Energy Worldwide	201 Spruce Street, Wenona, IL	energycreative.com	201 Spruce St, Wenona, Illinois	0
3	S1-899997125	S3-719887210	false_negative	India	Rangareddy Wealth Private Limited	Plot No 44, Flat No 202, Chandragiri Colony, Near Rta Grounds, Tirumalagiri, Rangareddy, Hyderabad, Telangana	Synarc	Plot No 44, Flat No 202, Chandragiri Colony, Near Rta Grounds, Tirumalagiri, Hyderabad, Rangareddy, Andhra Pradesh	1
3	S1-750526579	S2-201602883	false_negative	India	Aakarshan Welfare Society	Survey No. 288/1 Paiki 1, Plot No. 4, Hariom Industrial Estate, 8-A National Highway, Morbi, Rajkot, Gujarat	WSAAKARSHAN.COM	DOOR NO 288/1 PAIKI 1, RAJKOT, LALPAR MORBI, Gujarat	1
3	S1-109757211	S2-647655359	false_negative	US	Grace's Property Solutions	4838 250, Warsaw, IN	Grace's Property Solutions		1
3	S1-542417184	S2-594422382	false_positive	India	Aligarh Buildtech Private Limited	4, Shankar Vihar Kalyan Puram, Agra Road, Aligarh, Uttar Pradesh	Aligarh-Buildtech	4, NISHAT MANZIL, LAL DIGGI, ALIGARH, Uttar Pradesh	1
3	S1-449921711	S3-623809827	false_positive	US	Bowie, Kristel, DDS, PC	Saint Jo, 2105 2382, TX	Bowie, Kristel, PC DDS,		1
3	S1-234982609	S2-514142905	false_negative	US	Metropolitan Association	2703 Coit Road, Mckinney, TX	Fayearia	2703 COIT RD, MCKNINEY, TX	1
3	S1-962207892	S2-249913540	false_negative	India	Industries Shogun Sons Private Limited	Flat No-003, Plot No-16 Soudamini Enclave, Bjb Nagar, Bhubaneswar, Khordha, Orissa	Xylojax	FLTA NO-003, PLOT NO-16 SOUDAMINI ENCLAVE, BJB NAGAR, BHUBANESWAR, KHORDHA, Odisha	1
3	S1-962207892	S3-746861687	false_negative	India	Industries Shogun Sons Private Limited	Flat No-003, Plot No-16 Soudamini Enclave, Bjb Nagar, Bhubaneswar, Khordha, Orissa	Industries Sgohoun Sons Private Limited	H.no 765 Flat No-003, Khordha, Orissa, Bhubaneswar	1
3	S1-593231379	S2-190280723	blocking_miss	India	White Management Private Limited	Ground Floor, A-15A, Mayapuri Phase 2, Rewari Line Industrial Area, New Delhi, South West Delhi, Delhi	व्हाइट मैनेजमेंट प्राइवेट लिमिटेड	H.NO 848 GROUND FLOOR, NEW DELHI, Delhi	0
3	S1-593231379	S3-175005221	false_negative	India	White Management Private Limited	Ground Floor, A-15A, Mayapuri Phase 2, Rewari Line Industrial Area, New Delhi, South West Delhi, Delhi	Sri whitemanagement.com	New Delhi, South West Delhi, Ground Floor, A-15a, Mayapuri Phase 2, Rewari Line Industrial Area, DL	1
3	S1-593231379	S3-294648172	blocking_miss	India	White Management Private Limited	Ground Floor, A-15A, Mayapuri Phase 2, Rewari Line Industrial Area, New Delhi, South West Delhi, Delhi	whitemanagement.com	Ground Floor, New Delhi, South West Delhi, DL	0
3	S1-654532186	S2-794780178	false_negative	India	Chennai Mines Private Limited	5, 1St Cross Street, Sakthivel Nagar, Peravallur, Chennai, Tamil Nadu	Chennai Mines Private Limited		1
3	S1-654532186	S3-539249313	blocking_miss	India	Chennai Mines Private Limited	5, 1St Cross Street, Sakthivel Nagar, Peravallur, Chennai, Tamil Nadu	chennaimines.com	5, Chennai, TN	0
3	S1-222732620	S3-319949254	false_negative	US	Ashford North Cove Edp	5110 Old Linville Road, Ashford North Cove, NC	Ashford North Cove Edp Inc		1
3	S1-230720782	S2-213444899	false_negative	India	Om Supreme Marketing Pvt Ltd	House No. 1150-A Hbc, Sector-52, Gurugram, Gurgaon, Haryana	ओम सुप्रीम मार्केटिंग प्रा. लि.	BLOCK D-170 HOUSE NO. 1150-A HBC, SIRSA, GURGAON, हरियाणा	1
3	S1-230720782	S2-575978521	false_negative	India	Om Supreme Marketing Pvt Ltd	House No. 1150-A Hbc, Sector-52, Gurugram, Gurgaon, Haryana	ओम सुप्रीम मार्केटिंग प्रा. लि.	BLOCK D-170 HOUSE NO. 1150-A HBC, SIRSA, GURGAON, Haryana	1
3	S1-828975530	S3-441613552	false_negative	India	Vikram Nath Ltd	522, First Floor, Orchid Island, Sector 51, Gurgaon, Haryana	Vikram Ltd Service	Blokc E-591 522, Gurgaon, हरियाणा	1
3	S1-751247353	S2-759626813	false_negative	India	Consulting Pinnacle Impex Pvt Ltd	5/6, Ganesh Krupa Building, Near Gamdevi Maidan, Bhusar Ali, Kalva, Thane, Maharashtra	CONSULTING PINNACLE IMPEX PVT [LTD]		1
3	S1-636946963	S3-867829110	false_positive	India	Bombay Ventures Private Limited	7-1-27/5, Plot No.9, Eta House, Ameerpet, Hyderabad, Telangana	Bombay Ventures Hotel Prvrate Limited	7-1-27/16, Plot No.9, Eta House, N/A, TG	1
3	S1-636946963	S2-220372753	blocking_miss	India	Bombay Ventures Private Limited	7-1-27/5, Plot No.9, Eta House, Ameerpet, Hyderabad, Telangana	బాంబే వెంచర్స్ ప్రైవేట్ లిమిటెడ్	7-1-27/5, HYDERABAD, Telangana	0
3	S1-636946963	S2-843302127	false_negative	India	Bombay Ventures Private Limited	7-1-27/5, Plot No.9, Eta House, Ameerpet, Hyderabad, Telangana	Mr Bombay Ventures Limited Center	Telangana, #128 7-1-27/5, POLT NO.9, ETA HOUSE, AMEERPET	1
3	S1-607888950	S3-586209195	false_negative	US	Cancer Project Co	5746 Laurel Pine Lane, Bldg 20, Dublin, OH	Cancer Project Có		1
3	S1-844882600	S2-286271626	false_negative	US	Internal Medicine Patriot Physicians LLC	2885 Burgundy Place, Prince William County, VA	Internal Medicine Patriot	BURGUNDY PL, PRINCE WILLIAM COUNTY, VA	1
3	S1-106959770	S3-31029985	false_negative	India	Suman Developers Center	Ward No. 2, Subhash Mandi, Neem Ka Thana, Sikar, Rajasthan	sdcenter.com	Ward No. G-2, Neem Ka Thana, Sikar, RJ	1
3	S1-641682665	S3-781192965	false_negative	US	International Investment Networks	2101 York Lane, Fenton, MO	International Investment Nertaworks		1
3	S1-583950059	S3-369960264	false_negative	US	St. Cathedral	117 Pattern Lane, Pawlet, VT	St. Cahflt Cahflt	117 Pattern Lane, Vermont, Pawlt	1
3	S1-541287047	S3-498275577	blocking_miss	India	Supreme Infra Limited	4Th Floor, Narayankrupa Square Near Gandhigram Railway Crossing, Off As, Hram Road, Ahmedabad, Gujarat	Supreme lnfra Limited	Th Floor, Ahmedabad, GJ	0
3	S1-819111321	S3-299619182	false_negative	India	YN Holidays Private Limited	B No. 15/293-C, Pinarmunda, Kunnathunad, Ernakulam, Kerala	Rizazetaxylo	B No. 15/293-C, Kunnathunad, Ernakulam, KL	1
3	S1-233293820	S2-777232044	blocking_miss	India	Gold Pioneer Agro Limited	002, Samadhan, Opp.Kala Niketan, Chandavarkar Road Ext., Borivali (West), Mumbai, Maharashtra	गोल्ड पायोनियर एग्रो लिमिटेड	002, MUMBAI, BORIVALI (WEST), Maharashtra	0
3	S1-432837155	S2-454321513	singleton_false_merge	US	Novova Republic PLLC	7504 Landsworth Avenue, Henrico County, VA	NOVVOVA RECBLCI PLLC	7504 LANDSWORTH AVE, HENRICO COUNTY, VA	1
3	S1-194065922	S3-183302310	false_negative	India	Multiplus Electrodes Limited	No.783, M.T.H Road Padi, Chennai, Tamil Nadu	MULTIPLUS ELECTRODES LIMITED		1
3	S1-415091163	S2-193415204	false_negative	US	Big Pizza	9926 Winged Foot Dr, Louisville, KY	big pizza Enterprises		1
3	S1-812106283	S2-561645482	blocking_miss	India	Digital International Pvt Ltd	Ahmedabad, Gujarat, 407, Ahmadabad City, Nalanda Enclave, Opp. Sudama Resort, Pritamnagar, Ellisbridge	ડિજિટલ ઇન્ટરનેશનલ પ્રા. લિ.	407, AHMADABAD CITY, AHMEDABAD, Gujarat	0
3	S1-812106283	S3-970164093	blocking_miss	India	Digital International Pvt Ltd	Ahmedabad, Gujarat, 407, Ahmadabad City, Nalanda Enclave, Opp. Sudama Resort, Pritamnagar, Ellisbridge	ડિજિટલ ઇન્ટરનેશનલ પ્રા. લિ.	07, Ahmedabad, ગુજરાત	0
3	S1-812106283	S3-999091384	false_negative	India	Digital International Pvt Ltd	Ahmedabad, Gujarat, 407, Ahmadabad City, Nalanda Enclave, Opp. Sudama Resort, Pritamnagar, Ellisbridge	Digital International Pvt	07, Mumbai, Ahmedabad, GJ	0
3	S1-439017337	S3-140508343	false_negative	US	Tamez's Management	7706 Hidden Meadows Road, Shingletown, CA	Tamez's Center	Hidden Meadows Road, Shigletown, California	1
3	S1-1443434	S2-277217521	false_negative	US	Frick, Krebs & Wong LLC	2700 Lodge Avenue, Unit APT 295, Evansville, IN	Frick, Krebs Wong LLC 5ervices	LODGE AVENUE, EVANSVILLE, IN	1
3	S1-559171815	S2-742639256	false_negative	US	V+ Bancorporation LLC	310 Murdock Road, Govans, MD	V+ LLC Center	310 MURDOCK ROAD, N/A, BALTIMORE CDP, MD	1
3	S1-546608903	S2-50976538	blocking_miss	India	New Hospitality Private Limited	D968, Omex City Raebareli Road, Lucknow, Uttar Pradesh	न्यू हॉस्पिटैलिटी प्राइवेट लिमिटेड	HN 792 D968, LUCKNOW, उत्तर प्रदेश	0
3	S1-546608903	S3-115560293	blocking_miss	India	New Hospitality Private Limited	D968, Omex City Raebareli Road, Lucknow, Uttar Pradesh	New Private Limited Center	D968, Lucknow, Bakshi-ka-talab, UP	0
3	S1-664288683	S2-140230557	false_negative	India	Global Food Private Limited	10/1102, Sea Breeze Chs. Ltd. Plot No. 16, Sector-16, Nerul, Navi Mumbai, Maharashtra	Global Food Private Ltd	10/1102, SEA BREEZE CHS. LTD. PLOT NO. 16, SECTOR-16, NERUL, Maharashtra	1
3	S1-549245590	S3-9988679	blocking_miss	India	India Pearl Enviro Private Limited	A/403, Mumbai City, Maharashtra, Thane, Shalimar Building, R. J. Nagar Phoolpada Rd, Virar East	India Pear1 Enviro Limited Private	A/903, Mumbai City, Thane, MH	0
3	S1-839927330	S2-915279602	false_negative	US	Little Cafe LLC	419 Cumberland Avenue, Unit APT 51, Portland, ME	LITTLE CAFE		1
3	S1-129722171	S2-172775178	false_negative	US	1558 Ocean St Holdings	45 Stationview Court, Unit 201, Clayton, NC	1558 Ocean St LLC	45 STATIONVIEW CT, CLAYTON, NC	1
3	S1-631990204	S2-369771630	false_positive	US	Allied Energia	1030 Moulton Street, Decatur, AL	Allied Energia Ltd	103 MOULTON STREET, DECATUR, AL	1
3	S1-349563133	S2-120321198	false_positive	India	Harsha Industries Private Limited	2Nd Floor, B Wing, Softsol Building, Tower#1, Hitech City, Plot No:4, Telangana, Hyderabad, Madhapur	Bharat (india)	Telangana, PLOT NO:D/13, 2ND FLOOR, B WING, SOFTSOL BUILDING, TOWER#1, HITECH CITY, MADHAPUR	1
3	S1-447994797	S3-977222955	false_negative	India	GE Fisheries Limited	128, 9A2, 9Th Floor, Olympia Jayanthi Residence, Lb Road, Mylapore - Triplicane, Chennai, Tamil Nadu	GE Fisheries		1
3	S1-66464389	S3-972219490	false_negative	US	A & Y International Inc	270 78, Norris, IL	Fayeumbra	Norris CITY, Illinois, PO Box 3151, 270 78	0
3	S1-858802234	S2-605921598	false_negative	India	Alpa Mercantile (India) Limited	S.3, Gokul Apartments, No.4, Iv Cross Street Trustpuram, Kodambakkam, Chennai, Tamil Nadu	Service Alpa Mercantile Limited	S.##3, CHENNAI, தமிழ்நாடு	1
3	S1-555037644	S2-765442083	false_positive	India	Brindavan Purchase Ltd	O-203 Plot N. 507-509 Son, A Chambers, J S Marg, Mumbai, Maharashtra	Brindavan Purchase		1
3	S1-96991043	S3-312210958	false_negative	India	Anvi International School	Shop No. 13, Mumbai City, Mumbai, Maharashtra, Nidhivan Co-Op Housing Soc Ltd Plot No. 166, Upper Govind Nagar, Malad, (East)	Onyxkelo	Shop No. 13, Nidhivan Co-op Housing Soc Ltd Plot No. 166, Upper Govind Nagar, Malad, (East), Mumbai, Mumbai City, MH	1
3	S1-126050396	S2-406845315	false_positive	US	Diversified Environmental Consultants LLC	2016 Little Turtle Court, Hamilton, OH	Diversified LLC Consultants Metro Environmental	2016 Little Turtle Court, HAMILTON, OH	1
3	S1-693453548	S3-335980855	false_negative	India	Indo Consulting Private Limited	D-704, Ilife Apartments Outer Ring Road Deverabeesanahalli, Bangalore, Karnataka	Beloorbibelo	Bangalore, D-704, Ilife Apartments Outer Ring Road Deverabeesanahalli, Karnataka	1
3	S1-693453548	S3-548854350	blocking_miss	India	Indo Consulting Private Limited	D-704, Ilife Apartments Outer Ring Road Deverabeesanahalli, Bangalore, Karnataka	Indo Consulting Private | www.indoconsu.com	Belandur, No A-45 D-704, KA, Bangalore	0
3	S1-570534839	S3-162320083	false_positive	India	Top Manufacturers Pvt Ltd	H No-18, G.No-82/P Laxmi-Vihar, Deolai Road Satara, Aurangabad, Maharashtra	Top Manufacturers Ltd Pvt		1
3	S1-217744338	S2-633746164	blocking_miss	India	Tech Software Private Limited	D-1102, Royal Classic Chs, Next To D Mart, Link Road, Mulund (West), Mumbai, Mumbai City, Maharashtra	टेक सॉफ्टवेयर प्राइवेट लिमिटेड	D-1102, MUMBAI CITY, MUMBAI, Maharashtra	0
3	S1-445340683	S3-277007099	false_negative	India	Lyca & Co	Bikaner, Murlidhar Vyas Nagar, D-405, Bikaner, Rajasthan	Sri Lyca & Company		1
3	S1-12874490	S2-393705084	false_negative	India	Jai Ventures Private Limited	Chennai, Tamil Nadu, 9, Chennai, Fifth Cross Street United India Colony, Kodambakkam	Vantagejax	Tamil Nadu, FIFTH CROSS STREET UNITED INDIA COLONY, KODAMBAKKAM, 393 9, CHENNAI	1
3	S1-12874490	S3-425737483	blocking_miss	India	Jai Ventures Private Limited	Chennai, Tamil Nadu, 9, Chennai, Fifth Cross Street United India Colony, Kodambakkam	ஜெய் வென்ச்சர்ஸ் பிரைவேட் லிமிடெட்	9/2, Madras, Chennai, தமிழ்நாடு	0
3	S1-795403153	S3-214759093	false_negative	India	Sai Bharat Technology Private Limited	12-A-4, Hindustan Times Apartments, Mayur Vihar, Phase-I, Delhi, East Delhi, Delhi	Sai Bharat Private Limited Services		0
3	S1-966152746	S2-198128229	false_negative	US	Hernandez & Gonzales Inc	113 Barbara Lynn Drive, Owingsville, KY	Hernandez & Gonzales		1
3	S1-17241572	S2-988154850	false_positive	US	Vao Inc.	MD, 16206 Alson Way, Bowie	Vao Inc	BOWIE, MD, <NULL>, 1621 ALSON WAY	1
3	S1-959133863	S3-938926138	false_negative	US	Star Learning Brands LLC	7007 Maryland Avenue, MO, Fl 0, Saint Louis	Star Learning LLC Center		1
3	S1-315426834	S3-516119829	false_negative	US	Signature Lifesciences Inc	4605 Woodenshoe Lane, Bldg BUILDING, Peoa, UT	Signature Signature Lifesciences		1
3	S1-542365141	S3-962884205	blocking_miss	India	Techno Services Pvt. Ltd.	Shop No.2, 372-Rk Tower, Bhel Sangam Colony, Madhya Pradesh, Bhopal, Huzur	Techno Pvt. Ltd. Center		0
3	S1-452885062	S2-504496704	false_negative	India	Services Ratna Fabricators Private Limited	0.P. Jindal Marg, Hisar, Haryana	Services Ratna Fabricators Limited Partners	3-0.P. JICDAL MARG, HISAR, Haryana	1
3	S1-592281787	S3-917597109	false_negative	US	Birch Produce Inc	625 Bamberg Lane, Fl 1, Olympia, WA	Birch Inc Center Enterprises		0
3	S1-163398980	S3-431953196	false_negative	US	Veum Resources L.L.C.	4290 Radio Drive, Unit Apartment 257, Woodbury, MN	Veum Resources	04284 Radio Dr, Unit Apartment 257, Woodbury, Minnesota	1
3	S1-730528409	S2-139240153	blocking_miss	US	Physical Therapy Precision Medicine LLC	1611 Kenwood Court, Decatur, IL	physicaltherapyprecision.com	1611 KENWOOD CT, DECATUR, IL	0
3	S1-730528409	S3-333529505	false_negative	US	Physical Therapy Precision Medicine LLC	1611 Kenwood Court, Decatur, IL	Physical Therapy Precision Medicine LLC		1
3	S1-484411296	S2-741085973	false_negative	US	Alphabet Inc	1950 43rd Avenue, Unit 1060, Phoenix, AZ	Airhatb Inc	195 43rd Ave, PHOENIX, AZ	0
3	S1-484411296	S3-866830901	false_negative	US	Alphabet Inc	1950 43rd Avenue, Unit 1060, Phoenix, AZ	Inc Apdacmabt	# 1060, Maryvale, 1950 1/2 43th Ave, Arizona	1
3	S1-480807804	S3-803279390	false_positive	US	Clyola Machine Works	8505 Lakeview Drive, Omaha, NE	Clyoade Machine Works LP	8505 Lakeview Drive, Omaha, Nebraska	1
3	S1-193156771	S3-729013279	false_negative	US	Continental Centurion LLC	10233 Oshkosh Drive, Newburgh, IN	Continental (Centurion)		1
3	S1-831343428	S2-752166839	false_negative	US	North Beacon Futurecrest	1041 Duchess Court, Winston-salem, NC	Onyxfaye	WINSTON-SALEM, NC, 1041 DUCHESS COURT	1
3	S1-831343428	S3-995701656	blocking_miss	US	North Beacon Futurecrest	1041 Duchess Court, Winston-salem, NC	North Beacon		0
3	S1-208239888	S2-736757918	false_negative	India	Javelin Buildwell LLP	New No.93, Old No.88, Othavadai Praminar Street, Dusi, Tiruvannamalai, Tamil Nadu	Javelin Buildwell #93675	NEW NO.33 , OLD NO.88, OTHAVGDAI PRAMINAR STREET, DUSI, Tamil Nadu	1
4	S1-407596482	S3-151034481	false_negative	India	Blue Care	C 401, 4Th Floor, Tower C Scc Sapphire Raj Nagar Extension, Ghaziabad, Uttar Pradesh	Blue केयर	815/8 C 401, 4Th Floor, Tower C Scc Sapphire Raj Nagar Extension, Ghaziabad, उत्तर प्रदेश	1
4	S1-674720122	S3-708371012	false_negative	India	Secunderabad Imports Limited	Flat No.503, P 195, Kranthi Anjani Towers, Maruthi Nagar, A S Rao Nagar, Secunderabad, Hyderabad, Telangana	Limited Secunderabad Igmports	303, P 195, Kranthi Anjani Towers, Maruthi Nagar, A S Rao Nagar, Secunderabad, Hyderabad, TG	1
4	S1-674720122	S3-777793203	false_negative	India	Secunderabad Imports Limited	Flat No.503, P 195, Kranthi Anjani Towers, Maruthi Nagar, A S Rao Nagar, Secunderabad, Hyderabad, Telangana	Secunderabad Limited Service	Door No 303, Secunderabad, Hyderabad, తెలంగాణ	0
4	S1-258341724	S3-740031226	false_negative	US	Bulinix Pioneer Shreya LLC	609 Stuart Street, Adair, IA	Veobelo	609 Stuart St, ADIR CITY, Iowa	1
4	S1-34092138	S2-448844881	false_negative	US	Peragine Secure Universal	36 Leslie Mill Road, Cowen, WV	Peragine Secure	COWEN, LESLIE MILL RD, WV	1
4	S1-225651361	S2-355672480	false_negative	US	Smart Tokyo LLC	6 Winn Park, Unit B, Woburn, MA	Irivioumbra	6 WINN PARK, WOBURN, MA	1
4	S1-225651361	S3-209608134	false_negative	US	Smart Tokyo LLC	6 Winn Park, Unit B, Woburn, MA	Smart LLC (Center)	Winn Park, Unit B, Wobuurn, Massachusetts	1
4	S1-225651361	S3-620420575	blocking_miss	US	Smart Tokyo LLC	6 Winn Park, Unit B, Woburn, MA	Smart T0kyo LLC	6 Winn Park, Unit B, Wobuurn, Massachusetts	0
4	S1-359460485	S2-650997764	false_positive	US	Fenova	582 Patton School Road, South Pittsburg, TN	Fenova West	58 PATTON SCHOOL RD, SOUTH PITTSBURG, TN	1
4	S1-169348007	S3-841683150	false_negative	US	Clean Choice, LLC	164 Mohave Street, Phoenix, AZ	Partners Clean LLC	Arizona, 164 Mohave St, Rio Salado	1
4	S1-82305731	S3-68319610	false_positive	US	Leonanie's Lending LLC	6070 Byrnes Hill Road, Friendship, NY	Leonanie's Lending LLC		1
4	S1-8431796	S2-339832192	false_negative	India	Classic Systems	502 Giriraj Chsl, Plot No 41 Sector 29 Vashi, Thane, Maharashtra	क्लासिक सिस्टम्स	602 GIRIRAJ CHSL, THANE, Maharashtra	0
4	S1-8431796	S3-580966975	false_negative	India	Classic Systems	502 Giriraj Chsl, Plot No 41 Sector 29 Vashi, Thane, Maharashtra	Classic Systems Limited	H.no 502 Giriraj Chsl, Thane, MH	1
4	S1-8431796	S3-855026808	false_negative	India	Classic Systems	502 Giriraj Chsl, Plot No 41 Sector 29 Vashi, Thane, Maharashtra	Classic Systems Limited		1
4	S1-998759417	S3-643846402	false_negative	US	Higgins's Bistro Inc	36830 Historic Columbia River Highway, Corbett, OR	Higgins's Bistro		1
4	S1-199931756	S2-810479206	false_positive	US	Platinum Chiron P.C.	6856 Ridge Lane Road, Charlotte, NC	Platinum Onfolo, LLC	NC, CHARLOTTE, 06856 RIDGE LANE RD	1
4	S1-199931756	S2-960184566	false_positive	US	Platinum Chiron P.C.	6856 Ridge Lane Road, Charlotte, NC	Platinum Onfolio,	RIDGE LANE RD, CHARLOTTE, NC	1
4	S1-411559894	S3-402172522	blocking_miss	US	North Industries LLC	208 Sunrise Drive, Pullman, WA	North Indstres LLC		0
4	S1-654451328	S2-796857622	false_negative	US	Benedikta Mueller Piedmont Pbc Inc.	UT, 6574 Cordoba Lane, Murray	Benedikta Mueller Pbc Inc. Partners		1
4	S1-117796167	S2-549942612	false_negative	US	Ducey Creative Two LLC	PA, 2919 Kanes Road, Abington Township	Ducey Two LLC Center		1
4	S1-933849985	S3-370448629	false_negative	US	Orthopedic Apex Clinic LLC	3709 Fawcett Avenue, Tacoma, WA	Orthopedic Ápex	Washington, Fawcett Ave, Tacoa	0
4	S1-996436478	S2-401793151	false_negative	India	Surya International Private Limited	101, I Floor, Bavavia Chambers, Kkumara Krupa East, Bangalore, Karnataka	Surya Limited Private International Enterprises		1
4	S1-996436478	S3-405242131	false_negative	India	Surya International Private Limited	101, I Floor, Bavavia Chambers, Kkumara Krupa East, Bangalore, Karnataka	suryainternational.com	ಕರ್ನಾಟಕ, 101, Bangalore	1
4	S1-384274802	S2-48984743	blocking_miss	India	Pratap & Brothers Limited	1St Floor Shree Ram Janki, Market Near State Bank, S, Kunda, Pratapgarh, Uttar Pradesh	M/s Pratap & Bcthters Limited		0
4	S1-384274802	S3-21798198	false_negative	India	Pratap & Brothers Limited	1St Floor Shree Ram Janki, Market Near State Bank, S, Kunda, Pratapgarh, Uttar Pradesh	Dr Pratap Brothers Limited Services	Floor Shree Ram Janki, Market Near State Bank, S, Kunda, UP	1
4	S1-165882016	S3-792814577	false_negative	US	Rodd, Mchugh and Nifong Alternative	Kitty Hawk, NC, 4133 Croatan Highway	Rodd, Mchugh and		0
4	S1-15933092	S3-569356148	false_negative	India	Shree Medical Pvt Ltd	914-B, 9Th Floor. Park Centra Sector-30, Gurugram, Gurgaon, Haryana	Shree Medical Pvt	14-B, Gurugram, Gurgaon, HR	1
4	S1-15933092	S3-688107511	false_negative	India	Shree Medical Pvt Ltd	914-B, 9Th Floor. Park Centra Sector-30, Gurugram, Gurgaon, Haryana	Shree Medical Pvt Ltd.	Gurgaon, Gurugram, HR, 14-B	1
4	S1-947167105	S3-239161484	false_negative	US	Trusted Precision Data	WV, Clear Fork, 1080 Little Creek Road	Trusted Precision Daacs	West Virginia, 080 Little Creek Rd, Clear Fork	1
4	S1-745743470	S3-775105312	false_positive	India	Raurkela Industrial Township ( Agencies Private Limited	Office No-316-323, 3Rd Floor, Forum Galleria, Civil Township, Rourkela, Raurkela Industrial Township (, Sundargarh, Orissa	raurkelaindustrialtownship.com	No.-1, Raurkela Industrial Township (, Orissa	1
4	S1-981181990	S3-209409190	false_negative	US	Whitehead, Stephanie G., Ph.D.	8909 Pendleton Pike, IN, Unit SUITE 105, Indianapolis	Whitehead, Stephanie G.,	890 Pendleton Pike, Unit Suite 105, Indianapolis, Indiana	1
4	S1-981181990	S3-975676301	false_negative	US	Whitehead, Stephanie G., Ph.D.	8909 Pendleton Pike, IN, Unit SUITE 105, Indianapolis	Whitehead, Stephanie G., Ph.D. Inc.	890 Pendleton Pike, Unit Suite 105, Indianapolis, Indiana	1
4	S1-478099061	S3-491363394	false_negative	US	Tracy's Roofing	1750 49th Street, Unit Apartment 110, Fargo, ND	Tracy's Roofing		1
4	S1-31634705	S3-409476313	false_positive	India	Jain Power Pvt Ltd	Opp. Pramukh, Nagar, Randheja, Gandhi Nagar, Span Ananta, Gandhinagar, Gujarat	Jain Power Private Ltd	Plot No. 52 Sector-8, Gandhinagar, Gandhi Nagar, ગુજરાત	1
4	S1-943049501	S3-990766202	false_negative	US	Legacy Piedmont Electronics PLLC	WA, Spokane, 3013 Everett Avenue	Arialumevo	3013 Everett Ave, Spkoane, Washington	0
4	S1-823933990	S2-700773313	false_negative	US	Robinson Highland Inflection	MA, Medford, 140 Mystic Avenue	ROBINSON HIGHLAND INFLECTION INC		1
4	S1-35536636	S2-453848865	false_negative	India	Span & Sons Private Limited	H.No.1-10-216/A/15, Brahman Wadi, Secunderabad, Hyderabad, Telangana	Span and Sons		1
4	S1-861402650	S2-778282954	false_negative	US	Fresh Allied Calamos	2838 Osage Avenue, Unit APT 202, Wichita, KS	Fresh Calamos Services		1
4	S1-927334707	S2-131299143	false_negative	US	AD Pacific Mobility	1519 Chicago Street, Unit C4, IL, Joliet	AD Pacific Mobility Ltd	151 CHICAGO ST, JOLIET, IL	1
4	S1-590629087	S2-668725594	blocking_miss	India	Super Trading Private Limited	B-92, Avas Vikas Colony, Rajajipuram, Talkatora Road, Lucknow, Uttar Pradesh	सुपर ट्रेडिंग प्राइवेट लिमिटेड	B-##92, LUCKNOW, Uttar Pradesh	0
4	S1-893854099	S2-333777407	blocking_miss	India	Digital Logistics Private Limited	Kozhikode, 33/3609, Malaparamba, Kerala, L 4/12 Housing Colony, Kozhikode	ഡിജിറ്റൽ ലോജിസ്റ്റിക്സ് പ്രൈവറ്റ് ലിമിറ്റഡ്	PLOT 661. L 4/12 HOUSING COLONY, KOZHIKODE, Kerala	0
4	S1-522429013	S2-717463968	false_negative	US	Taia Management Inc.	2043 Charle Street, Unit B4, Costa Mesa, CA	TAIAMANAGEMENT.COM	2043C CHARLE STREET, COSTA MESA, CA	1
4	S1-888881011	S2-892325323	false_positive	US	Kirstyn Diaz Newhold LLC	2139 61 Street, Brooklyn, NY	Kirstyn Diaz Newhold Llc		1
4	S1-494153872	S3-757650614	blocking_miss	US	Lower Preferred Wealth Co	902 Digby Road, Mount Vernon, WA	lowerpreferredwealth.com	902 Digyb Rd, MT. Ernon, Washington	0
4	S1-129709231	S3-142777923	false_negative	US	Pediatric Dentistry Optimal Physicians LLC	5527 Thackeray Drive, Fayetteville, NC	Pediatric Dentistry Optimal Physicians Llc		1
4	S1-622037986	S3-506036682	false_negative	US	Orthopedic Physicians of Percy Care	910 Pine Street, Percy, IL	Orthopedic Physicians óf Percy Percy	Illinois, 910-912 Pine Street, Percy	1
4	S1-24195381	S2-241319109	false_positive	India	Hari Marketing LLP	808, Pearl Best Heights-I, Nsp, Pitampura, Delhi, North West Delhi, Delhi	Hari Marketing Public Limited	808, PEARL BEST HEIGHTS-I, NSP, PITAMNURA, DELHI, Delhi	1
4	S1-24195381	S3-230301627	false_negative	India	Hari Marketing LLP	808, Pearl Best Heights-I, Nsp, Pitampura, Delhi, North West Delhi, Delhi	Dr Hari LLP Center	80, Pearl Best Heights-i, Nsp, Pitampura, Delhi, North West Delhi, DL	1
4	S1-801799661	S3-673427176	false_negative	US	Philis Cloninger Thunder LLC	252 Pocahontas Avenue, Spring City, TN	Philis Cloninger LLC Services	Pocahontas Avenue, Sprnig City, Tennessee	1
4	S1-621591669	S3-838752868	blocking_miss	India	GK Garments Private Limited	715, 10Th 'A' Main, 4Th Block, Jayanagar, Bangalore, Karnataka	6K Gbraldents Private Limited	715, Bengaluru Hq Region, Jayanagar, KA	0
4	S1-993117298	S3-423697770	blocking_miss	US	Cox Animal Hospital	50 Highland Avenue, Unit Apartment 48, NY, Woodridge	Cox Anima1	50 Highlnd Ave, PMB 1891, Woodridge, New York	0
4	S1-993117298	S3-736573616	false_negative	US	Cox Animal Hospital	50 Highland Avenue, Unit Apartment 48, NY, Woodridge	Cox Animal-Hospital		1
4	S1-492683359	S3-186739179	blocking_miss	US	Cure Tavern	280 Birchrock Way, Unit Unit C1, Village Of Mukwonago, WI	Cure Taesrn		0
4	S1-354193862	S3-780843686	false_negative	US	Maus Metro Commodities Inc	MA, Falmouth, 29 Wood Haven Lane	Maus Metro	Wood Haven Lane, E.F Almouth, Massachusetts	1
4	S1-269129624	S3-211939668	blocking_miss	India	Jay Engineering Private Limited	Delhi, D-170 Sector 8 Dwarka, West Delhi, New Delhi	जय इंजीनियरिंग प्राइवेट लिमिटेड	No 328 D-170 Sector 8 Dwarka, New Delhi, West Delhi, DL	0
4	S1-866216591	S3-53792133	false_negative	India	Premier Foundation Private Limited	Sno-232/1 2 Faith Centre, Off-305 Sakore Nagar, Pune, Maharashtra	Premier Foundation Private Limited		0
4	S1-771539737	S3-272886338	false_positive	US	Merchants	5812 Eagle Circle, Unit APT H, Montgomery, AL	MERCHANT5 NORTH	5813 Eagle Circle, Montgomery, Alabama	1
4	S1-771539737	S2-538756139	false_negative	US	Merchants	5812 Eagle Circle, Unit APT H, Montgomery, AL	Mérchants		1
4	S1-104198490	S2-836141897	blocking_miss	India	Metal Holdings	C/O Smt Pushpa Devi, H No. 74 Nala No. 2, Joura, Morena, Madhya Pradesh	metal h0ldings		0
4	S1-176094403	S3-152451001	false_negative	India	United Vision Infrastructure Private Limited	6, 1St Floor, Gurjar Ki Thari, Shanti Nagar-C, Durgapura, Jaipur, Rajasthan	United Vision Private Limited Partners	Jaipur, RJ, 6	1
4	S1-810315712	S3-848758549	blocking_miss	US	Mcqueen Cardiology	Elk Grove Village, 1403 Howard Street, IL	@mcqueencardiology	1413 Howard Street, Elk Grov Village, Illinois	0
4	S1-307722571	S2-762571684	false_positive	India	Scientific International School Private Limited	R. No. Bhaskar Bhuvan, Maharashtra Nagar, Mumbai, Maharashtra	Scientific International School Overseas Private	NO A-77 R. NO. BHASKAR BHUVAN, MAHARASHTRA NAGAR, MUMBAI, Maharashtra	1
4	S1-959022752	S3-288143151	false_negative	US	RZ Solar Inc	5 Alabama Avenue, Brooklyn, NY	*** rzsolar.com	5 1/2 Alabama Ave, Brooklyn, New York	0
4	S1-96576527	S2-546660797	false_negative	India	Saarathi Developers Private Limited	H.No.21-52 Tadikonda, Guntur, Andhra Pradesh, Guntur	SDPRIVATE.COM	DOOR NO 21-52 TADIKONDA, GUNTUR, Andhra Pradesh	1
4	S1-368463866	S3-77389881	false_negative	US	Vineus Family Office Inc	235 Sparrow Lane, Bolingbrook, IL	Vineus Family Office Inc		1
4	S1-41878526	S2-418882935	false_negative	India	Sun Healthcare Pvt Ltd	555/20, Huda Colony, Kaithal, Haryana	सन हेल्थकेयर प्रा. लि.	555/2, HARYANA, KAITHAL	0
4	S1-716863541	S3-50449937	false_negative	India	Mahakal Service Pvt Ltd	C/O Geeta Devi, Hospital, Rd, Infront Of Kali Mandir, Darbhanga, Bihar	Ltd Mahakal Pvt Partners	Plot 637/9 C/o Geeta Devi, Hospital, Rd, Infront Of Kali Mandir, Darbhanga, BR	1
4	S1-954623466	S3-451839474	blocking_miss	India	Indo Tech Private Limited	201, D-Wing, Aman Pride, Borgaon, Mahesh Nagar, Nagpur, Maharashtra	Kelonovi	201, Nagpur, MH	0
4	S1-409332659	S3-780102457	false_negative	US	Lucine Carrillo Great Metal Works Corp	18497 King Road, Siloam Springs, AR	Lucine Carrillo Great Metal Corp-Services	Siloam Springs CDP, King Rd, Arkansas	1
4	S1-483761738	S2-459660020	false_negative	US	Gage Prime Inc	1926 Tupelo Grove Lane, Gastonia, NC	GAGE INC CENTER	TUPELO GROVE LANE, GASTONI ACDP, NC	1
4	S1-221222283	S2-628385527	false_negative	India	Baseline & Brothers Pvt. Ltd.	Delhi, Gali No. 8 New Ashok Nagar, Delhi, B-1/164	Baseline & Brothers Pvt. Ltd		1
4	S1-852457568	S3-420531484	blocking_miss	India	Thane Communications	F 504, Ravi Estate, Pokharan Road No. 1, Opp. Devdaya Nagar, Thane West, Thane, Maharashtra	Thane Communicagions	F 04, Thane, MH	0
4	S1-852457568	S3-899066202	false_negative	India	Thane Communications	F 504, Ravi Estate, Pokharan Road No. 1, Opp. Devdaya Nagar, Thane West, Thane, Maharashtra	thane communications	F 04, Thane, MH	0
4	S1-158938967	S2-991434616	false_negative	India	First Constructions Pvt Ltd	No. 601, (183/4), T. H. R, New Washermenpet, North, Tondiarpet Fort St George, Chennai, Tamil Nadu	ஃபர்ஸ்ட் கன்ஸ்ட்ரக்ஷன்ஸ் பிரைவேட் லிமிடெட்	DOOR NO 601, TONDIARPET FORT ST GEORGE, CHENNAI, தமிழ்நாடு	1
4	S1-549424174	S3-329600783	false_negative	India	Prem Medical Centre Private Limited	Office No-150/7 Ground Floor, Hans Enclave, Near-Rajiv Cho, Wk, Gurgaon, Haryana	Deltahalo	Office No-150/7 Ground Floor, Hans Enclave, Near-Rajiv Cho, Wk, Gurgaon, Haryana	1
4	S1-882379013	S2-725051363	false_negative	US	Delgado, Mcmillan and Bailey Inc	6315 Oquirrh Point Road, West Jordan City, UT	Delgado, Mcmillan and 8ailey Inc		1
4	S1-96402488	S3-723146881	false_positive	India	WB Refineries Pvt. Ltd.	87-1281-S22-A, Pavan Residency Somi Setty Nagar, Ganesh Nagar, Kurnool, Andhra Pradesh	WB Reftfineries Holdings Pvt. Ltd.	87-1281-S25-A, Kurnool, AP	1
4	S1-618963101	S3-234023384	blocking_miss	US	Certified Property Corporation	Falmouth, 15 Hammond Road, ME	certifiedproperty.com	15 Hammond Road, Falmouth, Maine	0
4	S1-159430602	S2-5693328	false_negative	US	Smith, Sommers and Dang Sumitomo LLC	5612 Maryland Avenue, Chicago, IL	Smith, Sommers and Dang Sumitomo		1
4	S1-159430602	S3-830001119	false_negative	US	Smith, Sommers and Dang Sumitomo LLC	5612 Maryland Avenue, Chicago, IL	Smith, Sommers And Dang		1
4	S1-105000527	S3-666591181	false_positive	US	Williams Audio Installation LLC	48 Morrison Avenue, Unit Apartment 2, Granville, NY	Fairfax Audio Ínstallation LLC	48 Morrison Avenue, Granville, New York	1
4	S1-697458104	S3-867551395	blocking_miss	US	Anchor Commercial Associates	45 Second Street, Albany, NY	Associates Anchor Service	45 Second St, Alabny CITY, New York	0
4	S1-307603221	S2-465344317	false_negative	US	Bay Montessori School	203 Prairie Avenue, Mundelein, IL	8AY MONTESSORI SCHOOL	203 1/2 PRAIRIE AVE, IL, MUNDDELEIN	1
4	S1-307603221	S2-712400035	blocking_miss	US	Bay Montessori School	203 Prairie Avenue, Mundelein, IL	Bay M0ntessori School	203 1/2 PRAIRIE AVENUE, MUNDDELEIN, IL	0
4	S1-307603221	S3-874881027	false_negative	US	Bay Montessori School	203 Prairie Avenue, Mundelein, IL	Tavofaye	203 Prairie Ave, Mundelein, Illinois	1
4	S1-983740967	S2-968348278	false_negative	US	Mitech Allied Braves LLC	17961 Pyramid Peak Road, Vail, AZ	XYLOKOR	PYRAMID PEAK ROAD, VAIL, AZ	1
4	S1-382810312	S2-767498377	false_negative	India	Rainbow Realtech Limited	No.2, Rangasri, Gkvk Main Road, Canara Bank Layout Rajivgandhinagar, Oppvivekananda School, K, Odigehalli, Bengaluru, Bangalore, Karnataka	Rainbow Rhalrbhc Limited		0
4	S1-677069163	S3-721240610	false_negative	US	3197 Ocean Court Associates LP	AZ, Pine, 3862 87	3197 Ocan Court Associates LP		1
4	S1-588213034	S3-289495309	singleton_false_merge	India	Tushar Seva Samiti	16/8/1 Race Course Road, Indore, Madhya Pradesh	Tushar Séva Samiti Holdings	H.no 16/8/12- Race Course Road, Indore, MP	1
4	S1-108737945	S3-572237300	false_negative	India	White Constructions Private Limited	P.O. New Champta, Venchijote Dr, Nandalall Thapa Path, Siliguri, West Bengal	হোয়াইট কনস্ট্রাকশনস প্রাইভেট লিমিটেড	P.o. New Champta, Venchijote Dr, Darjeeling, Siliguri, পশ্চিমবঙ্গ	1
4	S1-623239472	S3-610015672	false_negative	US	Ailyn Weaver Wilco Inc	10792 Putnam Place, Carmel, IN	Ailyn Weaver Inc (Center)	10792-10794 Putnam Pl, Carmel, Indiana	1
4	S1-79721937	S2-617460320	false_negative	US	Ray Recruiting	1418 Dukeland Street, Baltimore, MD	Ray Recruiting Inc		1
4	S1-997047632	S3-513488571	false_negative	India	Gemini Crop Limited	Shri. Shivshankar Ranganathappa Zamkade, 08/229 Sarode Nagar Power House Mseb Raigad Corne Sailu Parbhani, Sailu (M Cl), Sailu, Parbhani, Maharashtra	Shri Gemini Limited Services	Shri. Shivshankar Ranganathappa Zamkade, Sailu, Parbhani, MH	1
4	S1-902898494	S3-891745273	false_negative	India	Surya Jay Foods Private Limited	C-3/61, Rajasthali Apartments Madhuban Chowk, Pitampura, New Delhi, Delhi	Surya Jay Foods Private		0
4	S1-169746808	S3-854494715	false_negative	US	Pioneer Wireless Services	316 Barrett Lane, Sullivan, NY	The Pioneer Wireless Services		1
4	S1-606958221	S3-198279286	false_negative	US	Clear Investment Ventures LLC	2345 Covington Court, Fl 1, Lacey, WA	Clear Investment Ventures		1
4	S1-943825216	S3-907749	false_negative	US	Hoyt Agnc LLC	415 Carpenter Avenue, Sea Cliff, NY	Hoyt Agnc		1
4	S1-379672273	S2-796517177	false_negative	US	Rockingham County Youth Association LLC	6830 Hopkins Gap Road, Rockingham County, VA	Rockingham Cóunty Youth Association LLC		1
4	S1-934314766	S2-836247401	false_negative	India	Karol Bagh Biotech Private Limited	Delhi, 18/19, Delhi, Karol Bagh, Wea	Karol Bagh Biotech Private		1
4	S1-934314766	S2-857670873	blocking_miss	India	Karol Bagh Biotech Private Limited	Delhi, 18/19, Delhi, Karol Bagh, Wea	Nóvipyra	18/19, KAROL BAGH, DELHI	0
4	S1-362995382	S3-106320292	false_positive	US	Lower Creative Electricity Inc.	144 Main Street, Forest City, NC	Lower Cretaile Electricity [Inc]	147 1/2 Main St, Forest City, North Carolina	1
4	S1-859770636	S2-467313892	false_negative	US	Cascade Endocrinology	2127 210th Avenue, Town Of Eureka, WI	Cascade Endocrinology (Co)		1
4	S1-664649715	S2-516667645	blocking_miss	US	Primary Care Health LLC	3417 Roan Street, Johnson City, TN	primary care health llc		0
4	S1-664649715	S3-353081101	false_negative	US	Primary Care Health LLC	3417 Roan Street, Johnson City, TN	Primary Care #51005	3404- Roan St, Johnson City, Tennessee	1
4	S1-664649715	S3-623500627	false_negative	US	Primary Care Health LLC	3417 Roan Street, Johnson City, TN	Primary Care-Health	3404- Roan St, Johnson City, Tennessee	1
4	S1-291684318	S2-864491511	false_negative	India	North Constructions Private Limited	Rm No.3 Madappattu Bldg, Pampady, Poothkuzhy, Kottayam, Kerala	നോർത്ത് കൺസ്ട്രക്ഷൻസ് പ്രൈവറ്റ് ലിമിറ്റഡ്	RM NO.##3 MADAPPATTU BLDG, KOTTAYAM, Kerala	1
4	S1-291684318	S3-919532070	false_negative	India	North Constructions Private Limited	Rm No.3 Madappattu Bldg, Pampady, Poothkuzhy, Kottayam, Kerala	നോർത്ത് കൺസ്ട്രക്ഷൻസ് പ്രൈവറ്റ് ലിമിറ്റഡ്	Rm No.3/3 Madappattu Bldg, Pampady, Poothkuzhy, Kottayam, കേരളം	1
4	S1-495019523	S3-630366101	false_negative	US	Byars Optimal Bold	290 Fish Hatchery Road, King And Queen County, VA	Byars Optimal Bold LLC	Virginia, 281-D Fish Hatchery Road, King And Queen County	1
4	S1-794409444	S3-218112493	false_negative	India	Spy Care Pvt Ltd	7Th Floor, G-12, 13, 14 Transport Nagar Kanpur Road, Lucknow, Uttar Pradesh	Spy Care	Door No 7Th Floor, Lucknow, UP	1
4	S1-576157008	S2-149615182	false_negative	US	South Globa	239 Walnut Street, Marion, OH	south globa		1
4	S1-918776840	S2-901002979	false_negative	US	Moga Sports	277 Warren Street, Unit Apartment B, Glens Falls, NY	Moga Sports		1
4	S1-94745104	S2-309264909	false_negative	US	Historical Association LP	166048 Timber Ridge Lane, Town Of Ringle, WI	Historical Association (LP)		1
4	S1-94745104	S2-326100963	false_negative	US	Historical Association LP	166048 Timber Ridge Lane, Town Of Ringle, WI	Hist0rical LP Services	66048 Timber Ridge Ln, TOWN OF RINGLE, WI	1
4	S1-444295705	S3-118869849	false_negative	US	Faina's Energy Group	OR, Joseph, 97842 Imnaha Highway	Faina's Energy		1
4	S1-901648947	S3-232646116	false_negative	India	Pune Labs Corporation	S.No 31/2/1, Fl.No-A-407, Venkatesh Graffiti, Keshavn, Pune, Maharashtra	Pune Corporation Services	No. 427 S.no 31/2/1, Fl.no-a-407, Venkatesh Graffiti, Keshavn, Pune, MH	1
4	S1-901648947	S3-311075765	blocking_miss	India	Pune Labs Corporation	S.No 31/2/1, Fl.No-A-407, Venkatesh Graffiti, Keshavn, Pune, Maharashtra	Pune Lbr Corporation		0
4	S1-901648947	S3-607319754	blocking_miss	India	Pune Labs Corporation	S.No 31/2/1, Fl.No-A-407, Venkatesh Graffiti, Keshavn, Pune, Maharashtra	Pune Corporation Service	Door No 427 S.no 31/2/1, Pune, महाराष्ट्र	0
4	S1-138237980	S2-382887724	false_negative	India	Han Technology Ltd	Room No 5/3410/M58 (1), 1St Floor, Markaz Complex, Ig Road, Kozhikode, Kerala	Han Technology (Ltd)		1
4	S1-32146664	S3-523897380	false_negative	US	Desjardin Software LLC	202 Brookgreen Drive, Chapel Hill, NC	Desjardin S0ftware		0
4	S1-228504626	S3-171634952	blocking_miss	India	Gujarat Dream Estate Private Limited	Siddharth Lifestyle Homes Harni Dena Road, Gujarat, Vadodara, A-1/2, Vadodara	Gujarat Dream એસ્ટેટ પ્રાઇવેટ લિમિટેડ	A-1/2, Baroda, GJ	0
4	S1-228504626	S3-799503434	blocking_miss	India	Gujarat Dream Estate Private Limited	Siddharth Lifestyle Homes Harni Dena Road, Gujarat, Vadodara, A-1/2, Vadodara	ગુજરાત ડ્રીમ એસ્ટેટ પ્રાઇવેટ લિમિટેડ	A-1/2, Baroda, GJ	0
4	S1-270950875	S2-149606008	false_negative	India	Sunrise Power Pvt Ltd	422, Tnhb, Star Homes, Kattankolatur R.F, Chengalpattu, Kanchipuram, Tamil Nadu	Lyraviodelta	422, TNHB, STAR HOMES, KATTANKOLATUR R.F, CHENGALPATTU, KANCHIPURAM, Tamil Nadu	1
4	S1-176232369	S3-547160865	false_negative	US	Harbor Preparatory Academy	10 Rainbrooke Drive, Pittsford, NY	Harbor Preparatory [Academy]		1
4	S1-215660749	S2-784576752	false_negative	US	Peak Quality Advantage LLC	MD, Middle River, 10324 Bird River Road	PEAK QUALITY ADVANTAGE	0324 BIRD RIVER RD, MIDLE RIVER TOWNSHIP, MD	1
4	S1-215660749	S2-898329794	false_negative	US	Peak Quality Advantage LLC	MD, Middle River, 10324 Bird River Road	LLC Peak Quatilty Advantage	MD, BIRD RIVER RD, MIDLE RIVER TOWNSHIP	1
4	S1-163011725	S3-179007326	blocking_miss	India	Great Gems Limited	Flat No 414, Srinilaya Enclave Ameer Pet, H.No.8-3-945, Yellareddy Guda, Hyderabad, Telangana	Great Gfoes Limited		0
4	S1-716427000	S3-148520895	blocking_miss	India	Hardik Trading	Maharashtra, C-20, G Block Rd, Bkc, Bandra Kurla Complex, Bandra East, Wework Enam Sambhav, Mumbai	Hardik Trading Limited		0
4	S1-815939290	S2-811147429	false_negative	US	Integrated Signature Monte	OH, 514 Chestnut Avenue, Massillon	Ectojax	OH, MASSILLON, 514 CHESTNUT AVENUE	1
4	S1-279190739	S2-695729057	false_negative	India	Om Galaxy Finance Private Limited	Nagpur, Shop No 3 Pesumal Dewanidharamshala Medical Ajni Road, Nagpur, Maharashtra	ओम गैलेक्सी फाइनेंस प्राइवेट लिमिटेड	H.NO 3 PESUMAL DEWNIDHARAMSHALA MEDICAL AJNI ROAD, NAGPUR, Maharashtra	1
4	S1-411657024	S3-686636462	blocking_miss	India	Monark & Sons Co	Sco 1, New Ganesh Vihar Opp. Indian Petrol Pump Panchkula Road, Barwala, Barwala, Panchkula, Haryana	Monark & Srcs Co		0
4	S1-641634778	S2-176459417	false_negative	US	B A Edwards Blackrock LLC	110 7th Street, Oak Island, NC	SERVICES B A EDWARDS LLC	110 7RD STREET, OAK SLAND, NC	1
4	S1-710874170	S2-143695052	false_negative	India	Roopiya Camping Pvt. Ltd.	86, 87, Kovai Thirunagar, Kalapatty, Coimbatore South, Coimbatore, Tamil Nadu	ROOPIYA CAMPING PVT. LTD.		1
4	S1-747643288	S2-557014910	false_positive	India	Shivam Consultants	No. 1447, Ground Floor, 22Nd Main, 26Th Cross Banashankari 2, Bangalore South, Bangalore, Karnataka	Shivam Consultants Solutions	H.NO 1451 , GROUND FLOOR, 22ND MAIN, 26TH CROSS BANASHANKARI 2, BANGALORE SOUTH, Karnataka	1
4	S1-747643288	S3-655011940	blocking_miss	India	Shivam Consultants	No. 1447, Ground Floor, 22Nd Main, 26Th Cross Banashankari 2, Bangalore South, Bangalore, Karnataka	ಶಿವಂ ಕನ್ಸಲ್ಟೆಂಟ್ಸ್	1447, Bangalore South, Bangalore, KA	0
4	S1-637745667	S2-616291808	blocking_miss	India	Surya Logistics Private Limited	No 12, 5Th Main, 4Th Cross Malleshpalya New Thippasandra Post, Bangalore, Karnataka	ಸೂರ್ಯ ಲಾಜಿಸ್ಟಿಕ್ಸ್ ಪ್ರೈವೇಟ್ ಲಿಮಿಟೆಡ್	NO #12, BENGALURU, BANGALORE, Karnataka	0
4	S1-637745667	S3-676650984	false_negative	India	Surya Logistics Private Limited	No 12, 5Th Main, 4Th Cross Malleshpalya New Thippasandra Post, Bangalore, Karnataka	Shri Surya Logistics Pevate Limited	No 12, 4Th Cross Malleshpalya New Thippasandra Post, Bangalore, KA	1
4	S1-905908918	S3-446743995	false_negative	US	Imojean Bowers, L.C.S.W.	219 D, Mcpherson, KS	Imojean Bowers, Center	PMB 6412, 219- D, Kansas, Mcpherson	1
4	S1-638663399	S3-48732073	blocking_miss	India	Mumbai Insurance	Office No.416-417, Avior Corporate Park Co Soc Ltd Nirmal Galaxy, Lbs Road, Mulund West, Mumbai, Mumbai City, Maharashtra	Mumbai Insurance	Office No.9-416-417, North 24 Parganas, महाराष्ट्र	0
4	S1-638663399	S3-610383266	blocking_miss	India	Mumbai Insurance	Office No.416-417, Avior Corporate Park Co Soc Ltd Nirmal Galaxy, Lbs Road, Mulund West, Mumbai, Mumbai City, Maharashtra	Mumbai Insurance	Office No.9-416-417, North 24 Parganas, MH	0
4	S1-500970002	S2-435931157	false_negative	India	Avrs & Partners Private Limited	37/ Kshapank Marg Near Madhav Nagar, Ujjain, Madhya Pradesh	Dr Avrs & & Partners Prvgmte Limited	#133. 37/ KSHAPANK MARG NEAR MADHAV NAGAR, UJJAIN, मध्य प्रदेश	1
4	S1-16178449	S2-303621415	false_negative	US	Direct Defense Products LLC	4665 28th Avenue, Hackensack, MN	The Direct Defense Pr0ducts LLC		0
4	S1-426539024	S3-630084333	false_negative	India	Indo Exports Pvt Ltd	103 Jaina Tower Iidcentre Janakpuri, Delhi, West Delhi, Delhi	Indo Eoens Pvt Ltd	#10 Jaina Tower Iidcentre Janakpuri, Delhi, West Delhi, DL	1
4	S1-984762578	S3-569114330	blocking_miss	India	Chandan Trading Pvt Ltd	Halwasiya Courthazarat Ganj Lucknow, Uttar Pradesh, Lucknow, Uttar Pradesh	Chandan Trading		0
4	S1-878292529	S3-59288689	false_negative	India	Elite Trading Private Limited	South Delhi, Basement, Delhi, K-23A, New Delhi	Veoflux Co	K-23A, Basement, South Delhi, Delhi, New Delhi	1
4	S1-245651770	S2-521633826	blocking_miss	US	Orthopedic Care Associates LLC	1113 Saint Peters Centre Boulevard, Unit 1113, St Peters, MO	Orthopedic Care Assmdiats LLC		0
4	S1-206626620	S2-28639135	blocking_miss	India	Bharat Engineering Private Limited	1, Ashu Biswas Road Chakraberia (South), Kolkata, Kolkata, Howrah, West Bengal	ভারত ইঞ্জিনিয়ারিং প্রাইভেট লিমিটেড	1, KOLKATA, HOWRAH, পশ্চিমবঙ্গ	0
4	S1-103547336	S3-582929033	blocking_miss	India	Rural Clinic Private Limited	C-120, Basement, Station Plaza, Station Road, Bhandup (We, St), Mumbai, Mumbai City, Maharashtra	rcprivate.com	C-120, Mumbai, Mumbai City, MH	0
4	S1-578591239	S3-228751211	false_negative	India	Shivam It Private Limited	Flat No B-101, Sai Sarovar S No 30/1A/5, Ambegaon Kh Jambhulwadi Road Near Pa, Haveli, Pune, Maharashtra	Kelovera Co	Flat No B-101, Sai Sarovar S No 30/1A/5, Ambegaon Kh Jambhulwadi Road Near Pa, Haveli, Pune, Maharashtra	1
4	S1-381871267	S2-666350193	false_negative	India	(india) Mkn Cosmetics Private Limited	14 I Block, Nethaji Nagar Main Road, Thanakkankulam, Tirupparangunram, Madurai South, Madurai, Tamil Nadu	(india) Mkn Cosmetics Private Limited		1
4	S1-126264150	S2-546495317	blocking_miss	India	Seven Industries Private Limited	Delhi, Somvihar, R. K. Puram, B-101, South Delhi, New Delhi	सेवन इंडस्ट्रीज प्राइवेट लिमिटेड	B-101, NEW DELHI, SOUTH WEST DELHI, दिल्ली	0
4	S1-233722320	S3-160171573	blocking_miss	India	Avenues Brothers Private Limited	Old Area, Madanganj, Ajmer, Rajasthan, Kishangarh, F-38	Avenues Brothers Private		0
4	S1-133927907	S3-386693459	false_negative	US	Great Network of Charleston	303 Clemson Avenue, Charleston, WV	Great Network	9 Clemson Avenue, PO Box 9654, Charleston, West Virginia	1
4	S1-863328721	S2-176910062	false_negative	US	Gray Xcel Corp	561 Pebble Brook Lane, Belleville, IL	Brixlum	561 PEBBLE BROOK LN, BELLEVILLE, IL	1
4	S1-775526821	S3-634757129	false_positive	US	Temple Catholic Church	Agawam, 5 New York Avenue, MA	Temple Catholic Church Inc	10 New York Avenue, Agawam, Massachusetts	1
4	S1-775526821	S2-894546349	blocking_miss	US	Temple Catholic Church	Agawam, 5 New York Avenue, MA	TEMPLE CHURCH CATHOLIC	FEEDING HHILLS, ##5 NEW YORK AVENUE, MA, PO BOX 1786	0
4	S1-775526821	S3-487741515	blocking_miss	US	Temple Catholic Church	Agawam, 5 New York Avenue, MA	templecatholicchurch.com	5 New York Ave, Massachusetts, Agawam	0
4	S1-145138613	S3-414625811	blocking_miss	US	Operating Engineers Local 541	16845 143rd Street, Lockport, IL	engineersoperatinglocal.com	16844 143rd Saint, Lockport, Illinois	0
4	S1-261778380	S3-974553720	false_negative	US	Torres Couriers, Inc	1410 Forest Lane, Prince William County, VA	Torres Couriers, Inc.		1
4	S1-444910265	S2-470327033	false_negative	US	Lantern Inc	Baltimore, Unit APT 300, 3017 Ridgewood Avenue, MD	Lantern	2772-C RIDGEWOOD AVE, BALTIMORE, MD	1
4	S1-444910265	S2-560852342	false_negative	US	Lantern Inc	Baltimore, Unit APT 300, 3017 Ridgewood Avenue, MD	Lantern Inc (ID: 44955)	#2764 RIDGEWOOD AVENUE, BALTIMORE, MD	1
4	S1-444910265	S3-486369352	false_negative	US	Lantern Inc	Baltimore, Unit APT 300, 3017 Ridgewood Avenue, MD	Lantern Inc Services	2764 Ridgewood Ave, Unit APT 300, Balttimore, Maryland	1
4	S1-654038185	S2-109625188	false_positive	US	King, Myrah, DO Inc.	3700 Sewell Street, Lincoln, NE	INC KING, MYRÁH, DO	3709 SEWELL ST, LINCOLN CITY, NE	1
4	S1-654038185	S2-275148289	false_negative	US	King, Myrah, DO Inc.	3700 Sewell Street, Lincoln, NE	King, Myrah, DO	3714 SEWELL STREET, LINCOLN, NE	1
4	S1-654038185	S2-812232476	false_negative	US	King, Myrah, DO Inc.	3700 Sewell Street, Lincoln, NE	KING, MYRAH, INC.-SERVICE	3714 Sewell St, LINCOLN, NE	1
4	S1-312830656	S3-269179507	false_negative	India	North Care	Ff/107 Mebal Plaza, Nr.Shalin Complex, Vadodara, Gujarat	નોર્થ કેર	H.no A-20 Ff/107 Mebal Plaza, Vadodara, ગુજરાત	1
4	S1-117189625	S2-716171226	blocking_miss	India	New Food Private Limited	Flat No.201, T-163 Second Floor, Uttam Nagar, Delhi, West Delhi, Delhi	न्यू फूड प्राइवेट लिमिटेड	NO 8-201, SOUTH EAST DELHI, WEST DELHI, Delhi	0
4	S1-117189625	S3-252979260	false_negative	India	New Food Private Limited	Flat No.201, T-163 Second Floor, Uttam Nagar, Delhi, West Delhi, Delhi	New Food Limited Private		1
4	S1-351793222	S3-115225295	singleton_false_merge	India	Catholic Infrastructures Pvt Ltd	13 Broad Street, Kolkata, West Bengal, Howrah, Kolkata, Ia Tower Block	Kolkata Infrastructures Pvt.	Howrah, WB, 13, Kolkata	1
4	S1-619402551	S2-166703660	false_negative	US	Sweet Book Store	1045 E Wyatt Road, Midlothian, TX	Sweet Book	8045 E WYATT ROAD, PO BOX 5669, MIDLOTHIAN, TX	1
4	S1-619402551	S2-60675166	false_negative	US	Sweet Book Store	1045 E Wyatt Road, Midlothian, TX	Sweet Book Store LLC	8045 E WYATT ROAD, PO BOX 8483, MIDLOTHIAN, TX	1
4	S1-615464206	S3-556738060	false_negative	India	Kritaksh Vidya Limited	Amns House, Amns Township, 27Th K. M., Surat - Hazira Road, Hazira, Surat, Surat, Gujarat	Kritaksh Limited Services	Block E-378 Amns House, Amns Township, 27Th K. M., Surat - Hazira Road, Hazira, Surat, Surat, GJ	1
4	S1-738184039	S2-346988562	blocking_miss	India	Modern Properties Private Limited	Mumbai City, Floor Grd, Plot-1028, 1, Sigma Estate 2, Gokhale Rd (South), Prabhadevi, Maharashtra, B-006, Mumbai	मॉडर्न प्रॉपर्टीज प्राइवेट लिमिटेड	MUMBAI, महाराष्ट्र, B-5-006	0
4	S1-738184039	S2-920075304	false_negative	India	Modern Properties Private Limited	Mumbai City, Floor Grd, Plot-1028, 1, Sigma Estate 2, Gokhale Rd (South), Prabhadevi, Maharashtra, B-006, Mumbai	Modern Properties Private Límited		1
4	S1-104594645	S2-418022881	false_negative	India	Credent International School	25 Venetian Villas, Opp Anandniketan School Vill: Shilaj, Taluka: Daskroi, Ahmedabad, Gujarat	Credent International School		1
4	S1-104594645	S3-337212539	false_negative	India	Credent International School	25 Venetian Villas, Opp Anandniketan School Vill: Shilaj, Taluka: Daskroi, Ahmedabad, Gujarat	Mr Credent International School		0
4	S1-778773485	S3-220423378	false_positive	US	Wheeler and Sanner Truist LLC	TX, 7610 Ingrid Drive, Manor	cypress	7610 Ingrid Drive, Manor, Texas	1
4	S1-778773485	S3-333842906	false_positive	US	Wheeler and Sanner Truist LLC	TX, 7610 Ingrid Drive, Manor	#cypress	7610 Ingrid Dr, Manor, Texas	1
4	S1-778773485	S2-912313676	false_negative	US	Wheeler and Sanner Truist LLC	TX, 7610 Ingrid Drive, Manor	Wheeler And Sanner Truist Llc		1
4	S1-899849979	S2-327532867	false_negative	India	Maruthi Services	54 Sindhi Colonyaurangabad, Maharashtra, Maharastra, Aurangabad	MARUTHI SERVICES LTD		1
4	S1-899849979	S3-738073526	false_negative	India	Maruthi Services	54 Sindhi Colonyaurangabad, Maharashtra, Maharastra, Aurangabad	Maruthi Services LLP		1
4	S1-841080378	S2-666319338	blocking_miss	India	Apex Hospitality Pvt Ltd	595, Jessore Road, Flat No. 3B, Kolkata, Kolkata, Howrah, West Bengal	অ্যাপেক্স হসপিটালিটি প্রাইভেট লিমিটেড	BLOCK C-#345 595, KOLKATA, HOWRAH, পশ্চিমবঙ্গ	0
4	S1-841080378	S2-803515251	blocking_miss	India	Apex Hospitality Pvt Ltd	595, Jessore Road, Flat No. 3B, Kolkata, Kolkata, Howrah, West Bengal	অ্যাপেক্স হসপিটালিটি প্রাইভেট লিমিটেড	BLOCK C-#345 595, HOWRAH, KOLKATA, West Bengal	0
4	S1-841080378	S3-182127658	blocking_miss	India	Apex Hospitality Pvt Ltd	595, Jessore Road, Flat No. 3B, Kolkata, Kolkata, Howrah, West Bengal	অ্যাপেক্স হসপিটালিটি প্রাইভেট লিমিটেড	Kolkata, WB, Block F-230 595	0
4	S1-841080378	S3-38731890	blocking_miss	India	Apex Hospitality Pvt Ltd	595, Jessore Road, Flat No. 3B, Kolkata, Kolkata, Howrah, West Bengal	অ্যাপেক্স হসপিটালিটি প্রাইভেট লিমিটেড	পশ্চিমবঙ্গ, Kolkata, Block F-230 595	0
4	S1-719785050	S3-922418717	blocking_miss	India	Safety (India) Finance Private Limited	3-3-28/B/401, Anand Nagar Ramanthpur, Hyderabad, Rangareddy, Telangana	safetyindiafinance.com	3-3-28/B/401, Secunderabad, TG	0
4	S1-238360289	S3-901267316	false_negative	India	Aashirwad Enterprises	55, Goyagate Society, R.V.Desai Road, Vadodara, Gujarat	Aashirwad Services		0
4	S1-768216048	S2-335641291	false_negative	US	Demarco, Farmer & Wilhelm Blackrock LLC	Unit 989, AZ, 9797 32nd Street, Yuma	Demarco, Farmer Wilhelm Blackrock LLC 5ervice	YUMA CDP, AZ, 32nd Street	1
4	S1-692638384	S3-373203037	false_positive	India	Seri Lingampally Ship Limited	Door No 1-60/8/A &B, 3Rd Floor, Knr Square, Opp. The Platina, Gachibowli, Kondapur, Hyderabad, Seri Lingampally, K.V.Rangareddy, Telangana	Serilingampallymodern.Com	D No 001-60/8/A & B, K.v.rangareddy, Seri Lingampally, TG	1
4	S1-269581063	S3-96134242	false_negative	India	One Producer Private Limited	Nashik, Os-2, Opp., Peacock Ind, Midc Satpur, Nashik, Maharashtra, Open Space No.2	Private One Preour Limited	No 505 Open Space No.2, Nashik, महाराष्ट्र	1
4	S1-698795726	S3-287622531	false_negative	India	Quora International School	H-38 New Empire Ind Estkondivita Road Andheri (E), Mumbai, Maharashtra	Shri Quora International Silo	No 280 H-38 New Empire Ind Estkondivita Road Andheri (E), Mumbai, MH, Bombay	1
4	S1-224325346	S2-729237946	false_negative	US	Crawford, Tang & Partyka	25549 Roy Rogers Road, Splendora, TX	IRIARIA	SPLENDORA, 2541 ROY ROGERS RD, TX	1
4	S1-224325346	S3-308577234	false_negative	US	Crawford, Tang & Partyka	25549 Roy Rogers Road, Splendora, TX	Crawford, Tang & Partyka LP	Splendora, 25417a Roy Rogers Rd, Texas	1
4	S1-224325346	S3-854704922	false_negative	US	Crawford, Tang & Partyka	25549 Roy Rogers Road, Splendora, TX	Crawf0rd, Tga & Partyka	25210 Roy Rogers Rd, null, Splendora, Texas	1
4	S1-753474346	S2-319536622	false_negative	US	St. Lutheran Church	2230 Kildare Avenue, Chicago, IL	St. Lutheran Church Ltd	2229 KILDARE AVENUE, CHICAGO, IL	1
4	S1-753474346	S2-550550539	false_negative	US	St. Lutheran Church	2230 Kildare Avenue, Chicago, IL	THE 5T. LUTHERAN CHURCH	2229 KILDARE AVENUE, CHICAGO, IL	1
4	S1-804558633	S3-729316819	blocking_miss	US	Empire Broadband	1904 Castle Avenue, Bloomington, IL	Empire Breoadbgasd		0
4	S1-416624771	S2-311109691	false_negative	India	Compact Machines Private Limited	K-1201, Aster Jalvayu Defence Enclave, Phase-1, Plotno.20, Sector-20, Kharghar, Navi Mumbai, Raigarh, Maharashtra	Dr Compact-Machines Private Limited		1
4	S1-416624771	S3-441102455	false_negative	India	Compact Machines Private Limited	K-1201, Aster Jalvayu Defence Enclave, Phase-1, Plotno.20, Sector-20, Kharghar, Navi Mumbai, Raigarh, Maharashtra	Compact Mánche Private Limited	Raigarh, Kamothe, MH, Door No G-684 K-1201	0
4	S1-856909463	S3-87189097	blocking_miss	US	Dermatology Care Associates Inc	1801 24th Avenue, Unit 6, Grand Forks, ND	Dermatology Care Associates lncorporated #86917		0
4	S1-789493625	S2-710978285	false_negative	US	Apex Safe Pennantpark Care	440 Johnson Street, Gary, IN	Apex Safe Pennantpark Care Corporation		1
4	S1-802356972	S3-665252762	false_positive	US	Petrini, Monteiro and Gorski Edison LLC	14109 83rd Avenue, Unit 283, Peoria, AZ	Corp Petrini, Monteiro and Gorski Edison	14114 83rd Ave, # 283, Poeria, Arizona	1
4	S1-696404212	S2-190945470	false_negative	India	Sarasaksh Trading Limited	P No 532/8 Imt Manes, G31- Manesar, Gurugram, Gurugram, Gurgaon, Haryana	VANTAGEVANTAGEPYRA	P NO 532/ IMT MAES, GURUGRAM, MANESAR, Haryana	1
4	S1-696404212	S3-385344879	blocking_miss	India	Sarasaksh Trading Limited	P No 532/8 Imt Manes, G31- Manesar, Gurugram, Gurugram, Gurgaon, Haryana	Sarasaksh Trading		0
4	S1-657201282	S3-99186021	false_negative	India	Rda & Co	13-53/3, Revenue Ward 70, Visakhapatnam, Visakhapatnam, Vishakhapatnam, Andhra Pradesh	Shri Koryuma	Revenue Ward 70, Visakhapatnam, Vishakhapatnam, ఆంధ్రప్రదేశ్, Visakhapatnam, 13-53/3	1
4	S1-509944438	S2-507155265	false_negative	India	First Hari Media	B-9, Ground Floor, Sket, New Delhi, Delhi	First Hari Media		1
4	S1-509944438	S2-62315108	false_negative	India	First Hari Media	B-9, Ground Floor, Sket, New Delhi, Delhi	फर्स्ट हरि मीडिया	HN 959 B-9, GROUND FLOOR, NEW DELHI, SKET, Delhi	1
4	S1-501110075	S2-758716613	false_negative	US	Chiropractic Specialists of Louisville	8309 Cooper Chapel Rd, Louisville, KY	Chiropractic of Specialists Louisville		1
4	S1-128374175	S2-540310186	false_negative	US	A Silver Zeo	31678 Highway 295, Hindsville, AR	A SILVER ZEO CORPORATION	HINDSVILLE, HIGHWAY 295, AR	1
4	S1-128374175	S2-624165039	false_negative	US	A Silver Zeo	31678 Highway 295, Hindsville, AR	A Silver Zeo Corp		1
4	S1-128374175	S2-879516896	false_negative	US	A Silver Zeo	31678 Highway 295, Hindsville, AR	A SILVER ZEO		1
4	S1-334957088	S3-369440508	false_negative	India	Punjab Management (India) Limited	C/O Utkarsh Ranjan, Jyoti Kunj, Raiji Gali, Phulwari, Patna, Bihar	Punjab Management Limited Center	#214 C/o Utkarsh Ranjan, Jyoti Kunj, Raiji Gali, Patna, बिहार	1
4	S1-504882619	S2-252072753	false_negative	US	Human Rights All Fund Corp	MA, Plymouth, 45 Shallow Pond Lane	HUMAN RIGHTS ALL FUND CORPORATION		1
4	S1-2691518	S3-637345346	false_negative	India	Sai Urology Pvt Ltd	Narendra Nagar, Vijay Appt., Plot No 7, Nagpur, Maharashtra	Shri Sai Urology Pvt	Plot No 7, Nagpur, Wadi, MH	1
4	S1-867818485	S2-166459326	false_negative	US	Rodriguez, Webb & Patel Eco LP	5802 Club Road, Dunlap, IL	Rodriguez, Webb & Pagsl Eco LP		1
4	S1-237442822	S2-15616363	blocking_miss	India	Royal Services Pvt Ltd	D-107, East Of Kailash, New Delhi, Delhi	रॉयल सर्विसेज प्रा. लि.	D-107, EAST OF KAILASH, NEW DELHI, दिल्ली	0
4	S1-237442822	S2-690487613	blocking_miss	India	Royal Services Pvt Ltd	D-107, East Of Kailash, New Delhi, Delhi	रॉयल सर्विसेज प्रा. लि.	D-107, EAST OF KAILASH, NEW DELHI, Delhi	0
4	S1-202425898	S3-733521934	false_negative	US	Cultural Society II	23880 Hogan Avenue, New Trier, MN	Cultural Cultural Society		1
4	S1-991914513	S3-924227270	false_negative	India	Energy United (madras) Pvt. Ltd.	H. No 25-35/1/D/1, 3Rd Floor, Rr Nagar, Rc Puram, Nh65, Beeramguda Main Road, Opposite Icici Bank, Sangareddy District, Ramachandrapuram, Medak, Telangana	Yumapyrabrix	H. No 5-35/1/D/1, 3Rd Floor, Rr Nagar, Rc Puram, Nh65, Beeramguda Main Road, Opposite Icici Bank, Sangareddy District, Ramachandrapuram, Medak, TG	1
4	S1-372735158	S3-430030907	blocking_miss	India	Enterprises Ramsun India Private Limited	307/1, Plotno.108 Shahzada Bagh Industrial Area, Old Rohtak, Road, Delhi, North West, Delhi	Enterprises Rshnu lndia Private Limited	North West, DL, Delhi, 307/1	0
4	S1-4357842	S2-397351543	false_negative	US	Berglund & Johnson	1091 Bluff Street, Unit 311, St George City, UT	@berglund	1091 BLUFF STREET, PMB 9560, ST EGORGE, UT	1
4	S1-361370487	S2-360054335	false_negative	US	Lynn's Prairie Restaurant Inc	14 Golfview Avenue, WI, City Of Barron	RPLYNNS.COM	14 Golfview Ave, CITY OF BARRON, WI	1
4	S1-559162794	S3-490441763	false_negative	US	Keystone Commercial Consultants LLC	AZ, Phoenix, 5538 San Gabriel Avenue	Keystone Commercial Cgonsumatnts LLC		1
4	S1-391518966	S3-443403993	blocking_miss	India	Mumbai Capital Pvt Ltd	1101/A2, Mumbai City, Mumbai, Lok Raunak, Off Marol Maroshi Road, Behind Seven Hills Hospital, Andheri-Eas, T, Maharashtra	#mumbaicapital	MH, No 284 1101/A2, Mumbai, Mumbai City	0
4	S1-3339282	S2-737128859	false_negative	US	Saint Emanuel	3601 Hill Avenue, Unit 71, Toledo, OH	SAlNT EMANUEL INC	3601-B HILL AVENUE, TOLEDO, OH	1
4	S1-536784321	S3-936843842	blocking_miss	India	Swastik Foundation Limited	North Delhi, Shopping Complex Blk-B Nimri Colony, Ashok Vihar, Delhi, House No 6 Mezzanine Floor, Delhi	स्वस्तिक फाउंडेशन लिमिटेड	#802 House No 6 Mezzanine Floor, North Delhi, Delhi, DL	0
4	S1-772153170	S3-300232587	false_negative	US	Martinez Innovative Companies Inc	MD, Mardela Springs, 11154 Norris Twilley Road	Martinez Innovative Companies Inc		1
4	S1-171323028	S2-909378086	false_negative	US	Cedar	WA, 6107 2nd Place, Renton	Cedar Center	107 2ND PL, RENTON, WA	1
4	S1-171323028	S2-927074281	false_negative	US	Cedar	WA, 6107 2nd Place, Renton	Cedar Co	107 2ND PL, RENTON, WA	1
4	S1-937976848	S3-602648812	false_negative	US	Nicolle Ryan Pinnacle Financial Inc	Newport, WA, 191 Woodard Road	Nicolle Ryan Pinnacle	Woodard Rd, Newport, Washington	1
4	S1-997614103	S2-978402315	false_negative	US	Mountain Guild	510 Shelly Ridge Lane, Unit 204, Raleigh, NC	MOUNTAIN GUILD Enterprises		1
4	S1-581784035	S3-163903496	blocking_miss	India	Khairatabad Ventures Private Limited	H. No 8-3-228 678 501, Karmika Nagar, Yousufguda, Hyderabad, Khairatabad, Hyderabad, Telangana	Khairatabad Ventures Psine Limited		0
4	S1-683519842	S2-732736595	false_negative	US	Reliable Apparel Brands Center	South Bend, 1234 Eddy Street, IN, Unit 437	Reliable Apparel Brands Center LLC - 7168812160		1
4	S1-167994448	S3-72944079	false_negative	India	Mithila Healthcare Private Limited	84/22 Fazal Ganj, Kanpur, Uttar Pradesh	Mithila Healthcare Limited Services Services	84/2 Fazal Ganj, Kanpur, उत्तर प्रदेश	1
4	S1-841602296	S2-735054987	blocking_miss	India	Sas Brothers LLP	Swapan Bhar, S/O. Sibchandra Bhar, Somaspur, Dhaniakhali, Dhaniakhali, Hooghly, West Bengal	SAS LLP PARTNERS		0
4	S1-841602296	S3-206061967	blocking_miss	India	Sas Brothers LLP	Swapan Bhar, S/O. Sibchandra Bhar, Somaspur, Dhaniakhali, Dhaniakhali, Hooghly, West Bengal	Sas Brhres LLP		0
4	S1-884726667	S3-615507525	false_negative	US	Heartland Pediatrics	Tacoma, WA, 1013 127th Street Court	Heartland Pediatrics Co		1
4	S1-149755778	S3-695415678	false_negative	US	CSK Automobile Partners	2117 70 Street, Brooklyn, NY	CSK Aut0mobile Services	2117 70 Street, Brooklyn, New York	1
4	S1-357281219	S2-626011275	false_negative	US	Lynx Quality P.C.	704 Austin Street, Albemarle, NC	LYNX QÚALITY P.C.		1
4	S1-357281219	S3-210529461	false_negative	US	Lynx Quality P.C.	704 Austin Street, Albemarle, NC	Lynx Qúality P.C.		1
4	S1-596952569	S2-628381160	false_negative	US	Miquela Dieu Retail	6235 Peery Avenue, Kansas City, MO	MIQUELA DU RETAIL		1
4	S1-411396982	S2-288271196	blocking_miss	India	Life Care Pvt Ltd	New No.78, Old No.97, Chamiers Road Teynampet, Chennai, Tamil Nadu	Shri Life Care Pvt		0
4	S1-411396982	S2-826995005	blocking_miss	India	Life Care Pvt Ltd	New No.78, Old No.97, Chamiers Road Teynampet, Chennai, Tamil Nadu	லைஃப் கேர் பிரைவேட் லிமிடெட்	NEW NO.##78, CHENNAI, Tamil Nadu	0
4	S1-770277388	S3-677051394	false_negative	US	Drayon Irenic	2603 6th Street, Tillamook, OR	DRAYON lRENIC		0
4	S1-835087274	S2-33885239	false_negative	India	Walchand Services Private Limited	Hahi Niwas, 56-B, Saraswathipuram, Khargapur, Lucknow, Uttar Pradesh, Lucknow, Uttar Pradesh	Walchand 5ervices Private Limited	HAHI NIAS, 55-B, SARASWATHIPURAM, KHARGAPUR, LUCKNOW, UTTAR PRADESH, LUCKNOW, Uttar Pradesh	1
4	S1-835087274	S2-447275382	false_negative	India	Walchand Services Private Limited	Hahi Niwas, 56-B, Saraswathipuram, Khargapur, Lucknow, Uttar Pradesh, Lucknow, Uttar Pradesh	Walchand Services Pishate Limited	HAHI NIWAS, 55-B, SARASWATHIPURAM, KHARGAPUR, LUCKNOW, UTTAR PRADESH, LUCKNOW, Uttar Pradesh	1
4	S1-835087274	S3-281994504	false_negative	India	Walchand Services Private Limited	Hahi Niwas, 56-B, Saraswathipuram, Khargapur, Lucknow, Uttar Pradesh, Lucknow, Uttar Pradesh	Walchand Services Private		1
4	S1-800099213	S2-254759743	false_negative	India	Sukhmani Remedies Private Limited	Highland Park The Restaurant Vrundawan Complex, 1St Floor, Opp. Gurukul, Memnagar, Ahmedabad, Gujarat	Sukhmani Remedies		1
4	S1-833179398	S3-486744447	false_negative	India	Anand Constructions Limited	26/2, Moulana Abul Kalam Azad Sarani, Kolkata, Kolkata, Howrah, West Bengal	Yumacira	Kolkata, Moulana Abul Kalam Azad Sarani, Kolkata, পশ্চিমবঙ্গ, 26/2	1
4	S1-833737620	S3-221378288	blocking_miss	India	Vision Constructions	Plot No.2, Engineers Enclave, Flat No.101, Kamala Residency, Gangaram, Huda Colony, Ch, Anda Nagar, Hyderabad, Rangareddy, Telangana	విజన్ కన్‌స్ట్రక్షన్స్	2, Rangareddy, తెలంగాణ	0
4	S1-833737620	S3-948379328	blocking_miss	India	Vision Constructions	Plot No.2, Engineers Enclave, Flat No.101, Kamala Residency, Gangaram, Huda Colony, Ch, Anda Nagar, Hyderabad, Rangareddy, Telangana	విజన్ Constructions	Plot No.2, Rangareddy, TG	0
4	S1-581412696	S3-776797233	false_negative	US	Meredithe Ellis Atlantic Spdr Inc.	1020 Wood Street, Decatur, IL	Veofluxmira	1020 Wood St, Decatur, Illinois	1
4	S1-794654590	S3-22451763	blocking_miss	US	Baptist Center	1600 Main Street, Paris, KY	Baptist Cenet Cenet	1602 Main St, Pris, Kentucky	0
4	S1-794654590	S3-924684181	blocking_miss	US	Baptist Center	1600 Main Street, Paris, KY	Baptist Center	1602 Main Street, Pris, Kentucky	0
4	S1-304131091	S2-228659824	false_negative	US	323 Jefferson Avenue Partners LLC	4915 Shannon Run Drive, Knoxville, TN	ja323.com	4915 SHANNON RUN DRIVE, KNOXVILLE, TN	1
4	S1-828396782	S2-783360023	false_negative	India	Bharat Marketing Pvt Ltd	Patna, Bihar, H/Osri Akhilesh Narayanopp-Tapsya Complex P.O.& P.S.-Sri Krishna Nagar, Patna	भारत मार्केटिंग प्रा. लि.	Bihar, PATNA, 208 H/OSRI AKHILESH NARAYANOPP-TAPSYA COMPLEX P.O.& P.S.-SRI KRISHNA NAGAR, PATNA	1
4	S1-401278419	S2-550482466	blocking_miss	US	Great Program L.L.C.	Liberty, 306 Market Street, IN	greatprogram.com	306 MARKET STREET, LIBERTY CIYT, IN	0
4	S1-25102391	S2-406219069	blocking_miss	US	Primary Care Specialists	200 Arlington Avenue, Brooklyn, NY	PRIMARYCARESPECIALISTS.COM	195 ARLINGTON AVE, BROOKLLYN, NY	0
4	S1-25102391	S2-910009355	blocking_miss	US	Primary Care Specialists	200 Arlington Avenue, Brooklyn, NY	Primary Care Spéciallsts	BROOKLLYN, NY, 195 Arlington Avenue	0
4	S1-373289868	S3-771390744	blocking_miss	US	Main Street Yoga	13 Hamilton Street, Unit 1, Millbury, MA	Street Main Ydaa	13 Hamilton Street, Unit 1, Milbury, Massachusetts	0
4	S1-901316488	S3-341676899	blocking_miss	India	Alpha Enterprises Private Limited	Flat-22-C Red Mig Dda, Flats, Rajouri Garden, New Delhi, West Delhi, Delhi	Mr Alpha Enterprises Pnieat Limited		0
4	S1-117415013	S3-287508277	false_positive	US	Pacific Center III, Inc	4949 7th Street, Unit 343, Phoenix, AZ	Pacific Center ILII, Inc	4953 7th Street, Unit 343, Phoenix, Arizona	1
4	S1-72353009	S3-32946107	blocking_miss	US	Rodriguez Altisource LLC	204 Benjamin Street, Aberdeen, NC	Rodriguezaltisource.Com	204 Benjamin Street, Aerdeen CITY, North Carolina	0
4	S1-559362769	S2-932179190	false_positive	India	First Infrastructure Pvt Ltd	Vill Masoodpur, South Delhi, H No-58-A S/F, South Delhi, Delhi	Infratech-+	H NO-58-A S/F, VILL MASOODPUR, SOUTH DELHI, Delhi	1
4	S1-559362769	S3-326990331	false_positive	India	First Infrastructure Pvt Ltd	Vill Masoodpur, South Delhi, H No-58-A S/F, South Delhi, Delhi	Infratech +	H No-58-a S/f, Vill Masoodpur, South Delhi, DL	1
4	S1-559362769	S3-932714957	false_positive	India	First Infrastructure Pvt Ltd	Vill Masoodpur, South Delhi, H No-58-A S/F, South Delhi, Delhi	Infratech and Co	South Delhi, DL, H No-58-a S/f, Vill Masoodpur	1
4	S1-91060585	S2-193874276	false_negative	India	Comfort (India) Solar Private Limited	Srijan Heritage Enclave, F/No 3D, 3Rd Floor, Bl Vii, Atghara Phultala Po, R Gopalpur, Kolkata, Parganas North, West Bengal	Sri Comfort Solar Private Limited Partners	BLOCK F-609 SRIJAN HERITOGE ENCLAVE, F/NO 3D, 3RD FLOOR, BL VII, ATGHARA PHULTALA PO, R GOPALPUR, KOLKATA, West Bengal	1
4	S1-91060585	S3-970759281	false_negative	India	Comfort (India) Solar Private Limited	Srijan Heritage Enclave, F/No 3D, 3Rd Floor, Bl Vii, Atghara Phultala Po, R Gopalpur, Kolkata, Parganas North, West Bengal	Comfort (India) Solar-Private Limited		1
4	S1-419651884	S2-864616245	false_negative	India	Believe Nursing Home	13L, Ballygunge Place, Kolkata, Kolkata, Howrah, West Bengal	Smt Believe Nursing Home Co	West Bengal, 0013L, BALLYGUNGE PLACE, KOLKATA, KOLKATA	1
4	S1-816838425	S2-400446327	blocking_miss	India	Vision Estate Limited	New No-5/383, Ground Floor, 2Nd Street Ambedkar Salai, Nanmangalam, Chennai, Tamil Nadu	விஷன் எஸ்டேட் லிமிடெட்	NEW NO-5/383, CHENNAI, Tamil Nadu	0
4	S1-606875780	S2-505037833	false_negative	India	Pranin Service Pvt Ltd	43/157, Pakkayil Vadakara Post, Vadakara, Kozhikode, Kerala	Pranin-5ervice Pvt	Kerala, 41/157, PAKKAYIL VADAKARA POST, VADAKARA	1
4	S1-606875780	S2-627170176	false_negative	India	Pranin Service Pvt Ltd	43/157, Pakkayil Vadakara Post, Vadakara, Kozhikode, Kerala	Pranin Service Pvt	41/157, PAKKAYIL VADAKARA POST, VADAKARA, Kerala	1
4	S1-411154044	S2-809311917	false_negative	US	Bland International Group	2861 Courier Road, Alexander, IL	BLAND INTERNATIONAL LLC	2857. COURIER RD, ALEXANDER, IL	1
4	S1-411154044	S3-347338917	false_negative	US	Bland International Group	2861 Courier Road, Alexander, IL	The Bland International Group	2857 Courier Road, Illinois, Alexander	1
4	S1-411154044	S3-723114160	false_negative	US	Bland International Group	2861 Courier Road, Alexander, IL	Bland Group Center	2857 Courier Rd, Alexander, Illinois	1
4	S1-89282616	S2-37951420	false_positive	US	Downtown Bistro	2920 Stephan Road, Kingman, AZ	Downtown Deli	STEPHAN ROAD, KINGMAN, AZ	1
4	S1-89282616	S2-642719636	false_positive	US	Downtown Bistro	2920 Stephan Road, Kingman, AZ	DOWNTOWN DEI	STEPHAN RD, KINGMAN, AZ	1
4	S1-89282616	S2-678584715	false_positive	US	Downtown Bistro	2920 Stephan Road, Kingman, AZ	Downtown Deli	STEPHAN RD, KINGMAN, AZ	1
4	S1-89282616	S3-53489875	false_positive	US	Downtown Bistro	2920 Stephan Road, Kingman, AZ	downtowndeli.com	2920 Stephan Road, Kingman, Arizona	1
4	S1-529452185	S2-525702511	false_negative	India	International It LLP	D 13/27 25, Bansphatak, Varanasi, Uttar Pradesh	internationalit.com	उत्तर प्रदेश, D 13/27. 25, BANSPHATAK, VARANASI	1
4	S1-529452185	S3-973995838	false_negative	India	International It LLP	D 13/27 25, Bansphatak, Varanasi, Uttar Pradesh	International It		1
4	S1-660242006	S3-434054765	false_negative	US	Womens Health Medicine LLC	LA, 3065 Oakcrest Drive, Baton Rouge City	>> Womens Medicine LLC Center	Oakcrest Drive, N/A, Baton Rouge, Louisiana	1
4	S1-163127674	S2-540746520	false_positive	US	Hackley Mountain Communications	31563 Red Pine Street, Los Fresnos, TX	Carey Communications Mountain	31563 RED PINE STREET, LOS FRESNOS, TX	1
4	S1-516824697	S3-442935937	false_negative	US	Solstice PLLC	Huntsville, AL, 75 Walnut Cove Boulevard	Solstice Pllc		1
4	S1-217089686	S2-459949199	blocking_miss	India	Aditya Logistics	B/303, Asmitauphar-Iii Chs. Ltd. Poonam Sagar Complex Mira Road (East), Thane, Maharashtra	आदित्य लॉजिस्टिक्स	B/303, THANE, Maharashtra, THANE	0
4	S1-460661639	S3-220117657	false_negative	India	Mool Beverages Ltd	Plot No - 146/1001, Niladri Vihar 2Nd Lane, Brahmapur Sadar, Ganjam, Orissa	Mool Beverages Ltd		1
4	S1-438613375	S3-138336350	blocking_miss	US	Foot & Ankle Total Medicine LLC	W54N373 Park Lane, City Of Cedarburg, WI	Foot & Ankle Total Medicine [LLC]	Wisconsin, Ceddarburg, Park Lane	0
4	S1-866273610	S3-288393431	false_negative	India	Global Foundation Private Limited	221, Gali No.1, Near Rame, Shwar Puram, Kabirpur, Sonipat, Haryana	ग्लोबल फाउंडेशन प्राइवेट लिमिटेड	HR, Door No 845- 221, Sonipat	1
4	S1-331933564	S3-716867124	false_negative	India	Add Exporters Limited	Flat No-401, Divesh Com, 4Th Flr Nr Gurudham Hotel, Kalyan, Thane, Maharashtra	AddexportersCom	Flat No-401, Kalyan, Thane, महाराष्ट्र	0
4	S1-331933564	S3-7816210	false_negative	India	Add Exporters Limited	Flat No-401, Divesh Com, 4Th Flr Nr Gurudham Hotel, Kalyan, Thane, Maharashtra	Add Exporters [Limited]		1
4	S1-462813424	S2-56644154	false_negative	US	Ear Nose & Throat Care Associates Inc	Forney, TX, 1217 Barbary Fiel Street	Ear Nose & Throat Care-Associates	1235 BAREARY FIEL ST, FORNEY, TX	1
4	S1-525096876	S2-826779599	false_negative	US	Northern Custom East, LLC	132 Coontown Mountain Road, Edmeston, NY	Northern Custom (East,)		1
4	S1-309609054	S2-830468363	false_negative	US	Sweet Bakery Inc	2142 Millerstown Road, Upton, KY	Sweet Bakery Inc.		1
4	S1-303965433	S2-947194319	false_negative	US	Kemp, Green & Davis, Inc	2029 Homer Street, Chicago, IL	... Wexlum	IL, CHICAGO, 2029 HOMER STREET	1
4	S1-118874994	S3-167334805	blocking_miss	US	Upper Packaging, Inc	5808 Victoria Drive, Oak Forest, IL	Upper-Packgina, Inc		0
4	S1-751164466	S2-654286375	false_positive	US	Kesteus Bancshares	146 Fourth Of July Creek Road, Troy, MT	Kestex Bancshares	146-D FOURTH OF JULY CREEK ROAD, TROY, MT	1
4	S1-312936967	S3-728244033	false_negative	India	Galaxy Construction Private Limited	17/1, Lakshmi Narayan Mukherjee Lane, P.S- Jorabagan, Ward No:21, Kolkata, Kolkata, Howrah, West Bengal	Galaxy-Construction Limited Center		0
4	S1-556644125	S2-664572141	false_negative	US	Complete Global Semiconductor P.C.	101 Rogers Road, Elgin, TX	DREXCIRA	ROGERS RD, ELGIN, TX	1
4	S1-673645990	S3-597072357	false_positive	India	Travancore Realtors Pvt Ltd	Madurai, Tamil Nadu, Door No 27/3 Plot No 4 P Mappillai Vinayagar Nagar Achampathu	Travancore Rentars Pvt (Ltd)	Site No#3, Coimbatore, தமிழ்நாடு	1
4	S1-457403776	S3-563401347	false_negative	India	Universal Services Private Limited	Girwa, Rajasthan, 5Th Floor, Devx A-1 And B, Udaipur, Paras Prime	यूनिवर्सल सर्विसेज प्राइवेट लिमिटेड	Door No 34 Paras Prime, Girwa, Udaipur, RJ	1
4	S1-851193565	S3-336242248	false_negative	US	Metro Society	426 Fourth Street, City Of Oconto, WI	>> Metro Society Ltd	4st St, PO Box 5735, City Of Oconto, Wisconsin	1
4	S1-257816254	S2-83518921	false_negative	US	Garofalo Integrated Printing	522 Sycamore Street, Eureka, KS	XYLOARCONYX	##522 SYCAMORE STREET, EUREKA, KS	1
4	S1-453956741	S2-1167614	blocking_miss	India	Prime Technologies Private Limited	Co - 14, Third Floor, Dda Shed, Okhla Industrial Area, Phase-I, New Delhi, Delhi	प्राइम टेक्नोलॉजीज प्राइवेट लिमिटेड	NEW DELHI, दिल्ली, CO - 14	0
4	S1-453956741	S3-310718401	blocking_miss	India	Prime Technologies Private Limited	Co - 14, Third Floor, Dda Shed, Okhla Industrial Area, Phase-I, New Delhi, Delhi	प्राइम टेक्नोलॉजीज प्राइवेट लिमिटेड	Co - 14, New Delhi, DL	0
4	S1-5476544	S2-272567072	false_positive	India	Akash Electrical Private Limited	Survey No 272/2, Sapphire Tower, Office No 28, 2Nd Floor, Shapar Road, Shapar, Rajkot, Gujarat	Mr Akash Limited Electrical	SURVEY NO 272/15, SAPPHIRE TOWER, OFFICE NO 28, 2ND FLOOR, SHAPAR ROAD, SHAPAR, Gujarat	1
4	S1-443251748	S3-627611877	blocking_miss	US	Cutshaw and Staples Machines Inc	735 160th Street, Aledo, IL	@cutshawstaples	73 160st Street, Aledo, Illinois	0
4	S1-504210108	S2-892425006	false_negative	US	Mejia Saratoga Inc.	4100 Scoville Avenue, Stickney, IL	Mejia Saratoga		1
4	S1-773488534	S2-43610135	blocking_miss	US	Autism Assistance Institute	2760 Jackrabbit Drive, Fl 1, Chandler, AZ	ASSISTANCEAUTISM.COM	JACKRABBIT DRIVE, CHANDLER, AZ	0
4	S1-773488534	S2-87616906	false_negative	US	Autism Assistance Institute	2760 Jackrabbit Drive, Fl 1, Chandler, AZ	AUTISM ASSISTANCE INSTITUTE (AUTHORITY)	AZ, JACKRABBIT DR, CHANDLER	1
4	S1-444581322	S3-410185338	blocking_miss	India	Mumbai Fund Pvt Ltd	Mumbai, Maharashtra, 602/603, Mumbai City, 6Th Floor, Plot Cs- 1487 Prasad Chambers, Tata Road No-02, Opera House, Giragaon	Mumbai Fund Pvt Ltd		0
4	S1-538232574	S2-622022980	false_negative	US	Germana's Allied Engineering	8345 Beechmont Avenue, Cincinnati, OH	Germana's Allied Center		1
4	S1-526019170	S2-873845192	false_positive	US	Angil Olson Great Angel P.C.	1327 Broadmoor Avenue, Munster, IN	Zephyr	1327 BROADMOOR AVENUE, MUNSTER, IN	1
4	S1-499099006	S2-484843810	false_negative	US	Wickenburg Baptist Services	545 Penn Lane, Unit 104, Wickenburg, AZ	Wickenburg Baptist (Center)	544 PENN LANE, WICKENBURG, AZ	1
4	S1-499099006	S2-811601447	false_negative	US	Wickenburg Baptist Services	545 Penn Lane, Unit 104, Wickenburg, AZ	Wickenburg 8anptsit Services	544 PENN LANE, WICKENBURG, AZ	1
4	S1-499099006	S2-891665310	false_negative	US	Wickenburg Baptist Services	545 Penn Lane, Unit 104, Wickenburg, AZ	Wickenburg Baptist Services Corporation	AZ, WICKENBURG, 544 PENN LN	1
4	S1-373401137	S2-575639841	blocking_miss	India	Sun Construction Private Limited	55/4, Sindhunagar, Pradhikaran, Pune, Maharashtra	सन कंस्ट्रक्शन प्राइवेट लिमिटेड	55/4, PUNE, महाराष्ट्र	0
4	S1-373401137	S3-853697167	blocking_miss	India	Sun Construction Private Limited	55/4, Sindhunagar, Pradhikaran, Pune, Maharashtra	सन कंस्ट्रक्शन प्राइवेट लिमिटेड	55/4, Pune, MH	0
4	S1-373401137	S3-914527974	blocking_miss	India	Sun Construction Private Limited	55/4, Sindhunagar, Pradhikaran, Pune, Maharashtra	Sun कंस्ट्रक्शन Private Limited	55/4, Poona, MH	0
4	S1-373401137	S3-937567041	blocking_miss	India	Sun Construction Private Limited	55/4, Sindhunagar, Pradhikaran, Pune, Maharashtra	Sun कंस्ट्रक्शन Private Limited	महाराष्ट्र, Poona, Pune, 55/4	0
4	S1-881550397	S2-193812111	false_negative	US	Troyer & Picco Canada LLC	230 Sherry May Street, Alleghany County, VA	Troyer + [Picco]	23 SHERRY MAY STREET, COVINGTON, VA	1
4	S1-208688471	S3-933620917	blocking_miss	US	Myrilla's Certified Hair Studio Inc	AL, Tuscaloosa, 4715 23rd Street	myrillascertifiedhair.com	4715 23rd Saint, Tuscaloosa, Alabama	0
4	S1-209477995	S2-681569002	false_negative	US	Ulrike Diamond Vine Inc	17 Bellwood Avenue, West Seneca, NY	ULRIKE DIAMOND VINE		1
4	S1-421298189	S2-557478597	false_negative	US	Pande Edp of East Hills	17 Entrance Road, East Hills, NY	PANDE EDP OF EAST	ENTRANCE RD, ROSLYN HEGHTS, NY	1
4	S1-421298189	S2-715073945	false_negative	US	Pande Edp of East Hills	17 Entrance Road, East Hills, NY	Pande of East Hills Service		1
4	S1-902113125	S2-253836678	false_negative	US	Genodyne Industries L.L.C.	Marion, 845 Goff Drive, IN	L.L.C. Genodyne lndustries	845A GOFF DRIVE, MARIN, IN	1
4	S1-676540638	S2-896228190	blocking_miss	US	Foot & Ankle Medicine, Inc	140 Brentwood Drive, Lee County, VA	footankle.com - 3488668857	140 Brentwood Drive, EWING, VA	0
4	S1-282736002	S2-375808560	blocking_miss	US	Twisted Diner	6110 King Road, Milwaukie, OR	Twisted Dfr	110 KING ROAD, PORTLANND, OR	0
4	S1-282736002	S2-907270031	false_negative	US	Twisted Diner	6110 King Road, Milwaukie, OR	TWISTED DINER CO	110 KING RD, PORTLANND, OR	1
4	S1-240787338	S3-425845231	blocking_miss	US	Midwest Guild	7550 Horizon Line Drive, Unit 9303, Raleigh, NC	Midwest 5ervices Services #12389		0
4	S1-508885653	S3-809332427	blocking_miss	US	Carry's Clean Associates Inc	6525 College Avenue, Indianapolis, IN	Evofaye	College Ave, Indianaoplis, Indiana	0
4	S1-719496314	S2-440911471	false_negative	US	Willabella Aziz Open LLC	227 7th Street, Junction City, KS	Wi1labella Aziz LLC Services	227 7ST STREET, JUNCTION CITY, KS	1
4	S1-719496314	S2-598099127	false_negative	US	Willabella Aziz Open LLC	227 7th Street, Junction City, KS	Willabella Aziz LLC Center		1
4	S1-719496314	S3-726133056	blocking_miss	US	Willabella Aziz Open LLC	227 7th Street, Junction City, KS	willabellaazizopen.com	Kansas, Seventh Street, Junction City	0
4	S1-954715677	S3-201575359	false_negative	US	Rivaum Ford LLC	IL, Cicero, 5826 26th Street	Rivaum Ford	9826 26th Street, Cicero, Illinois	1
4	S1-954715677	S3-949929003	false_negative	US	Rivaum Ford LLC	IL, Cicero, 5826 26th Street	Rivaum [Ford]	9826 26th St, Cicero, Illinois	1
4	S1-174536379	S3-301466136	blocking_miss	India	Pune Homoeo Ltd	Pimpalwandi, Pune, Maharashtra	Pune Hoomeo Ltd	Pmpalwandi, Poona, Pune, महाराष्ट्र	0
4	S1-174536379	S3-522865869	false_negative	India	Pune Homoeo Ltd	Pimpalwandi, Pune, Maharashtra	Pune Ltd Ltd Homoeo	Pimpalwandi, Pune, Poona, MH	1
4	S1-80221114	S2-444162746	false_negative	India	Sort Consultants	Pune, Maharashtra, Pune, Flat No. 302, Third Floor, Matrix Triveni Sr.No.63/1/9, Rajaram Patil Nagar, Lane No, .7, Kharadi	SORT-CONSULTANTS		1
4	S1-80221114	S2-821482651	false_negative	India	Sort Consultants	Pune, Maharashtra, Pune, Flat No. 302, Third Floor, Matrix Triveni Sr.No.63/1/9, Rajaram Patil Nagar, Lane No, .7, Kharadi	Sri Sort Consultants		1
4	S1-202211855	S3-319723770	false_negative	India	Big Finance	Bhu.No. 214, K.N 127, Uttardhauna Tiwariganj, Lucknow, Uttar Pradesh	बिग फाइनेंस	Bhu.no. 214, Lucknow, Lolai, UP	1
4	S1-857637191	S2-143672016	false_negative	India	OSI Services Limited	G/F (911-919) Rang Mahal, Behind Novelty Cinema, Delhi, North Delhi, 914/18-A, Delhi	OSI SERVICES LTD		1
4	S1-677385406	S2-210008410	false_negative	India	Ansuya International Private Limited	House No 2702/2, Opp Tanscame Comapany, Ladinaka Buwapada, Ambarnath, Thane, Maharashtra	ANSUYA ITNERNAGINAL PRIVATE LIMITED	HN 340 HOUSE NO 2702/2, OPP TANSCAME COMAPANY, LADINAKA BUWAPADA, AMBARNATH, Maharashtra	1
4	S1-776409445	S3-865652387	false_negative	US	Main Street Bike Shop! LLC	824 Green Spring Road, North Newton Township, PA	Wexsolnovi	824 Green Spring Rd, North Newton Township, Pennsylvania	1
4	S1-993899642	S3-190163182	singleton_false_merge	US	Commission on Finance Associates	Fairfax County, Unit STE 1947, 1947 Kennedy Drive, VA	commission on finance associates partners	MC LEAN, Virginia, 1949b Kennedy Dr, Unit STE 1947	1
4	S1-805520393	S2-644128100	blocking_miss	India	Black Solutions Private Limited	Khordha, Bjb Nagar Bhubaneswar, A/28, Bhubaneswar, Orissa	ବ୍ଲାକ୍ ସଲ୍ୟୁସନ୍ସ୍ ପ୍ରାଇଭେଟ୍ ଲିମିଟେଡ୍	A/##28, BHUBANESWAR, KHORDHA, Orissa	0
4	S1-135869122	S2-981477880	false_negative	US	Continental Auto Sales LLC	918 6th Street, Hampton, IL	Continental Auto Sales [LLC]		1
4	S1-802918213	S3-839560644	false_negative	US	Crossland and Baez Inc	5371 Lexie Street, Memphis, TN	Crossland And Baez		1
4	S1-311447163	S3-460044243	blocking_miss	US	Ray Capital Alto LLC	808 Ryan Road, Buckley, WA	Ray Capital Amaot LLC		0
4	S1-372447229	S3-453116209	false_negative	India	Guru Producer Limited	Office No. 805, Vakratunda Corporate Park Premises 8Th Floor, Off Aarey Road, Goregaon Eas, T, Mumbai, Mumbai City, Maharashtra	M/s Guru Prdcfer Limited	Block C-123 Office No. 805, MH, Mumbai City, Mumbai	1
4	S1-537330697	S2-6639578	false_negative	US	Christ Cathedral	211 Hall Avenue, Hubbard, OH	The Christ Cathedral		1
4	S1-537330697	S3-416206643	false_negative	US	Christ Cathedral	211 Hall Avenue, Hubbard, OH	Christ Cahtdeibrgl		0
4	S1-722329116	S3-267976439	false_negative	India	Jannat Benefit Private Limited	506D, Ernakulam, Hi Lite Platino, St, Martin Rd, Shankar Nagar, Ernakulam, Kerala	Jannat Benlefit Prívate Limited		1
4	S1-681958757	S3-897003534	false_positive	India	Kaveransh Services Clinic	Urmi Estate, 11Th Floor, Ganpatrao Kadam Marg, Delisle Road, Mumbai, Maharashtra	Kaverinsh Clinic Center	Urmi Estate, 11Th Floor, Ganpatrao Kadam Marg, Delisle Road, Bombay, MH	1
4	S1-202553358	S3-101891714	false_negative	India	Balaji India Company	H No. 9-292, 2Nd Floor, Opp: Siris Company, Krishna Nagar, Penamaluru Mandal, Vijayawada, Krishna, Andhra Pradesh	Lyrabrixx	Andhra Pradesh, 2Nd Floor, Opp: Siris Company, Krishna Nagar, Penamaluru Mandal, Krishna, Vijayawada, H No. 9-292	1
4	S1-238925567	S3-293580715	false_negative	US	Foote Omega Corp	123 River Road, Unit 1, Andover, MA	Foote Omega		1
4	S1-126439352	S3-483662380	false_negative	US	Compass Inc.	143 China Street, San Benito, TX	Compass Incorporated		1
4	S1-629197734	S2-393854627	false_negative	US	Beth Lutheran Church	TN, 8817 Gann Road, Soddy-daisy	BETH CHURCH LUTHERAN		1
4	S1-705151737	S2-413853158	false_negative	US	Southern United Foods	269 Hempstead Avenue, Unit Suite 202, Malverne, NY	SOUTHERN UAGHTD [FOODS] #90967	NY, 269-273 HEMPSTEAD AVE, MALVERNE	1
4	S1-260288281	S3-813351034	false_positive	US	Kailey Harris, L.C.S.W.	9911 Hannon Drive, Houston, TX	Estrada	9911 Hannon Drive, Houston, TX	1
4	S1-260288281	S3-800328238	false_negative	US	Kailey Harris, L.C.S.W.	9911 Hannon Drive, Houston, TX	Kailey Harris, Center	Hannon Dr, Houstn, Texas	1
4	S1-399651769	S2-34755242	blocking_miss	India	Digital Global Private Limited	Sowbhagya, Nagar Colony, Hydershakote, Telangana, Golconda, Plot No 5, Hyderabad	డిజిటల్ గ్లోబల్ ప్రైవేట్ లిమిటెడ్	POT NO 5, BANDLAGUDA, HYDERABAD, Andhra Pradesh	0
4	S1-882689314	S2-978772469	false_negative	India	Trillion Medical Partners	No 19 3Rd Cross Hennur Main Road Kacharakanahalli, Bangalore, Karnataka	M/s TRILLION MEDICAL PARTNERS CORP		1
4	S1-609152305	S3-417224311	false_negative	India	Lakshmi Business Private Limited	203 Neera Bldg., Cts F/67, F.P 39, Tps-Iii, 15Th Road, Near Chanderia Store, Mumbai, Maharashtra	Lakshmi Business Private		1
4	S1-609152305	S3-511973529	false_negative	India	Lakshmi Business Private Limited	203 Neera Bldg., Cts F/67, F.P 39, Tps-Iii, 15Th Road, Near Chanderia Store, Mumbai, Maharashtra	लक्ष्मी बिजनेस प्राइवेट लिमिटेड	7-199 Neera Bldg., Mumbai, N/A, MH	1
4	S1-374821905	S2-664953191	false_negative	US	Butterfield Integrated Aegon, Inc	4484 288th Avenue, Town Of Brighton, WI	Zephariagild	4484 288TH AVENUE, SALEM, WI	1
4	S1-830940406	S3-164174532	blocking_miss	US	Y+ Home Improvements LLC	6805 Church Street, Lafayette, IN	Y+ Home	6805D Church St, <NULL>, Lafayette, Indiana	0
4	S1-8583971	S3-366013096	false_negative	US	4538 Main Avenue Properties LLC	2865 Yorktown Drive, Baton Rouge City, LA	4538 Main Avenue		1
4	S1-878188376	S3-559535834	false_positive	India	Super Best Construction Pvt Ltd	# 100, 13Th Cross, A.E.C.S.Layout, 1St Stage. R.M.V. 2Nd Stage, Sanjaynagar, Bangalore, Karnataka	Best Construction Private Ltd	2Nd Cross, 1St Stage Okalipuram, Bangalore, KA	1
4	S1-878188376	S2-169549860	blocking_miss	India	Super Best Construction Pvt Ltd	# 100, 13Th Cross, A.E.C.S.Layout, 1St Stage. R.M.V. 2Nd Stage, Sanjaynagar, Bangalore, Karnataka	ಸೂಪರ್ ಬೆಸ್ಟ್ ಕನ್‌ಸ್ಟ್ರಕ್ಷನ್ ಪ್ರೈವೇಟ್ ಲಿಮಿಟೆಡ್	#100, Karnataka, NULL, BANGALORE	0
4	S1-878188376	S3-777448449	blocking_miss	India	Super Best Construction Pvt Ltd	# 100, 13Th Cross, A.E.C.S.Layout, 1St Stage. R.M.V. 2Nd Stage, Sanjaynagar, Bangalore, Karnataka	ಸೂಪರ್ ಬೆಸ್ಟ್ ಕನ್‌ಸ್ಟ್ರಕ್ಷನ್ ಪ್ರೈವೇಟ್ ಲಿಮಿಟೆಡ್	# B3/100, Bangalore, KA	0
4	S1-337904146	S3-265126630	false_negative	US	Oncology Gulf Partners Inc	6277 White Tail Circle, Zionsville, IN	0ncology Gulf Partners	White Tail Circle, Zionsville, Indiana	1
4	S1-565304425	S3-561144550	blocking_miss	India	Bangalore Plus Private Limited	Bangalore, # 2, Karnataka, 5Th Crs Rd Vishveshwariah L/O, Bangalore	plusprivate.com	2, Bangalore, ಕರ್ನಾಟಕ	0
4	S1-559203026	S3-633084974	blocking_miss	India	Solutions Amra Resorts LLP	Plot No.185/B, 185/B-1, 188, Sector F, Sanwer Road, Indore, Madhya Pradesh	LLP Solutions Amr Resorts	Plot No.85/b, MP, Indore	0
4	S1-639864679	S3-536902376	blocking_miss	US	Cascade Iris Inc	19 Eagle Ridge Drive, New Hartford, NY	Cascadeiris.Com	Eagle Ridge Dr, NEW Hartford, New York	0
4	S1-244262057	S2-195403779	blocking_miss	India	Cinch & Co Private Limited	24, Nirmal Buildingkothipoleraopura Road, Vadodara, Gujarat	Umbradrex	24, VADODARA, ગુજરાત	0
4	S1-504365285	S2-627507956	false_negative	India	Anand Ram Constructions Private Limited	Cw-254, Ground Floor, Sanjay Gandhi Transport Nagar Near Petrol Pump & Power House, Delhi, North West, Delhi	आनंद राम कंस्ट्रक्शंस प्राइवेट लिमिटेड	दिल्ली, DELHI, CW-254, NORTH WEST	1
4	S1-652328877	S3-651345493	false_negative	US	Continental Center	2323 Greenlaw Lane, Unit Ste 2, Flagstaff, AZ	Continental Partners		0
4	S1-155292006	S3-876084660	blocking_miss	US	Physical Therapy Regional Group	337 26th Street, IL, Chicago Heights	Physical Therapy Group [Services]	336 26rd Street, Chicago Heights, Illinois	0
4	S1-155292006	S3-916667785	false_negative	US	Physical Therapy Regional Group	337 26th Street, IL, Chicago Heights	Physical Therapy Regional Inc	323 26th Street, Chicago Heights, Illinois	1
4	S1-88085840	S3-150272717	false_negative	India	Abraham Consultancy Pvt Ltd	Shop No. 215 New Grain Market, Sunam, Sangrur, Punjab	Abraham Coilsaicy Pvt Ltd		0
4	S1-243637158	S2-151982872	false_negative	India	Silver Finance Private Limited	Rajkamal Co-Op Housing Society, H. No. 662, Plot No. 40A/2, Ramnagar Colony, Bavdhan, Pune City, Pune, Maharashtra	Silver Finance Private		0
4	S1-303000446	S3-200139228	false_negative	India	Jpm Traders Private Limited	1-4-945-950/444, Secunderabad, Hyderabad, Telangana, Janpriya Abodes Apartment	Jpm Traders Limited Center	185 Janpriya Abodes Apartment, Secunderabad, Hyderabad, తెలంగాణ	1
4	S1-303000446	S3-596724751	false_negative	India	Jpm Traders Private Limited	1-4-945-950/444, Secunderabad, Hyderabad, Telangana, Janpriya Abodes Apartment	Jpm Private Limited Services	185 Janpriya Abodes Apartment, Secunderabad, Hyderabad, TG	1
4	S1-45500430	S2-482102873	false_negative	US	Donnie T. Pittman, DMD, DDS PC	AR, 1213 School Street, Fort Smith	Donnie T. Pittman, DMD, PC Center	892 SCHOOL STREET, FORT SMITH, AR	1
4	S1-840914271	S2-611194466	false_positive	US	Peak Mobility Collective Inc.	841 A 7th Street, Springfield, IL	Peak Mobility Collective Inc	862 A 7TH STREET, SPRNGFIELD CITY, IL	1
4	S1-874770087	S2-217762726	false_negative	India	Tirupati Dream Energy Pvt Ltd	15/670E, Chelekattu, Moolamkuzhi, Ernakulam, Kerala	തിരുപ്പതി ഡ്രീം എനർജി പ്രൈവറ്റ് ലിമിറ്റഡ്	16/670E, CHELEKATTU, MOOLAMKUZHI, ERNAKULAM, Kerala	1
4	S1-824481662	S2-99007173	false_negative	US	Womens Health Specialists LLC	3000 Aventine Drive, Unit 205, Arden, NC	Womens Health Specialists LLC Society		0
4	S1-504490481	S2-80090291	false_negative	India	M&t Nursing Home	18/47, Ballygunge Place East, Kolkata, Kolkata, Howrah, West Bengal	M&t Nursing	6-18/47, BALLYGUNGE PLACE EAST, KOLKATA, KOLKATA, West Bengal	1
4	S1-929173426	S3-528075244	false_negative	India	Myna Services Group	Manik Chook, Tq. Dis. Osmanabad Osmanabad, Osmanabad, Maharashtra	Arcpyra	Osmanabad, Samudravani, MH, Manik Chook	1
4	S1-653499017	S2-619343585	false_negative	India	Delhi Forum Private Limited	395, Ground Floor Block C, Defence Colony, Delhi, South Delhi, Delhi	Delhi F0rum Private (Limited)	Delhi, 395, GROUND FLOOR BLOCK C, DEFENCE COLONY, DELHI	1
4	S1-653499017	S3-126157889	false_negative	India	Delhi Forum Private Limited	395, Ground Floor Block C, Defence Colony, Delhi, South Delhi, Delhi	Yumaaria	395, Ground Floor Block C, Defence Colony, Delhi, DL	1
4	S1-567594517	S3-846049505	false_negative	US	Bass School of Medicine	110 Macarthur Drive, NY, Rome	Bass School of of	10 Macarthur Dr, Rome, New York	1
4	S1-145378802	S2-285703840	false_negative	India	India Jyotsana Technologies Private Limited	Pk 18, 2Nd Floor, Phase V Guindy Industrial Estate, Ekkattuthangal, Chennai, Tamil Nadu	INDIA JYOTSANA PRIVATE LIMITED CENTER	#691 PK 18, 2ND FLOOR, PHAE V GUINDY INDUSTRIAL ESTATE, EKKATTUTHANGAL, Tamil Nadu	1
4	S1-345932172	S2-534705064	false_negative	US	Stone and Martinez Fidelity P.C.	7954 Arcade Lake Lane, Citrus Heights, CA	Stone and Martinez		0
4	S1-428181446	S3-496806651	false_negative	US	Rico Better Preferred LP	5310 Handbrook Drive, Houston, TX	Rico Better	5309 Handbrook Dr, Houuston, Texas	1
4	S1-428181446	S3-716283818	false_negative	US	Rico Better Preferred LP	5310 Handbrook Drive, Houston, TX	Ric0 Better Preferred LP	Texas, 5309 Handbrook Dr, Houuston	1
4	S1-268708741	S3-87368505	false_negative	US	Lazaro Quasaredge, LLC	12624 Pavilion Place, Oregon City, OR	Lazaro LLC Center	Pavilion Pl, null, Oregon City, Oregon	1
4	S1-483609898	S2-192906551	false_negative	US	Ho, Beckman and Hunter LLC	1005 Red Banks Road, Unit A1, Greenville, NC	HO, BECKMAN & HUNTER LLC SERVICES		1
4	S1-838973408	S2-875632319	false_negative	India	Dynamic Marketing Private Limited	C/O Jogender, Village-Ganwari Jat, Po-Sareli Block- Nizampur, Teh.- Nangal Choudhary, Mahendergarh, Mahendragarh, Haryana	PRIVATEDYNAMICMARKETING.COM	C/O JGENDER, MAHENDRAGARH, हरियाणा, MAHENDERGARH	0
4	S1-223973429	S2-773481590	false_negative	India	Astar Purity Center	909 Dalamal Towersplot No 211 Nariman Point, Mumbai, Maharashtra	Dr Astar Purity Center Corporation		1
4	S1-896610139	S2-247898995	false_negative	India	Social (India) Technologies Private Limited	M-50, Ground Floor, Guru Harkishan Nagar, Paschim Vihar, New Delhi, West Delhi, Delhi	Social (dIi)a Technologies Private Limited #95889	M-##50, GROUND FLOOR, GURU HARKISHAN NAGAR, PASCHIM VIHAR, NEW DELHI, Delhi	1
4	S1-761057607	S3-340379314	blocking_miss	India	Milestone Innovations Private Limited	4Th Floor, Ptno.63, Sy No 41 P, Kavuri Hills, G B Pet, Jubilee Hills, Hyderabad, Telangana	Mr Milestone Inovateinos Private Limited	4Th Floor, <NULL>, Hyderabad City Region, Hyderabad, TG	0
4	S1-574019525	S2-120046541	false_negative	India	FMJ Life Limited	16 B, Vyapar Vikas Parisar Devguradiya, Dudhiya, Indore, Madhya Pradesh	Fayejax	16 B, VYAPAR VIKAS PARISAR DEVGURADIYA, DUDHIYA, INDORE, Madhya Pradesh	1
4	S1-336016701	S3-1921727	false_negative	India	Smk & Brothers Private Limited	Solanki House Hella Bazar, Hajipur, Vaishali, Bihar	Smk & Brothers Private		1
4	S1-529912783	S2-245293012	false_positive	US	Tri-State Select Steers LLC	21580 Schieffer Road, Colton, OR	Tri-State Select Steers		1
4	S1-938951928	S3-591214939	blocking_miss	India	Ace Infrastructure Private Limited	House No. 111, Vivek Vihar Colony Gola Road, Danapur, Patna, Bihar	एस इंफ्रास्ट्रक्चर प्राइवेट लिमिटेड	Patna, House No. 111, Patna, BR	0
4	S1-152430834	S2-633260840	false_positive	India	Maa Products Private Limited	Door No. 8-2-248/A- Flat 101, 1St Floor Rd No. 3, Maharishi House, Banjara Hills, Hyderabad, Telangana	మా ఫౌండేషన్ ప్రైవేట్ లిమిటెడ్	DOOR NO. 8-2-251/A- FLAT 101, 1ST FLOOR RD NO. 3, MAHARISHI HOUSE, BANJARA HILLS, HYDERABAD, Telangana	1
4	S1-152430834	S3-866005889	blocking_miss	India	Maa Products Private Limited	Door No. 8-2-248/A- Flat 101, 1St Floor Rd No. 3, Maharishi House, Banjara Hills, Hyderabad, Telangana	మా ప్రొడక్ట్స్ ప్రైవేట్ లిమిటెడ్	No 8-2-248/A- Flat 101, Hyderabad, TG	0
4	S1-152430834	S3-977900947	blocking_miss	India	Maa Products Private Limited	Door No. 8-2-248/A- Flat 101, 1St Floor Rd No. 3, Maharishi House, Banjara Hills, Hyderabad, Telangana	maaproducts.com	No 8-2-248/A- Flat 101, Hyderabad, TG	0
4	S1-632569140	S3-969037953	false_negative	US	Pediatric Dental Optimal Partners Inc.	159 Verdi Street, Babylon, NY	Pediatric Dental Optimal Partners		1
4	S1-710627673	S2-338123894	false_negative	India	Aashiyana Alloys Corporation	House No. 1204 Sector-3, Faridabad, Haryana	Mr Aashiyana Alloys	HOUSE NO. 9204 SECTOR-3, FARIDABAD, Haryana	1
4	S1-710627673	S2-399955111	false_negative	India	Aashiyana Alloys Corporation	House No. 1204 Sector-3, Faridabad, Haryana	Mr Aashiyana Alloys	HOUSE NO. 9204 SECTOR-3, FARIDABAD, Haryana	1
4	S1-384487111	S3-347813411	false_negative	US	Carpenters Local 424	8000 Manx Drive, Round Rock, TX	Carpenters-Local 424		1
4	S1-528856464	S2-484592786	false_negative	US	Elite Media Studios	1123 Esters Road, Unit 2613, Irving, TX	Elite Media Studios Inc.		1
4	S1-528856464	S2-592667296	false_negative	US	Elite Media Studios	1123 Esters Road, Unit 2613, Irving, TX	Elite Media	112 ESTERS RD, IRVING, TX	1
4	S1-528856464	S2-828934492	false_negative	US	Elite Media Studios	1123 Esters Road, Unit 2613, Irving, TX	ELITE MEDIA STUDIOS LLC	112 ESTERS ROAD, IRVING, TX	1
4	S1-528856464	S3-455955948	false_negative	US	Elite Media Studios	1123 Esters Road, Unit 2613, Irving, TX	elite media studios		1
4	S1-332457363	S2-901031331	false_negative	India	Trilok Roshan Care	Maharashtra, Bhandup West, Mumbai, Lake Road	Yumacal0	LAKE ROAD, BHANDUP WEST, MUMBAI, Maharashtra	1
4	S1-332457363	S3-410345717	blocking_miss	India	Trilok Roshan Care	Maharashtra, Bhandup West, Mumbai, Lake Road	Shri trilokroshancarecom	Lake Road, Bombay, Mumbai, महाराष्ट्र	0
4	S1-433993741	S2-465574816	blocking_miss	India	RP Industries Ltd	North Delhi, Roop Nagar, Delhi, 7/32, Delhi	rpindustries.com	7/32, NORTH DELHI, DELHI	0
4	S1-240931195	S3-998881210	false_negative	US	Reliable Ace Peoples Inc	229 Private Road 6136, Jasper, TX	rapeoples.com | www.rapeoples.com	223 Private Road 6136, Jasper, Texas	0
4	S1-801244938	S3-521711956	blocking_miss	India	New Delhi Services Private Limited	South Delhi, Second Floor, Bharat Nagar, New Friends Colony, New Delhi, 84 - D, Delhi	New Delhi Services Prihte Limited	84 - D, New Delhi, South Delhi, DL	0
4	S1-268524953	S2-881500958	false_negative	India	Farmer Technologies (India) Private Limited	Wz-B1, Front Side, First Floor, Rattan Park, New Delhi, Delhi	Limited Farmer Technologies Private Center	BLOCK A-352 WZ-B1, NEW DELHI, ASSODA, Delhi	1
4	S1-235066085	S3-215584412	blocking_miss	India	Smart Real Care Private Limited	2-41/17/1/A, 2Nd Floor, Kothaguda Kondapur, Near 8Th Batallion, Tssp Main, Hyderabad, Rangareddy, Telangana	స్మార్ట్ రియల్ కేర్ ప్రైవేట్ లిమిటెడ్	2-41/17/1/A/9, Hyderabad, Rangareddy, TG	0
4	S1-235066085	S3-495897689	blocking_miss	India	Smart Real Care Private Limited	2-41/17/1/A, 2Nd Floor, Kothaguda Kondapur, Near 8Th Batallion, Tssp Main, Hyderabad, Rangareddy, Telangana	స్మార్ట్ రియల్ కేర్ ప్రైవేట్ లిమిటెడ్	2-41/17/1/A/9, Hyderabad, Rangareddy, TG	0
4	S1-235066085	S3-641378717	blocking_miss	India	Smart Real Care Private Limited	2-41/17/1/A, 2Nd Floor, Kothaguda Kondapur, Near 8Th Batallion, Tssp Main, Hyderabad, Rangareddy, Telangana	స్మార్ట్ రియల్ కేర్ ప్రైవేట్ లిమిటెడ్	2-41/17/1/A/9, Hyderabad, Rangareddy, TG	0
4	S1-656070316	S2-435670206	false_negative	US	Advanced Classic Lending Inc	300 Central Avenue, Unit Apartment B16, Greenburgh, NY	Advanced Classic Leniiag Inc		1
4	S1-858477928	S2-473391664	false_negative	India	Tech Infotech	Mumbai, Maharashtra, 948, Ganesh Murti Nagar 3, Capt Prakash Pethe Marg, Gully No. 21, Nr Babkay Depot, Cuff Parade, Mumbai	टेक इंफोटेक	DOOR NO 487 948, MUMBAI, महाराष्ट्र	0
4	S1-858477928	S3-728383601	false_negative	India	Tech Infotech	Mumbai, Maharashtra, 948, Ganesh Murti Nagar 3, Capt Prakash Pethe Marg, Gully No. 21, Nr Babkay Depot, Cuff Parade, Mumbai	टेक इंफोटेक	948, Mumbai, महाराष्ट्र	0
4	S1-486324204	S2-584394148	blocking_miss	US	Vinet Mortgage Associates	1968 65, West Bloomfield, NY	vinetmortgageassociates.com	1968-D 65, HONEOYE FALLS, NY	0
4	S1-572339476	S3-115592648	false_negative	US	Cascade Consumer, Inc	304 Bryant Street, Silver Spring Township, PA	Cascade Consumer, Inc		1
4	S1-467061150	S3-303991416	false_negative	India	Green Builders Pvt Ltd	Off 914 16, 1 To 24, 17 B-Wing, Comm Building, Nr Chakala Signal, Andheri East, J B Nagar Cts16, Cts-232, 1 To 6 Vlg Mulgaon, Mumbai, Maharashtra	M/s Green Builders Pvt Ltd	MH, Mumbai, Off 14 16	1
4	S1-688260251	S3-862874	false_negative	India	Chand Consultancy Limited	2Nd Floor, Blk-B-1 Rana Pratap Bagh, Near Gol Chakkar, H. N. 4, North Delhi, Delhi	Synevo	2Nd Floor, Blk-B-1 Rana Pratap Bagh, Near Gol Chakkar, North Delhi, H. N. 4, Delhi	1
4	S1-16546278	S3-907487100	false_negative	India	West Trading	Numaish Road, Bharatpur, Rajasthan	Zephiri	Bharatpur, Rajasthan, Numaish Road, Bharatpur	1
4	S1-818247121	S2-104995699	false_negative	US	Ruthie's Ice Cream, Inc	201 James Street, Rome, NY	Ruthie's Ice Cream,	JAMES ST, ROEM, NY	1
4	S1-847156783	S3-553647152	false_negative	India	Rhs Trading Limited	F-2, Sri Chandra Residency, Dulapally X Road, Tirumalagiri, Hyderabad, Telangana	Smt Rhs Limited Trading	No. 256 F-2, Sri Chandra Residency, Dulapally X Road, Hyderabad, Tirumalagiri, Andhra Pradesh	1
4	S1-947476219	S3-816230645	false_negative	US	Tri-State Hudson, LLC	8624 Tia Christina Drive, Albuquerque, NM	Tri-State Hudson, Llc		1
4	S1-530667623	S2-344976832	false_negative	India	Vision Foods Private Limited	House No 157, Sutarwada, Tal Baglan Dangsaundane, Malegaon, Nashik, Maharashtra	विजन फूड्स प्राइवेट लिमिटेड	HOUSE NO 15, SUTARWADA, TAL BAGLAN DANGSAUNDANE, MALEGAON, महाराष्ट्र	1
4	S1-530667623	S2-422733160	false_negative	India	Vision Foods Private Limited	House No 157, Sutarwada, Tal Baglan Dangsaundane, Malegaon, Nashik, Maharashtra	विजन फूड्स प्राइवेट लिमिटेड	SUTARWADA, TAL BAGLAN DANGSAUNDANE, Maharashtra, HOUSE NO 15, MALEGAON	1
4	S1-530667623	S2-524331731	false_negative	India	Vision Foods Private Limited	House No 157, Sutarwada, Tal Baglan Dangsaundane, Malegaon, Nashik, Maharashtra	विजन फूड्स प्राइवेट लिमिटेड	HOUSE NO 15, SUTARWADA, TAL BAGLAN DANGSAUNDANE, MALEGAON, महाराष्ट्र	1
4	S1-983803918	S3-345969570	false_positive	US	Orbeon Crest LLC	8141 Belvedere Avenue, Unit B, Sacramento, CA	Orbean Crest LLC	# B, Sacramento, 008141 Belvedere Avenue, California	1
4	S1-965841502	S2-79014300	false_positive	US	Bryant Atlantic Energy Inc	339 Lake View Drive, Lehi, UT	bryant atlantic energy inc		1
4	S1-965841502	S2-350399990	false_negative	US	Bryant Atlantic Energy Inc	339 Lake View Drive, Lehi, UT	BRYANT ATLANTIC		1
4	S1-271198315	S3-406336898	blocking_miss	India	Jai Global LLP	Office No 6, Namrata, Complex, Shantinath Soc., Mawal, Pune, Maharashtra	jaiglobal.com	Office No 6, Mawal, Pune, MH	0
4	S1-927945067	S3-621740238	false_negative	India	Rajkot Infrastructure Private Limited	No.10, Jm Gardens Vaduthala Pallikkavue Temple Lane, Vaduthala, Ernakulam, Kerala	Dr Rajkot Infrastructure Private		0
4	S1-569489620	S3-135417173	blocking_miss	India	Maa Management Private Limited	Maharashtra, Mumbai City, 5Th Flooor, Sahar Classique, Opp.P& T Colony Sahar Road, Andheri East, Mumbai, C Wing	माँ मैनेजमेंट प्राइवेट लिमिटेड	C Wing, Mumbai, महाराष्ट्र	0
4	S1-622734649	S2-194219442	false_negative	India	Chennai City Corporation Granites Private Limited	No.65, New No. 32, 1St Flr, Saidapet Road, Chennai City Corporation, Chennai, Tamil Nadu	Chennai City Corporation Granites Private Ltd		1
4	S1-622734649	S2-745277004	false_negative	India	Chennai City Corporation Granites Private Limited	No.65, New No. 32, 1St Flr, Saidapet Road, Chennai City Corporation, Chennai, Tamil Nadu	Chennai City Corporation Granites Private - 2413923370		1
4	S1-913721395	S2-785497514	blocking_miss	India	Southern Impex Private Limited	Hno-S-7/10 First Floor, New Delhi, Flat No-A-5, Naseem Bagh, South Delhi, Delhi	सदर्न इम्पेक्स प्राइवेट लिमिटेड	HNO-S-2/10 FIRST FLOOR, SOUTH DELHI, Delhi	0
4	S1-913721395	S3-403995315	false_negative	India	Southern Impex Private Limited	Hno-S-7/10 First Floor, New Delhi, Flat No-A-5, Naseem Bagh, South Delhi, Delhi	सदर्न Impex प्राइवेट लिमिटेड	Hno-s-7/10/4 First Floor, Flat No-a-5, Naseem Bagh, South Delhi, New Delhi, दिल्ली	1
4	S1-520887745	S2-302254437	blocking_miss	India	Future Tirupati Infrastructure Pvt Ltd	Surya Vihar, Rishi Nagar, Ludhiana, Punjab, Ludhiana, House No-53, Ludhiana	ਫਿਊਚਰ ਤਿਰੂਪਤੀ ਇਨਫ੍ਰਾਸਟ੍ਰਕਚਰ ਪ੍ਰਾ. ਲਿ.	HOUSE NO-53., N/A, LUDHIANA, Punjab	0
4	S1-520887745	S2-365765151	false_negative	India	Future Tirupati Infrastructure Pvt Ltd	Surya Vihar, Rishi Nagar, Ludhiana, Punjab, Ludhiana, House No-53, Ludhiana	Future Tirupati Infrastructure Pvt		1
4	S1-520887745	S2-993624383	blocking_miss	India	Future Tirupati Infrastructure Pvt Ltd	Surya Vihar, Rishi Nagar, Ludhiana, Punjab, Ludhiana, House No-53, Ludhiana	ਫਿਊਚਰ ਤਿਰੂਪਤੀ ਇਨਫ੍ਰਾਸਟ੍ਰਕਚਰ ਪ੍ਰਾ. ਲਿ.	HOSUE NO-53., N/A, LUDHIANA, Punjab	0
4	S1-520887745	S3-874890565	blocking_miss	India	Future Tirupati Infrastructure Pvt Ltd	Surya Vihar, Rishi Nagar, Ludhiana, Punjab, Ludhiana, House No-53, Ludhiana	ਫਿਊਚਰ ਤਿਰੂਪਤੀ ਇਨਫ੍ਰਾਸਟ੍ਰਕਚਰ ਪ੍ਰਾ. ਲਿ.	House No-1-53, Ludhiana, ਪੰਜਾਬ	0
4	S1-558910729	S2-303056783	blocking_miss	US	M/I Strategic Inc	4242 Village Drive, Unit UNIT D, Chino Hills, CA	M/I Strátegic Inc		0
4	S1-432164696	S2-168538486	blocking_miss	US	Department of Veterans Affairs	5 Dante Drive, Clifton Park, NY	veteransdepartment.com	DANTE DRIVE, CLIFTON PARK, NY	0
4	S1-432164696	S3-191729232	false_negative	US	Department of Veterans Affairs	5 Dante Drive, Clifton Park, NY	Department of Veterans Affairs Federation		0
4	S1-323457587	S2-824649725	false_negative	US	Brewer Eye Care	5 Kitchner Court, Durham, NC	BREWER CARE CENTER	5 1/2 KITCHNER CT, NC, DURHAM	1
4	S1-323457587	S3-9709339	false_negative	US	Brewer Eye Care	5 Kitchner Court, Durham, NC	Brewer Eye Care Inc.		1
4	S1-614068064	S2-523056644	blocking_miss	US	Oncology Associates LLC	311 Ave Q, Lubbock, TX	THE ONCOLOGY ASSOCIATES-LLC	AVE Q, LUBOCK, TX	0
4	S1-614068064	S2-60667958	blocking_miss	US	Oncology Associates LLC	311 Ave Q, Lubbock, TX	Oncology Ashoricaffs LLC	31 AVE Q, LUBOCK, TX	0
4	S1-614068064	S2-65789775	blocking_miss	US	Oncology Associates LLC	311 Ave Q, Lubbock, TX	ONCOLOGY ASSOCIATE LLC	31 AVE Q, LUBOCK, TX	0
4	S1-614068064	S2-799876483	blocking_miss	US	Oncology Associates LLC	311 Ave Q, Lubbock, TX	Oncology Associates LLC	31 AVE Q, LUBOCK, TX	0
4	S1-614068064	S2-899627923	blocking_miss	US	Oncology Associates LLC	311 Ave Q, Lubbock, TX	Oncology Associates	31 AVE Q, LUBOCK, TX	0
4	S1-811606467	S2-692276483	false_negative	US	Clary West Etf LLC	3295 B Highway 52, Bethpage, TN	Ariafaye	BETHPAGE CDP, TN, 3295 B HIGHWAY 52	1
4	S1-498899050	S2-149218553	false_negative	US	Fresh Cafe Group	147 Washington Street, Unit 610, Lynn, MA	Group Cm Fresh	LNN, MA, 147 WASHINGTON STREET	1
4	S1-127932197	S3-906708453	false_negative	US	Historical Project	364 Northampton Road, Unit A, Amherst, MA	Nylakelodelta - 3660262362	364C Northampton Road, Unit A, Amherst, Massachusetts	0
4	S1-287852418	S2-535341105	blocking_miss	US	Global League PC	PA, State College, 2319 Plaza Drive	GLOBALLEAGUE.COM	2319 PLAZA DR, PO BOX 4280, STATE COLEGE CITY, PA	0
4	S1-287852418	S2-545610969	false_negative	US	Global League PC	PA, State College, 2319 Plaza Drive	Global Léague PC		1
4	S1-893191712	S3-141443797	false_negative	US	Stone Advertising LLC	Berry, 20605 Joe Taylor Road, AL	5tone LLC Partners	0020605 Joe Taylor Road, Berry, Alabama	1
4	S1-17412938	S2-129320792	false_negative	US	Steelworkers Local 99	3867 Bufflehead Drive, Bldg 5, Columbus, OH	STEELWORKERS 99 CENTER	3866 BUFFLEHEAD DR, COLUMUBS TOWNSHIP, OH	1
4	S1-72630045	S3-101424661	false_positive	US	Pina and Toledo	509 Blackburn Avenue, Fairfield, OH	Pina and Toledo [Corp]	511-515 Blackburn Ave, Fairfield, Ohio	1
4	S1-124504306	S2-996678838	false_negative	US	Berta's Bakery	3074 16th Street, Kansas City, KS	Berta's Services	307 16TH ST, KANSAS CITY, KS	1
4	S1-617286520	S2-885198992	false_negative	US	Clear Coastal Markets Holdings	343 Technology Center Way, Unit STE 104, Rock Hill, SC	CLEAR COASTAL MARKETS INC		1
4	S1-617286520	S3-604201396	false_negative	US	Clear Coastal Markets Holdings	343 Technology Center Way, Unit STE 104, Rock Hill, SC	Tavodova	343 Technology Center Way, # STE 104, Rock Hill, South Carolina	1
4	S1-89816536	S2-783147224	false_negative	India	Chamundi Nursing Home	Kolkata, Howrah, Holding No-151(53/1), Ward No 17 Sarat Bose Lane, North 24 Parganas, Kolkata, West Bengal	Dr Ectonovi	HOLDING NO-#151(53/1), WARD NO 17 SARAT BOSE LANE, NORTH 24 PARGANAS, KOLKATA, HOWRAH, KOLKATA, West Bengal	1
4	S1-89816536	S3-852815230	false_negative	India	Chamundi Nursing Home	Kolkata, Howrah, Holding No-151(53/1), Ward No 17 Sarat Bose Lane, North 24 Parganas, Kolkata, West Bengal	CHAMUNDI NURSING HOME		1
4	S1-875797904	S3-294875936	false_negative	US	Superior Creative Alliance	20516 Sprague Road, Oregon City, OR	Superior Creative Alliance		1
4	S1-927230133	S3-943154061	blocking_miss	US	S 7 Certified Mortgage	1930 Blue Mounds Street, Village Of Black Earth, WI	S 7 7		0
4	S1-400142827	S2-467892874	blocking_miss	US	Innovative Engineering LP	703 South Street, Lebanon, IN	innovative engineering lp	SOUTH ST, LEBANOON, IN	0
4	S1-621385548	S2-668862705	false_negative	US	Modern Software Company	5451 N Meadow Drive, Indianapolis, IN	-- MIRAIRIFAYE	005451 North Meadow Dr, INDIANAPOLIS, IN	1
4	S1-481556523	S2-812209382	false_negative	US	Behavioral Health Associates	NY, Guilderland, 6512 Vosburgh Road	Behavioral Health-Associates Health-Associates	6344 VOSBULGH RD, GUILDERLAND, NY	1
4	S1-57275878	S2-182688275	false_negative	India	Shivansh Automobile Private Limited	148, 6Th Sector, B-102, Hsr Layout, Bangalore South, Bangalore, Karnataka	... SHIVANSH PRIVATE LIMITED SERVICES	Karnataka, BANGALORE, BANGALORE SOUTH, 148	1
4	S1-57275878	S2-556649588	false_negative	India	Shivansh Automobile Private Limited	148, 6Th Sector, B-102, Hsr Layout, Bangalore South, Bangalore, Karnataka	Shivansh Automobile Private Ltd - 8095810487		1
4	S1-346975165	S2-761785431	false_negative	US	Dozier Creative Internet	9036 Blue Ridge Trail, Fort Worth, TX	Dozier Creative Internet [Inc]		1
4	S1-346975165	S3-536684713	false_negative	US	Dozier Creative Internet	9036 Blue Ridge Trail, Fort Worth, TX	Dozier Creative Intemet		0
4	S1-921157550	S3-637903310	false_negative	India	Global Innovative Infra	Howrah, Dassnagar Amta Road P O Dassnagar, West Bengal	Global Innovative Infra Limited	0284 Dassnagar Amta Road P O Dassnagar, Howrah, WB	1
4	S1-921157550	S3-870130	false_negative	India	Global Innovative Infra	Howrah, Dassnagar Amta Road P O Dassnagar, West Bengal	Global Innovative Partners	Howrah, No. 0284 Dassnagar Amta Road P O Dassnagar, Howrah, WB	1
4	S1-554146605	S3-622999042	blocking_miss	India	Reliance Building Private Limited	1226/1A, 3Rd Main, Krishnamurthy Puram, Mysore, Karnataka	Sri Re1iance Building Private Limited	226/1A, Mysore, KA	0
4	S1-390872114	S3-74004899	false_positive	US	Columbus, Borough Of	2526 Stafford Place, Columbus, OH	Dmcolumbus.Com	Stafford Place, Columbus, Ohio	1
4	S1-352825096	S2-630986552	false_negative	US	Superior Printing Union Group	IN, 15441 700, Gaston	SUPERIOR PRINTING UNION ÍNC	15441 1/2 700, GASTON, IN	1
4	S1-887420355	S2-323721698	false_negative	India	West Delhi World Private Limited	16/52A, Tilak Nagar West Delhi, Delhi, West Delhi, Delhi	West Delhi World		1
4	S1-637321362	S2-138919526	blocking_miss	US	Optimal Spire P.C.	504 Park Street, Stuart, IA	óptimalspire.com	04 PARK STREET, STUART, IA	0
4	S1-637321362	S3-743736140	false_negative	US	Optimal Spire P.C.	504 Park Street, Stuart, IA	Optimal P.C. Center	Park St, Stuart CITY, Iowa	1
4	S1-436718241	S2-560208429	false_negative	US	Darlington Coastal Disciplined	Vancouver, 1410 142nd Avenue, WA	Dar1ington Coastal	1410-1412 142RD AVENUE, VANCOUVER, WA	1
4	S1-395947638	S2-554169320	false_negative	US	Vania Flores, O.D.	422 Lake Bluff Lane, Town Of Grafton, WI	Flores,, Vania OD	42 LAKE BLUFF LANE, GRAFTON CTY, WI	1
4	S1-343352127	S2-203403816	false_negative	US	Deanne Willis, O.D.	Salt Lake City, 275 Main Street, Unit 508, UT	Deanne Willis, O.D. Inc.		1
4	S1-847551411	S3-466894516	false_positive	US	Hille Commodities	115-36 198 Street, Saint Albans, NY	Hille Commodities Inc	Saint Albans, 00115-45 198 Street, New York	1
4	S1-928944555	S2-97148652	false_negative	India	Blue It Pvt Ltd	B-804, Tower 4 Nx One, Techzone 4, Bishrakh, Gautam Buddha Nagar, Uttar Pradesh	ब्लू आईटी प्रा. लि.	B-04, TOWER 4 NX ONE, TECHZONE 4, BISHRAKH, GAUTAM BUDDHA NAGAR, उत्तर प्रदेश	1
4	S1-928944555	S3-435887110	blocking_miss	India	Blue It Pvt Ltd	B-804, Tower 4 Nx One, Techzone 4, Bishrakh, Gautam Buddha Nagar, Uttar Pradesh	Solnex	Door No 753 B-804, Bishrakh, Gautam Buddha Nagar, उत्तर प्रदेश	0
4	S1-922609104	S3-504330249	false_positive	US	Pioneer Software Studios LLC	49 Westview Terrace, Fallsburg, NY	Fayekelo	49 Westview Terrace, Fallsburg, New York	1
4	S1-114386006	S3-246900730	false_negative	US	Pierrette Lyons Mountain Inflection	105 Welch Drive, High Point, NC	Gildcira	105 Welch Dr, High Point, North Carolina	1
4	S1-737699565	S3-383731483	false_negative	US	Silver Book Store	15671 St Highway 105, Cleveland, TX	Lyrasol	15671-15675 St Highway 105, Cleveland, Texas	1
4	S1-545357842	S2-313428533	blocking_miss	India	International Trading Private Limited	No.80, Ii Floor Godown Street, Chennai, Tamil Nadu	இன்டர்நேஷனல் டிரேடிங் பிரைவேட் லிமிடெட்	DOOR NO C-80, CHENNAI, MADRAS, Tamil Nadu	0
4	S1-585904255	S2-235708478	false_negative	US	Mcarthur Aegon of Forrest City Inc	37 St Francis 327 Road, Forrest City, AR	Mcarthur Aegon of Forrest Inc Services		1
4	S1-822463770	S2-861303731	false_negative	India	MS Lifesciences Private Limited	108 C, Pocket F Mayur Vihar, Phase - Ii, New Delhi, Delhi	MS Lifesciences Limited Center		0
4	S1-822463770	S3-622464844	blocking_miss	India	MS Lifesciences Private Limited	108 C, Pocket F Mayur Vihar, Phase - Ii, New Delhi, Delhi	MS Private Limited Services	New Delhi, DL, East, #108 C	0
4	S1-828722111	S3-23134723	false_negative	India	Mahbubnagar Exports Ltd	H.No 9-34, Singotam Kollapur, Singavatnam, Mahbubnagar, Mahabubnagar, Telangana	Mahbubnagar Exports Ltd		1
4	S1-841176186	S3-242684466	false_negative	India	Pune Services Corp	Pune, Building B-4, Fl- 24 Shriram Nagar, Dp Road, Aundh, Maharashtra, Pune, Sr 138/1A/2/1	>> Pune 5ervices	Sr 138/1A/2/1, Pune, Pune City, MH	1
4	S1-778232019	S3-409594729	false_negative	US	Chiropractic Care of Anthon LLC	3314 180th Street, Anthon, IA	Chiropractic Care of Anthon LLC Trust		1
4	S1-440617218	S3-530941726	false_negative	India	Arihant Estate Private Limited	A-62 Vishal Enclave Rajouri Garden, New Delhi, North West, Delhi	Dr Mirapyranovi	A-62 Vishal Enclave Rajouri Garden, West Delhi, North West, दिल्ली	0
4	S1-885373238	S2-362449526	false_positive	US	Strategic Intelligence Digital LLC	3601 Roosevelt Road, Little Rock, AR	6ULF ABONY	3601 ROOSEVELT ROAD, LITTLE ROCK, AR	1
4	S1-804291333	S3-129269816	false_negative	India	Classic Impex Private Limited	Mafi By Pass At Sh 83, Counsil Of Lucknow School, Warisaliganj, Nawada, Bihar	Gildfaye	Mafi By Pass At Sh 83, Warisaliganj, BR	1
4	S1-955869754	S3-731032739	false_negative	US	Mccallister Express Ligand LLC	IN, 9022 Slate Road, Evansville	Mccallister Express Ligand	Slate Road, Evnsville, Indiana	1
4	S1-955869754	S3-955859715	false_negative	US	Mccallister Express Ligand LLC	IN, 9022 Slate Road, Evansville	Mccallister Express Ligand	#8950 Slate Rd, Evnsville, Indiana	1
4	S1-771472627	S3-762472306	false_negative	India	DF Infraprojects Private Limited	605, Dun Apartment, 6Th Floor 225/27, J. Dadajee Road, Tardeo, Mumbai, Mumbai City, Maharashtra	Evodovacira One	605, Dun Apartment, 6Th Floor 225/27, J. Dadajee Road, Tardeo, Mumbai, Mumbai City, Maharashtra	1
4	S1-928273400	S2-142647241	false_negative	US	Nguyen Restaurants Co	1937 Temple Hills, Van Alstyne, TX	rnguyen.com	TEMPLE HILLS, VAN ALSTYNE, TX	1
4	S1-654731643	S3-903246858	false_negative	India	Global Asset Poultry Private Limited	B-17, Ansal Chambers-Ii Bhikaji Cama Place, New Delhi, Delhi	Limited Global Asset Private Center	Plot 910 B-17, Ansal Chambers-ii Bhikaji Cama Place, South West Delhi, New Delhi, DL	1
4	S1-924887502	S2-20664954	false_negative	US	Sullivan, Cortes and Black LLC	WI, City Of Fond Du Lac, 731 Pioneer Road	Sullivan, Cortes and Black		1
4	S1-803090231	S2-640858683	false_negative	US	Wilhelmina Belford, Ph.D.	4016 Betsy Ross Court, James City County, VA	WILHELMINA BELFORD,	BETSY ROSS CT, WILLIAMSBURG, VA	1
4	S1-803090231	S3-862773252	false_negative	US	Wilhelmina Belford, Ph.D.	4016 Betsy Ross Court, James City County, VA	Wilhelmina Belford, Ph.D. LLC		1
4	S1-812185567	S2-793168111	blocking_miss	India	Roopavi Multi Private Limited	Ff-28, Plot No. 1, Bg-1 & Bg-2, Emaya, Paschim Puri, New Delhi, West Delhi, Delhi	Gildgildgild	FF-28, NEW DELHI, WEST DELHI, दिल्ली	0
4	S1-71491745	S3-591580324	false_positive	US	Modern Unified Mines Inc.	Summerville, OR, 64633 Cherrywood Road	Modern Unified Mines		1
4	S1-790151737	S3-35373798	false_negative	US	Heritage Design Industries LLC	7 Bishop Hill Road, East Hampton, CT	HDI	7 Bishop Hill Road, East Hampton, CT	1
4	S1-74891904	S2-577170130	false_negative	US	Foot & Ankle Apex Associates LLC	8311 Parkland Circle, Charlotte, Unit 101, NC	Foot & Ankle Apex Associates L.L.C.	8299 PARKLAND CIR, CHARLOTTE, NC	1
4	S1-352663464	S2-563592420	false_negative	India	Sree Enterprises Private Limited	Mohan Mill Compound Ghodbunder Road, Thane West, Thane, Maharashtra	SREE ENTERPRISES LIMITED CENTER	POLT 647 MOHAN MILL COMPOUND GHODBUNDER ROAD, THANE WEST, महाराष्ट्र	1
4	S1-352663464	S3-270918742	false_negative	India	Sree Enterprises Private Limited	Mohan Mill Compound Ghodbunder Road, Thane West, Thane, Maharashtra	श्री एंटरप्राइजेज प्राइवेट लिमिटेड	H.no 0871 Mohan Mill Compound Ghodbunder Road, Thane, Thane West, MH	0
4	S1-352663464	S3-628134181	false_negative	India	Sree Enterprises Private Limited	Mohan Mill Compound Ghodbunder Road, Thane West, Thane, Maharashtra	श्री एंटरप्राइजेज प्राइवेट लिमिटेड	0871 Mohan Mill Compound Ghodbunder Road, Thane, Thane West, MH	0
4	S1-111845358	S2-274173469	blocking_miss	US	Vision Care	IA, Norwalk, 2890 Park Place	Visi0n Care		0
4	S1-754130332	S3-465446484	false_negative	India	Solutions Kolkata Laboratories Private Limited	2/267, Sheltar House, Po Palappuram, Ottapalam, Palakkad, Kerala	Solutions Kolkata Laboratories Private		1
4	S1-572259008	S3-11471641	false_negative	India	Lotus Consulting Pvt Ltd	3104Highway No 57 Main Road Kanti Nagar Krishan Nagar, Delhi, South Delhi, Delhi	Xyloyuma One	3104Highway No 57 Main Road Kanti Nagar Krishan Nagar, Delhi, South Delhi, Delhi	1
4	S1-742537787	S3-363596974	false_negative	India	Silver Services Limited	Balaji Incense Llp, Kagglipura Colony, Kagglipura, Bangalore, Karnataka	Silver Services	#378 Balaji Incense Llp, Bengaluru Rural, Bangalore, KA	1
4	S1-742537787	S3-624846797	false_negative	India	Silver Services Limited	Balaji Incense Llp, Kagglipura Colony, Kagglipura, Bangalore, Karnataka	Smt Silver Limited Services	#378 Balaji Incense Llp, Bengaluru Rural, Bangalore, KA	1
4	S1-690192478	S2-630584943	false_negative	US	Murielle N. Lake, O.D.	4413 Store Lane, Stevensville, MT	Murielle N. Láke, O.D.		1
4	S1-639539351	S2-493676260	false_negative	US	Tri-State Limited Clinic	250 San Antonio Street, Bandera, TX	TRI-STATE LIMITED CLÍNIC		1
4	S1-107535407	S3-831595761	false_negative	US	St. Synagogue	39 Prospect Avenue, Patchogue, NY	St. [Synagogue]	Prospect Avenue, <NULL>, Patchouge, New York	1
4	S1-107535407	S3-908884891	false_negative	US	St. Synagogue	39 Prospect Avenue, Patchogue, NY	St. Synagogue Corp	37 Prospect Avenue, <NULL>, Patchouge, New York	1
4	S1-90249975	S2-127872482	false_negative	US	Busick Charter School	532 Riley Street, Buffalo, NY	Busick Charter Shol		0
4	S1-760993697	S2-331749942	blocking_miss	India	Cactus Finance	Kochi, Opposite Chavra Church Monastery Road, Ernakulam South, Ernakulam, Kerala, Ambazakadan Buildings	Cactus Flnance		0
4	S1-760993697	S2-572045729	false_negative	India	Cactus Finance	Kochi, Opposite Chavra Church Monastery Road, Ernakulam South, Ernakulam, Kerala, Ambazakadan Buildings	Cactus Finance Ltd		1
4	S1-714649266	S3-902177394	false_negative	US	Forge LLC	IN, Terre Haute, 1662 5th Avenue	forge.com	5th Ave, Terre Hatue, Indiana	1
4	S1-702979773	S2-157768902	false_positive	India	Av Transfer Pvt. Ltd.	1, R.N. Mukherjee Road 5Th Floor, Room # 26, Kolkata, Howrah, West Bengal	Av Trading Pvt. Ltd.	22, R.N. MUKHERJEE ROAD 5TH FLOOR, ROOM # 26, KOLKATA, West Bengal	1
4	S1-702979773	S3-426278810	false_negative	India	Av Transfer Pvt. Ltd.	1, R.N. Mukherjee Road 5Th Floor, Room # 26, Kolkata, Howrah, West Bengal	Av Transfer Pvt. Ltd.	WB, Howrah, North 24 Paraganas, 1	1
4	S1-702979773	S3-750693966	blocking_miss	India	Av Transfer Pvt. Ltd.	1, R.N. Mukherjee Road 5Th Floor, Room # 26, Kolkata, Howrah, West Bengal	Dr avtransfer.com	1, Kolkata Region, Kolkata, পশ্চিমবঙ্গ	0
4	S1-249861468	S3-922366244	false_negative	India	Mkj Trust Pvt Ltd	Mehrana, Panipat, Haryana	Mkj Pvt Ltd Partners		1
4	S1-232271735	S3-717247794	blocking_miss	US	Synis Inc	W16210 Old J Road, Town Of Silver Cliff, WI	Ariadrexbelo	Old J Road, Athelstane, Wisconsin	0
4	S1-888311841	S2-304823889	false_negative	US	Great Nova Inc	1408 Bluebonnet Lane, Prosper, TX	GREAT NOVA #36240	1688. BLUEBONNET LANE, TX, PROSPER	1
4	S1-888311841	S3-514740348	false_negative	US	Great Nova Inc	1408 Bluebonnet Lane, Prosper, TX	Great Nova		1
4	S1-387602890	S3-349456639	false_negative	India	Unique Developers Limited	Sai Building, 46/47, Opposite Dsr Apex&Vertex, Bangalore South, Bangalore, Karnataka	Unique Dévelopers Limited	Sai Building, Bengaluru Urban, Bangalore South, KA	1
4	S1-387602890	S3-827481304	false_negative	India	Unique Developers Limited	Sai Building, 46/47, Opposite Dsr Apex&Vertex, Bangalore South, Bangalore, Karnataka	Unique Limited Developers		1
4	S1-760365361	S3-53214515	false_negative	US	United Society LLC	9 Sleeper Street, Chelmsford, MA	United Society-LLC		1
4	S1-596750578	S3-1906824	false_negative	India	High Developers Private Limited	Office-1606, Kamdhenu Commerz, Panvel, Raigarh(Mh), Maharashtra	Arialyraio	Office-1606, Kamdhenu Commerz, Panvel, Raigarh(Mh), Maharashtra	1
4	S1-347195587	S2-553502746	false_negative	US	Briones's Couriers	7408 Ledgestone Drive, Amarillo, TX	VEOSYN	LEDGESTONE DRIVE, AMARILLO, TX	1
4	S1-794869616	S2-390645540	false_negative	India	City Software Private Limited	Bihar, Muzaffarour, S/O Shri Mahesh Sharma, Sonu Travel, Khabra, N.H. 28, Muzaffarpur	सिटी सॉफ्टवेयर प्राइवेट लिमिटेड	S/O SHRI MAHESH SHARMA, MUZAFFAROUR, Bihar, MUZAFFARPUR	1
4	S1-794869616	S2-650712480	false_negative	India	City Software Private Limited	Bihar, Muzaffarour, S/O Shri Mahesh Sharma, Sonu Travel, Khabra, N.H. 28, Muzaffarpur	सिटी सॉफ्टवेयर प्राइवेट लिमिटेड	S/O SHRI MAHESH SHARMA, MUZAFFAROUR, MUZAFFARPUR, Bihar	1
4	S1-794869616	S3-366056105	false_negative	India	City Software Private Limited	Bihar, Muzaffarour, S/O Shri Mahesh Sharma, Sonu Travel, Khabra, N.H. 28, Muzaffarpur	सिटी सॉफ्टवेयर प्राइवेट लिमिटेड	S/o Shri Mahesh Sharma, Muzaffarour, Muzaffarpur, बिहार	1
4	S1-599865993	S3-423109909	blocking_miss	India	United Green Power	11-15-174, Doctors Colony, Saroornag, Saroornagar, K.V.Rangareddy, Telangana	యునైటెడ్ గ్రీన్ పవర్	11-15-174, TG, Rangareddy	0
4	S1-897782822	S3-265219000	false_negative	US	Family Heritage Specialists	705 Washington Street, Unit C, Canton, MA	Family Heritage Service	Washington St, Canton, Massachusetts	1
4	S1-906255871	S2-142888296	blocking_miss	India	Indian Trading Private Limited	Vill- Gurerait Po- Rajarhat North 24 Parganas, Rajarhat North 24 Parganas, Rajarhat, North 24 Parganas, West Bengal	Indian Trading Private Enterprises		0
4	S1-454235316	S2-294393421	false_negative	US	CX Fifth L.L.C.	245 2nd Street, Unit 56, Mesa, AZ	CX Fifh L.L.C.	240 SECOND ST, MESA, AZ	1
4	S1-454235316	S2-494967696	false_negative	US	CX Fifth L.L.C.	245 2nd Street, Unit 56, Mesa, AZ	CX Figfht L.L.C.	AZ, 240 2ND STREET, MESA	1
4	S1-420582670	S2-173794166	false_negative	India	Life Technology Pvt Ltd	Morbi, 202, Rajkot, Gujarat, Themes Heights, Sanskar Residency, Bh. Krishna School, Ravapar, Morbi	લાઇફ ટેક્નોલોજી પ્રા. લિ.	HN 243 202, THEMES HEIGHTS, SANSKAR RESIDENCY, BH. KRISHNA SCHOOL, RAVAPAR, MORBI, MORBI, RAJKOT, Gujarat	1
4	S1-420582670	S3-238963435	false_negative	India	Life Technology Pvt Ltd	Morbi, 202, Rajkot, Gujarat, Themes Heights, Sanskar Residency, Bh. Krishna School, Ravapar, Morbi	લાઇફ ટેક્નોલોજી પ્રા. લિ.	202, Themes Heights, Sanskar Residency, Bh. Krishna School, Ravapar, Morbi, Morbi, Rajkot, GJ	1
4	S1-448438915	S3-734995279	false_negative	US	Value Payroll Advisors	3024 57th Street, Sioux Falls, SD	Ariakelo	302 57th St, Sioux Falls, South Dakota	1
4	S1-91331134	S2-436314023	false_negative	India	Dynamic Care Private Limited	Uttar Pradesh, Noida, C-196, Second Floor, Sector-63, Gautam Buddha Nagar, Svam Work	डायनामिक केयर प्राइवेट लिमिटेड	SVAM WORK, GAUTAM BUDDHA NAGAR, Uttar Pradesh, NOIDA	1
4	S1-67722306	S2-619350522	false_negative	US	4590 Main Street Properties	Eufaula, 613 Foley Street, OK	4590 Main-Street Properties Ltd		1
4	S1-67722306	S3-895534434	false_negative	US	4590 Main Street Properties	Eufaula, 613 Foley Street, OK	4590 Main Properties Center	Foley Street, Eufaula, Oklahoma	1
4	S1-126157191	S2-530258091	blocking_miss	US	Underwood Health Center LLC	58 Pennsylvania Avenue, Unit Apartment 2, Albany, NY	underwoodhealthcenter.com	58 PENNSYLVANIA AVE, ALBANY, NY	0
4	S1-749526407	S3-392726367	false_negative	India	Prudentia Metals Private Limited	Shop No. 4 Infront Of Palia Montessori School, Sampurna Nagar Road Palia Kalan, Kheri, Uttar Pradesh	Prudentia Metaem1s Private Limited	Infront Of Palia Montessori School, Sampurna Nagar Road Palia Kalan, उत्तर प्रदेश	1
4	S1-504944747	S3-515608821	false_negative	US	Direct Allspring LLC	1829 Autumn Ridge, Washington, IL	Irigild	1829 Autumn Ridge, Washington, Illinois	1
4	S1-595123636	S3-342845629	blocking_miss	India	Tirupati Developers	Shop No. 04, Ground Floor Pooja Colony, Bramhakrishna Tower, Hotal Smr Place, Main Road Neelbad, Bhopal, Madhya Pradesh	तिरुपति डेवलपर्स	Bhopal, H.no 04, Bhopal, MP	0
4	S1-159360126	S2-232097888	false_negative	US	Housing Trust of Binghamton LLC	62 Pine Street, Unit Apartment 2, Binghamton, NY	Housing of Trust Binghamton LLC		1
4	S1-893319215	S2-314806371	false_negative	India	City Software Limited	# 37, 60Ft Rd, Bhoopasandra Sanjaynagar, New Extn, Bangalore, Karnataka	ಸಿಟಿ ಸಾಫ್ಟ್‌ವೇರ್ ಲಿಮಿಟೆಡ್	BANGALORE, 60FT RD, BHOOPASANDRA SANJAYNAGAR, NEW EXTN, Karnataka, BANGALORE, # #37	1
4	S1-556181217	S2-690486115	false_negative	India	Universal Services Private Limited	1D, Howrah, West Bengal, Camac Court, 25B Camac Street, Kolkata, Kolkata	ইউনিভার্সাল সার্ভিসেস প্রাইভেট লিমিটেড	CAMAC COURT, 25B CAMAC STREET, KOLKATA, KOLKATA, PLOT 560 1D, SOUTH PARGANAS, West Bengal	1
4	S1-556181217	S3-508378192	blocking_miss	India	Universal Services Private Limited	1D, Howrah, West Bengal, Camac Court, 25B Camac Street, Kolkata, Kolkata	Universal 5ervices Private Limited	1D, Kolkata, WB	0
4	S1-907329102	S2-62598144	false_positive	US	Granite Inc	729 Lynderhill Lane, Matthews, NC	INC GRANITE	NC, 1320 MATTHEWS PLANTATION DRIVE, MATTHEWS	1
4	S1-907329102	S2-408627883	false_negative	US	Granite Inc	729 Lynderhill Lane, Matthews, NC	Granite Incorporated Enterprises		0
4	S1-724992348	S2-459591277	false_negative	US	Metro Coalition	707 7th Street, City Of Merrill, WI	METRO ((COALITION))		1
4	S1-724992348	S3-675128143	blocking_miss	US	Metro Coalition	707 7th Street, City Of Merrill, WI	Lumtavo	0707 Seventh St, Merill, Wisconsin	0
4	S1-724992348	S3-751987604	false_negative	US	Metro Coalition	707 7th Street, City Of Merrill, WI	metro coalition Trading		1
4	S1-668464209	S2-230419748	false_negative	US	Zinea Inc	601 Elmwood Avenue, Springfield, MO	SYNWEX	601 ELMWOOD AVE, SPRINGFIELD, MO	1
4	S1-137415863	S2-608588596	false_negative	US	Metro Advanced Grading LLC	151 Main Street, Ossining, NY	Metro Grading Advanced LLC - 3594228568	PO BOX 3838, OSSINING TOWNSHIP, 151 MAIN STREET, NY	1
4	S1-78390350	S3-416663339	blocking_miss	US	Metro Enterprises LLC	5763 Crisp Springs Road, Mcminnville, TN	Metro Enterprises LLC		0
4	S1-638851484	S2-361425332	singleton_false_merge	India	PIL Sealing Pvt. Ltd.	Jaipur, Rajasthan, Opp. Om Hotel Kings Road, 74	SIL Sealing Pvt. Ltd.	74, OPP. OM HOTEL KINGS ROAD, Rajasthan	1
4	S1-169257565	S3-567759333	false_negative	US	R+ Home Improvements LLC	113 56th Street, Chicago, IL	R+ Home Improvements LLC		1
4	S1-169257565	S3-674225612	false_negative	US	R+ Home Improvements LLC	113 56th Street, Chicago, IL	R+ Home	Chicaggo CITY, Illinois, 113 56th St	1
4	S1-606485424	S2-525594957	blocking_miss	US	A Precision Internet L.L.C.	786 6, Volney, NY	A Precision	78 6, FULTON, NY	0
4	S1-606485424	S2-911050501	blocking_miss	US	A Precision Internet L.L.C.	786 6, Volney, NY	LLC A Precision Intnrfet	NY, FULTON, 78 6	0
4	S1-449224965	S2-799201296	blocking_miss	India	Balaji Media Private Limited	No. 10 And 11, Vikas Nagar Link Road, Tumkur Main Road, Nagasandra, Bangalore North, Bangalore, Karnataka	ಬಾಲಾಜಿ ಮೀಡಿಯಾ ಪ್ರೈವೇಟ್ ಲಿಮಿಟೆಡ್	BANGALORE NORTH, NO. 10 AND 11, BANGALORE, ಕರ್ನಾಟಕ	0
4	S1-264306723	S3-178966298	false_negative	India	Digital It Private Limited	Maharashtra, Raigarh(Mh), Shop-23, Pl-5, Sec-2, Growmore Tower, Panvel	Digital It-Limited Pártners	Shop-b3/23, Panvel, MH	1
4	S1-264306723	S3-806311015	false_negative	India	Digital It Private Limited	Maharashtra, Raigarh(Mh), Shop-23, Pl-5, Sec-2, Growmore Tower, Panvel	Digital It Private	Shop-b3/3, Panvel, Raigarh(mh), MH	1
4	S1-188099919	S2-122712122	false_negative	India	Dream Green Management	Plot No 18 Krisna Nagar -A Sarna Doongar, Jaipur, Rajasthan	ड्रीम ग्रीन मैनेजमेंट	H.NO 1 KRISNA NAGAR -A SARNA DOONGAR, JAIPUR, राजस्थान	1
4	S1-188099919	S3-654194778	false_negative	India	Dream Green Management	Plot No 18 Krisna Nagar -A Sarna Doongar, Jaipur, Rajasthan	Dream ग्रीन मैनेजमेंट	Jaipur, No 1 Krisna Nagar -A Sarna Doongar, RJ	1
4	S1-929942942	S3-384670988	false_negative	US	Urgent Care Signature Specialists	77 Marianne Road, Waltham, MA	Services Signature Specialists Urgent	Marianne Road, Waltham, Massachusetts	1
4	S1-929942942	S3-551447128	false_negative	US	Urgent Care Signature Specialists	77 Marianne Road, Waltham, MA	Urgent Care Signature		0
4	S1-42309155	S2-319148697	false_negative	India	India Saro Enterprises Group	042, Atlanta, Nariman Point, Mumbai, Maharashtra	INDIA SARO		1
4	S1-379470230	S2-649913329	false_negative	India	Mad India Pvt Ltd	West Bengal, South 24 Parganas, Kolkata, 92 Jogindra Garden	Mad Mad Pvt Ltd Services	92 JOGINDRA GARDEN, KOLKATA, West Bengal	1
4	S1-977785440	S2-141093099	false_negative	US	First Synagogue P.C.	245 Blue Heron Ln, Mathews County, VA	First Synagogue LLC	COBBS CREEK, 245 BLUE HREON LN, VA	1
4	S1-977785440	S3-553613593	blocking_miss	US	First Synagogue P.C.	245 Blue Heron Ln, Mathews County, VA	First P.C. Partners		0
4	S1-558939155	S2-945584181	false_negative	India	Bharat Consultancy	H No 39/5527E, Fourth Floor, South Square Building Panampilly Nagar, Kochi, Ernakulam, Kerala	ഭാരത് കൺസൾട്ടൻസി	39/5527E, Kerala, COCHIN, ERNAKULAM	1
4	S1-417781608	S2-284745247	false_positive	India	Vijayawada Facade Limited	H No. 33-10-13, Srinivasa Rao Street Seetarampuram, Vijayawada, Srikakulam, Andhra Pradesh	Vijayawada Industries Limited	H.NO 33-10-13 , SRINIVASA RAO STREET SEETARAMPURAM, VIJAYAWADA, Andhra Pradesh	1
4	S1-417781608	S2-461485657	false_positive	India	Vijayawada Facade Limited	H No. 33-10-13, Srinivasa Rao Street Seetarampuram, Vijayawada, Srikakulam, Andhra Pradesh	VIJAYAWADA INDUSTRIES LIMITED	H NO. 33-10-13, SRINIVASA RAO STREET SEETARAMPURAM, VIJAYAWADA, ఆంధ్రప్రదేశ్	1
4	S1-417781608	S3-16521328	false_positive	India	Vijayawada Facade Limited	H No. 33-10-13, Srinivasa Rao Street Seetarampuram, Vijayawada, Srikakulam, Andhra Pradesh	-- Vijayawada-Industries	Srikakulam, H No. C-33-10-13, Srinivasa Rao Street Seetarampuram, Vijayawada, ఆంధ్రప్రదేశ్	1
4	S1-417781608	S3-931277031	false_positive	India	Vijayawada Facade Limited	H No. 33-10-13, Srinivasa Rao Street Seetarampuram, Vijayawada, Srikakulam, Andhra Pradesh	Vijayawada Industries	No C-33-10-13, Srinivasa Rao Street Seetarampuram, Vijayawada, Srikakulam, ఆంధ్రప్రదేశ్	1
4	S1-340811818	S2-528461941	blocking_miss	US	Big Bakery	302 Rose Avenue, Kannapolis, NC	bigbakery.c0m	302 ROSE AVE, KANNAOPLIS, NC	0
4	S1-167549411	S3-43335131	false_negative	India	BZQ Investment LLP	B-1005, Titanium Square, Nr. Parsoli Mootors, Thaltej, Ahmedabad, Gujarat	BZQ Investment		1
4	S1-511217303	S2-144203491	blocking_miss	India	Maa Shakti Ventures Private Limited	Plot No.27, Palaniyappa Nagar 2Nd Street Thapalpetti, Madhavaram, Chennai, Tamil Nadu	மா சக்தி வென்ச்சர்ஸ் பிரைவேட் லிமிடெட்	27, THIRUVALLUR, CHENNAI, தமிழ்நாடு	0
4	S1-757216136	S3-974560778	false_positive	US	Murphy Debt	576 Ferndale Lane, Danville, IN	Murphy DEBT		1
4	S1-435448098	S2-786561197	blocking_miss	US	Desert Animal Hospital	W9600 Fairwood Road, Town Of Lowell, WI	desertanimalhospital.com	W9600 1/2 FAIRWOOD RD, REESEVILLE, WI	0
4	S1-422333513	S3-111051342	false_negative	India	Green Good Agro Private Limited	2-Kha-6, Deep Shree Tower, Kota, Rajasthan	Green Good Agro Private Limited		1
4	S1-836089981	S3-943123101	blocking_miss	India	Suryaika Development Limited	36, Strand Road 4Th Floor, Room-1, Kolkata, Howrah, West Bengal	Xyloecto	Plot 715 36, Kolkata, WB	0
4	S1-747305111	S2-335806967	false_negative	US	Vasquez, Christy M., CPA Care	Morgantown, 504 Brockway Avenue, WV	Vasquez, Christy M., CPA Care Inc. | www.vasquezc.com	503 BROCKWAY AVENUE, MORGANTOWN, WV	1
4	S1-747305111	S3-845086632	false_negative	US	Vasquez, Christy M., CPA Care	Morgantown, 504 Brockway Avenue, WV	Vasquez, Chrisyt M., CPA-Care CPA-Care	Brockway Ave, Morgatnown, West Virginia	1
4	S1-560300539	S2-653494572	blocking_miss	US	Human Rights Council	85 Sutherland Road, Unit 32, Boston, MA	councilrights.com (ID: 76984)	85 SUTHERLAND RD, BRIGHTON, MA	0
4	S1-657783365	S2-603380169	false_negative	US	Kramer, Gail, M.D.	172 Wiman Avenue, Staten Island, NY	kgmd.com	172 WIMAN AVE, STATEN ISLAND, NY	1
4	S1-152445126	S3-304964318	false_negative	US	Mureil Lozano Precision Purecycle Inc.	101 Columbus Lane, Springfield, KY	Mureil Lozano Precision Purecycle Inc | www.mureilloz.com	Columbus Lane, Kentucky, Springfielld	1
4	S1-152445126	S3-894334326	blocking_miss	US	Mureil Lozano Precision Purecycle Inc.	101 Columbus Lane, Springfield, KY	Mureillozanoprecision.Com	01 Columbus Lane, Springfielld, Kentucky	0
4	S1-587741099	S2-774427620	blocking_miss	India	Sunder Industry Private Limited	Shop No. T F -301, Dev Arcade, Naranpura Rly Crossing Road, Navin Park Society, Naranpura, Ahmedabad, Gujarat	PRIVATE SUNDER LNDUSTRY LIMITED	SHPO NO. T F -0301, AHMEDABAD, ગુજરાત	0
4	S1-325820777	S3-597527543	false_negative	US	Weber Complete Pimco, Inc	2326 10th Street, Bremerton, WA	Weber Complete Pimco,		1
4	S1-984890817	S2-495402087	false_positive	India	Good It Limited	Chak Gulamudin Patedhibelasar, Vaishali, Bihar	GOOD IT AGENCIES	#98 CHAK GULAMUDIN PATEDHIBELASAR, VAISHALI, Bihar	1
4	S1-504212397	S3-51323905	false_negative	US	Tilly Dieter Integrated Islands	669 Burns Street, Unit 106, Carol Stream, IL	Tilly Dieter Integrated Partners		1
4	S1-286074747	S3-941026793	false_negative	US	Unified Dynamic Israel Inc	6744 Independence Street, Ken Caryl, CO	Unified Dynamic Israel Inc	Independence St, Littlteon CDP, Colorado	1
4	S1-94807083	S3-28101240	blocking_miss	India	Aditya Hotels Limited	5 Bhagyalala Complex 7/3 Tadiwala Road, Pune City, Pune, Maharashtra	Aditya Haolns-Limited		0
4	S1-94807083	S3-667204011	false_negative	India	Aditya Hotels Limited	5 Bhagyalala Complex 7/3 Tadiwala Road, Pune City, Pune, Maharashtra	Aditya Hotels		1
4	S1-821811255	S2-977055380	false_negative	US	G & R Sachs Inc	12 Barton Street, Somerville, MA	G & R SACHS		1
4	S1-339939860	S3-308390693	false_negative	India	IA Housing Private Limited	No.290 Upstair 34Th Crossroad 9Th Main Iv Block Jayanagar, Bangalore, Karnataka	IA Housing Limited Services		1
4	S1-855394308	S3-743874570	false_negative	US	Federal Renewable LLC	6409 Charles Trail, Mckinney, TX	Renewable-LLC Federal Federal	6426- Charles Trl, Mckinney, Texas	1
4	S1-855394308	S3-894660569	false_negative	US	Federal Renewable LLC	6409 Charles Trail, Mckinney, TX	Frenewable.Com	6426- Charles Trail, Mckinney, Texas	0
4	S1-102723507	S2-458021386	false_negative	US	Tri-State Center Center	30379 Bruce Tomlin Road, Molalla, OR	Tri-State Center Center LP		0
4	S1-304510147	S2-150780041	false_negative	India	Southern Care Private Limited	Deshnok, Bikaner, Nh-89, Rajasthan	सदर्न केयर प्राइवेट लिमिटेड	#508 NH-89, DESHNOK, BIKANER, Rajasthan	1
4	S1-304510147	S3-669696473	blocking_miss	India	Southern Care Private Limited	Deshnok, Bikaner, Nh-89, Rajasthan	Southern Care Limited Center		0
4	S1-965545116	S3-198866782	false_negative	India	Allahabad Technologies Company	7/7/3 Nk Mukherji Marg Nk, Allahabad, Uttar Pradesh	Veonovi	7/7/3 Nk Mukherji Marg Nk, Allahabad, Uttar Pradesh	1
4	S1-46504336	S2-964170774	false_negative	India	Rps Edu-New Delhi	T-2536 S/F Subhash Nagar, Faiz Road Desh Bandhu Gupta Road, New Delhi, Central Delhi, Delhi	Rps Edu-New Services	DOOR NO 696 T-2536 S/F SUBHASH NAGAR, FAIZ ROAD DESH BANDHU GUPTA ROAD, NEW DELHI, <NULL>, Delhi	1
4	S1-46504336	S3-897237220	false_negative	India	Rps Edu-New Delhi	T-2536 S/F Subhash Nagar, Faiz Road Desh Bandhu Gupta Road, New Delhi, Central Delhi, Delhi	Rps Edu-New Services	No. #580 T-2536 S/f Subhash Nagar, null, New Delhi, Central Delhi, DL	1
4	S1-510346704	S2-596188730	false_negative	India	Sugar Developers Pvt Ltd	20/80, Yashwant Nagar, Road No. 1 Nr. Apana Bazaar, Goregaon West, Mumbai, Mumbai City, Maharashtra	Sugar Develdopers Pvt Ltd		1
4	S1-832733821	S2-97697826	false_negative	US	Josephina Carrillo Electricity	940 100, Bountiful, UT	The Josephina Carrillo Electricity		1
4	S1-69369128	S3-350188689	false_negative	India	Indo Apex Construction Private Limited	F/203 Vardhaman Shrusti, Maharashtra, Vishnunagar, Thane, Palghar	इंडो एपेक्स कंस्ट्रक्शन प्राइवेट लिमिटेड	F/03 Vardhaman Shrusti, Vishnunagar, Palghar, null, MH	1
4	S1-69369128	S3-63334418	false_negative	India	Indo Apex Construction Private Limited	F/203 Vardhaman Shrusti, Maharashtra, Vishnunagar, Thane, Palghar	Indo Apex Construction Private	F/03 Vardhaman Shrusti, Vishnunagar, Palghar, null, महाराष्ट्र	1
4	S1-300369434	S2-59301051	false_negative	US	Miis Ace Schwab PLLC	55 Green House Boulevard, West Hartford, CT	Miis Ace Schwab	322-326 GREEN HOUSE BLVD, W HARTFORD, CT	1
4	S1-796129373	S2-412672661	false_negative	US	Rideout Associates	21 Calle De Los Indios, Angel Fire, NM	Rideout Associates Corp	CALLE DE LOS INDIOS, ANGEL FIRE, NM	1
4	S1-796129373	S3-600586040	false_negative	US	Rideout Associates	21 Calle De Los Indios, Angel Fire, NM	Rideout Service		1
4	S1-93432179	S3-940135452	false_negative	US	First Property Products	2302 135th Street, Lubbock, TX	FIRST PROPERTY PRODUCTS		1
4	S1-96271449	S3-45837574	false_negative	US	Piedmont Preparatory Academy	7662 Lion Street, Rancho Cucamonga, CA	Piedmont Preparatory		1
4	S1-247588681	S3-778152594	false_negative	India	Pollachi International	Coimbatore, Pollachi, 10Venkataramapuram Street Pollachi, Tamil Nadu	The Pollachi International		1
4	S1-800493172	S3-280765778	false_negative	US	Kopp Anchor Cadenza Inc	4337 Rock Spring Road, King And Queen County, VA	Koppanchorcadenza.Com	Rock Spring Rd, Center Cross CITY, Virginia	0
4	S1-442123653	S2-46027934	false_negative	India	Bahadurgarh Beverages Pvt Ltd	C/O Nirmala, Yug Complex, Bank Road Ganesh Dhram Kanta, Bahadurgarh, Jhajjar, Haryana	Bahadurgarh Beverages Pvt Limited		1
4	S1-574564239	S2-80581097	false_positive	India	Vallabh Media Pvt Ltd	Sr No 191 Jakat Naka Near, Urdu School Nagpur Chawl, Pune City, Pune, Maharashtra	Vallabh Media Holdings Pvt Ltd.	SR NO 191 JAKAT NAKA NEAR, URDU SCHOOL NAGPUR CHAWL, PUNE CITY, Maharashtra	1
4	S1-325540043	S2-769940471	false_negative	India	Pune City Digital Corp	S P 3 F P No 117/121/2, Erandwana, Pune, Pune City, Pune, Maharashtra	Pune Cíty Digital Digital Corp		1
4	S1-325540043	S3-395027019	false_negative	India	Pune City Digital Corp	S P 3 F P No 117/121/2, Erandwana, Pune, Pune City, Pune, Maharashtra	Pune City Didl Corp	S P 4 F P No 117/121/2, Erandwana, Pune, Pune, MH	1
4	S1-879730196	S2-208109057	singleton_false_merge	US	KCV Allied Compania	411 Tamarisk Drive, Billings, MT	KVV Allied Compania	411 TAMARISK DR, BILLINGS, MT	1
4	S1-452950675	S3-759945480	false_negative	India	One Logistics LLP	Uttar Pradesh, C/O Sheoraj Singh, Bijnor, A/7, Adarsh Nagar, Near Ganda Nala, Najibabad, Bijnore	One LLP Services	Bijnor, UP, C/o Sheoraj Sinhg, Bijnore	1
4	S1-163436076	S2-690511002	false_negative	India	First It Private Limited	Anjali Vidhyamandir, 1St Floor, Anand Colony, Ajanta Park, M-61 No.63, Rajkot, Gujarat	ફર્સ્ટ આઈટી પ્રાઇવેટ લિમિટેડ	PLOT 823/6 ANJALI VIDHYAMANDIR, RAJKOT, Gujarat	1
4	S1-401967236	S2-879009501	false_negative	India	Chartered & Sons	Flat No 105 House No 1191 A/B/C/D Sector 19 Kharghar Murbi Village, Navimumbai, Raigarh, Maharashtra	M/s csons.com	105 HOUSE NO 1191 A/B/C/D SECTOR 19 KHARGHAR MURBI VILLAGE, RAIGARH, NAVIMUMBAI, Maharashtra	1
4	S1-97526727	S3-548112725	false_negative	India	ZJD (india) Private Limited	101-104, 1St Floor, Gcp Business Centre, Opp.Memnagar Fire Station, St.Xaviers School Road, Memn, Agar, Ahmedabad, Gujarat	Novifayekelo	Ahmedabad, 101-104, Ahmedabad, Gujarat, 1St Floor, Gcp Business Centre, Opp.Memnagar Fire Station, St.Xaviers School Road, Memn, Agar	1
4	S1-569165300	S3-390062856	false_negative	US	Fallon's Foods LP	3597 20, Richfield, NY	Fallon's-Foods		1
4	S1-719289706	S2-163915883	false_negative	India	Starlet Institute of Technology	Wz-47, Old Plot No 24 Near Saini Chowk, Bodella Village, Vikas Puri, North West, Delhi	STARLET INSTITUTE		1
4	S1-90155362	S3-964714804	false_negative	US	DN Medicine Inc	10843 Lockwood Drive, Silver Spring, MD	DN Medicine		1
4	S1-38132611	S3-637960371	blocking_miss	US	Womens Health Partners LP	3713 Seaman Street, Oregon, OH	Womens Health Partneers LP		0
4	S1-461337779	S2-48829218	false_negative	US	Low, Gilliam and Ried Star LLC	1050 Galatyn Parkway, Unit 1081, Richardson, TX	Low, Gilliam and Ried Star	1050 GALAYTN PKWY, PO BOX 252, RICHARDSON, TX	1
4	S1-461337779	S2-907700475	false_negative	US	Low, Gilliam and Ried Star LLC	1050 Galatyn Parkway, Unit 1081, Richardson, TX	Low, Gilliam and Ried	1050 GALATYN PARKWAY, PO BOX 252, RICHARDSON, TX	1
4	S1-349446071	S3-665131681	blocking_miss	India	Indian Om Investment LLP	A-101, Delhi, North Delhi, Delhi, Second Floor Hil Apartments, Sector-13, Rohini	इंडियन ॐ इन्वेस्टमेंट एलएलपी	Delhi, A-101, DL, North Delhi	0
4	S1-315467173	S3-370799118	false_negative	India	Universal Power Private Limited	91 Springboard Business Hub Pvt Ltd, Lvs Arcade, Plot No. 71, Jubilee Enclave, Hitec City, Madhapur, Shaikpet, Hyderabad, Telangana	యూనివర్సల్ పవర్ ప్రైవేట్ లిమిటెడ్	Shaikpet, Springboard Business Hub Pvt Ltd, Andhra Pradesh, Hyderabad	0
4	S1-576771073	S2-186882373	blocking_miss	India	Swastik Consultancy LLP	3Rd Floor, Unit No. 303, Tower - A, Sohna Road Iris Tech Park, Gurugram, Gurgaon, Haryana	स्वस्तिक कंसल्टेंसी एलएलपी	H.NO G-3RD FLOOR, GURUGRAM, GURGAON, हरियाणा	0
4	S1-562234557	S3-516293484	false_negative	India	JWU Services Pvt Ltd	C/Oramdev Nagar Palika Ke, Samane Nagour Road, Jodhpur, Rajasthan	jwuservices.com	C/oramdev Negar Palika Ke, Jodhpur, RJ	1
4	S1-804831196	S3-953406969	false_negative	India	Gold International Private Limited	H Near P No. 59 G/F Vpo P, New Delhi, South West Delhi, Delhi	Gold International Private		1
4	S1-729738889	S3-567466022	false_negative	India	Fennel Services Private Limited	102, Shree Nath Tower, 43, Hardev Colony, Sanganer, Jaipur, Rajasthan	Smt Fennel Limited Prívate Services	10, Shree Nath Tower, 43, Hardev Colony, Sanganer, Jaipur, RJ	1
4	S1-729738889	S3-715673042	false_negative	India	Fennel Services Private Limited	102, Shree Nath Tower, 43, Hardev Colony, Sanganer, Jaipur, Rajasthan	Fennel Services	10, Shree Nath Tower, 43, Hardev Colony, Sanganer, Jaipur, RJ	1
4	S1-743039790	S3-988319902	false_positive	India	Megacorp Education Associates	Plot No. 123, 1St & 2Nd Floor Janpath, Ashok Nagar, Bhubaneswar, Khordha, Orissa	Megacorp Education-Associates Industries	Plot No. ##124, 1St & 2Nd Floor Janpath, Ashok Nagar, Khordha, NULL, OD	1
4	S1-953831577	S3-787714275	false_negative	US	Sterling Construction Ventures LLC	482 Clearview Street, Pottstown Borough, PA	Sterling Construction Véntures	Clearview Street, Pottstwn, Pennsylvania	1
4	S1-868921637	S2-318115364	blocking_miss	India	Red Best Energy Limited	Flat No. G1, Ground Floor, Plot No. 87 Keshav Vihar, Gopalpura Bye-Pass, Jaipur, Rajasthan	रेड बेस्ट एनर्जी लिमिटेड	JAIPUR, FAAT NO. G##1, Rajasthan, JAIPUR DURGAPURA	0
4	S1-556785126	S3-951463881	false_negative	US	Cobb Construction Inc	906 Randolph Avenue, Enid, OK	Lyraveoecto	906 Randolph Ave, Enid, Oklahoma	1
4	S1-833400774	S3-800208930	false_negative	US	Great Scientific LLC	41 Patten Lane, Carlisle, MA	Great Scientific-[LLC]		1
4	S1-812940404	S3-208619965	false_negative	India	Malwa (India) Distributors Private Limited	Vill- Lodagalavanipalem, Post- Anandapuram, Anandapuram, Visakhapatnam, Vishakhapatnam, Andhra Pradesh	Malwa (India) Distributors Limited Service	345 Vill- Lodagalavanipalem, Post- Anandapuram, Anandapuram, Visakhapatnam, Visakhapatanam, AP	1
4	S1-812940404	S3-689640512	false_negative	India	Malwa (India) Distributors Private Limited	Vill- Lodagalavanipalem, Post- Anandapuram, Anandapuram, Visakhapatnam, Vishakhapatnam, Andhra Pradesh	Malwa (sIndifa) Distributors Private Limited	AP, #345 Vill- Lodagalavanipalem, Visakhapatanam, Visakhapatnam, Post- Anandapuram, Anandapuram	1
4	S1-641021128	S3-494085304	false_negative	India	Sunmarg & Sons Private Limited	Chennai, Periyar Pathai, No 184, Tamil Nadu, Chennai	sunmargsons.com	H.no 184, Chennai, TN	1
4	S1-738248692	S2-783629725	singleton_false_merge	India	Lohagarh Solutions Private Limited	New Delhi, Central Delhi, 7/16 1St Floor West Patel Nagar, Delhi	Mr Lohagarh Solutions Industries Private	7/20 1ST FLOOR WEST PATEL NAGAR, NEW DELHI, Delhi	1
4	S1-916835191	S3-994950230	singleton_false_merge	India	Milestone & Partners	Visakhapatnam, 36-93-175, Vishakhapatnam, Andhra Pradesh, Indiranagar-4, Kancharapalem, Visakhapatnam	Milestone & Partners Pvt Ltd	Vishakhapatnam, Visakhapatnam, 36-93-182., AP, Indiranagar-4, Kancharapalem, Visakhapatnam	1
4	S1-305531409	S2-395312910	blocking_miss	US	Complete Commercial Systems Inc	269 Washington Street, Unit RIGHT, Quincy, MA	completecommercialcom	269A WASHINGTON STREET, QUINCY, MA	0
4	S1-158892594	S2-127941066	false_negative	US	4016 Highland Blvd Management Inc.	974 River Road, Walton, WV	4016 Highland Blvd		1
4	S1-133340832	S2-623349989	false_negative	India	Barnala Steel Limited	Dda Sfs Flat No.59 G/F Pkt-1, Sector-5 Dwarka, Delhi, South West Delhi, Delhi	Barnala Limited Steel Steel		1
4	S1-700278029	S3-647623344	false_positive	India	Builders Mata Plywood Pvt Ltd	Pune, S. No. 45/4A, Datta Mandir, Sangharsh Chauk, Chandan Nagar, Kharadi, Maharashtra, Pune, House No. 3/305	Builders Mata Plywood Enterprises Pvt	House No. 7-3/326, S. No. 45/4A, Datta Mandir, Sangharsh Chauk, Chandan Nagar, Kharadi, Poona, Pune, MH	1
4	S1-636094576	S2-1812737	singleton_false_merge	US	Olanova Blockchain Inc	316 Viking Drive, Hoyt Lakes, MN	Olanoari Blockchain Inc	MN, HOYT LAKES, 316 VIKING DR	1
4	S1-188335165	S3-971389588	false_negative	India	Arnav Travel (India) Private Limited	Karnataka, Bhive Workspace -No.112, Bangalore South, Bangalore Rural, Akr Tech Park, B Block	M/s Amav Travel (India) Limited Center	Bhive Workspace -No.1-12, Akr Tech Park, B Block, Bangalore Rural, Bangalore South, KA	1
4	S1-525185937	S3-513468221	blocking_miss	US	Worth Media PLLC	520 Mobile Estates Drive, Gray, LA	Worthmedia.Com	Mobile Estates Dr, Gray, Louisiana	0
4	S1-632547414	S3-205542188	false_negative	US	Sahr Technology LLC	5110 Kitchen Road, Benton, AR	Sahr Tecbmnlogy LLC	5109 Kitchen Road, Benton, Arkansas	1
4	S1-632547414	S3-746680606	false_negative	US	Sahr Technology LLC	5110 Kitchen Road, Benton, AR	Sahr-Technology	5109 Kitchen Rd, Benton, Arkansas	1
4	S1-872597333	S2-310396333	false_negative	US	XS Summit Developments	8132 Park Terrace Boulevard, Houston, TX	XS SUMMIT DEVELOPMENTS		1
4	S1-969317281	S3-620018190	false_positive	India	Xion & Associates	Uml House, Parag Park N.H. No.8 At & Post: Dashrath, Vadodara, Gujarat	Xion & Associates Pvt Ltd	No 0025 Uml House, Parag Park N.h. No.8 At & Post: Dashrath, Vadodara, Vadodara Sama Savli, GJ	1
4	S1-969317281	S2-626835831	false_negative	India	Xion & Associates	Uml House, Parag Park N.H. No.8 At & Post: Dashrath, Vadodara, Gujarat	Mr Xi0n + Associates Company	UML HOUSE, PARAG PARK N.H. NO.8 AT & POST: DASHRATH, VADODARA, Gujarat	1
4	S1-378539713	S2-109900742	blocking_miss	India	Life Energy Private Limited	Telangana, Andhra Pradesh, 1-2-384/1, Domalgudahyderabad Andhra Pradesh	లైఫ్ ఎనర్జీ ప్రైవేట్ లిమిటెడ్	1-2-384/1, ANDHRA PRADESH	0
4	S1-332751419	S2-444174306	blocking_miss	US	Frontier Enterprises L.L.C.	420 21st Street, Birmingham, AL	Frontier Enterprises L.L.C.	420 TWENTY FIRST SAINT, AL, BRMINGHAM	0
4	S1-905431387	S3-435249260	false_negative	US	Environmental Initiative	6021 Columbia 36, Magnolia, AR	Environmental Initiative Inc.		1
4	S1-600688	S3-683425692	false_negative	US	Silver Cloud Ventures LLC	429 Lincoln Avenue, Bridgeport, CT	Silver Ventures LLC Service		1
4	S1-208922160	S3-588070585	false_negative	US	Coastal Program	2 Sorrell Ridge Drive, Pelham, AL	Coastal Program LLC		0
4	S1-910251543	S3-2038534	false_negative	India	Rachana Consultants	Block No 2 3Rd Floor Abbas Manzil Opp Cigarette Factory Sahar Road Chakala Andheri East, Mumbai, Mumbai City, Maharashtra	Rachana Consultants LLP		0
4	S1-934221100	S3-55794358	blocking_miss	US	Littlefield Children's Trust L.L.C.	Littlefield, 103 27th Street, TX, Unit 103	Littlefieldchildrenstrust.Com	103 27th St, Unit 103, Littlefieldd CITY, Texas	0
4	S1-383992322	S2-365393171	false_positive	India	Exim Mart Ltd	3Rd Floor, H No: 1-98/90/24/1/1, Ksr Towers, Madhapur, Hyderabad, Telangana	Private Exim Mart Limited	4RD. FLOOR, HYDERABAD, H NO: 1-98/90/24/1/1, KSR TOWERS, MADHAPUR, Telangana, HYDERABAD	1
4	S1-954754118	S2-588660040	false_positive	US	Lopez Systems Inc.	811 Timberview Lane, Arlington, TX	Lopez Systems Inc	818 1/2 TIMBERVIEW LANE, ARLINGTON, TX	1
4	S1-954754118	S2-770806467	false_negative	US	Lopez Systems Inc.	811 Timberview Lane, Arlington, TX	Lopez Inc. Services		0
4	S1-54038338	S2-705658808	blocking_miss	US	Apex	12538 Doreen Drive, Riverton, UT	apex Enterprises		0
4	S1-18459017	S3-543590522	false_negative	US	Complete Data Innovations LLC	2 Canfield Avenue, Unit Apartment 403, White Plains, NY	Wexyumabelo+	White Plains, NY, 2 Canfield Avenue, Unit Apartment 403	1
4	S1-42975106	S2-687397006	false_positive	US	Olanon Midland LLC	15252 Seneca Road, Unit UNIT 171, Victorville, CA	OLANONYN MIDLAND LLC	15252 SENECA RD, <NULL>, VICTORVILLE, CA	1
4	S1-98225380	S2-309834421	blocking_miss	India	International Services	657-A, S/F, Gali No-12 Zakir Nagar, Okhla, New Delhi, South Delhi, Delhi	इंटरनेशनल सर्विसेज	657-A, NEW DELHI, SOUTH DELHI, Delhi	0
4	S1-98225380	S3-197194575	false_negative	India	International Services	657-A, S/F, Gali No-12 Zakir Nagar, Okhla, New Delhi, South Delhi, Delhi	International Services Co	S/f, Gali No-12 Zakir Nagar, Okhla, South Delhi, 57-A, दिल्ली, South East	1
4	S1-98225380	S3-263259071	false_negative	India	International Services	657-A, S/F, Gali No-12 Zakir Nagar, Okhla, New Delhi, South Delhi, Delhi	International Services Limited	South Delhi, 57-A, DL, South East, S/f, Gali No-12 Zakir Nagar, Okhla	1
4	S1-98225380	S3-331085460	false_negative	India	International Services	657-A, S/F, Gali No-12 Zakir Nagar, Okhla, New Delhi, South Delhi, Delhi	इंटरनेशनल Services	South East, South Delhi, DL, 57-A, S/f, Gali No-12 Zakir Nagar, Okhla	1
4	S1-98225380	S3-603869133	false_negative	India	International Services	657-A, S/F, Gali No-12 Zakir Nagar, Okhla, New Delhi, South Delhi, Delhi	इंटरनेशनल सर्विसेज	57-A, S/f, Gali No-12 Zakir Nagar, Okhla, New Delhi, South East, DL	1
4	S1-843235130	S3-463505029	false_negative	US	Spears School of Medicine	UT, Eagle Mountain, 8723 Peppergrass Drive	Spears Smool of Medicine		1
4	S1-537793370	S3-998770732	false_positive	US	Rivera, Gonzalez and Brann Property LLC	7726 Virginia Court, Willowbrook, IL	Lin, Gonzalez And Brann Property Llc	7726 Virginia Ct, Willowbrook, Illinois	1
4	S1-941778053	S3-562101430	false_negative	India	Al Engineering	Budge Budge Road Gopalpur Po Sarkarpool 24, West Bengal	Al Engineering-Ltd	Budge Budge Road Gopalpur Po Sarkarpool 23, WB	1
4	S1-769924231	S3-324023293	false_negative	India	City All Finance Private Limited	C/Ofive Startradingagency, Purba Medinipur, Midnapore, West Bengal, Shyamal Mondal Ranichak, Haldia	সিটি অল ফাইন্যান্স প্রাইভেট লিমিটেড	#911 C/ofive Startradingagency, Shyamal Mondal Ranichak, Haldia, Midnapore, WB	1
4	S1-519060834	S2-646268955	false_negative	US	Unified Commercial Global LLC	215 Farrwood Drive, Haverhill, MA	Unified Cómmercia1	715 FARRWOOD DRIVE, HAVERHILL, MA	0
4	S1-519060834	S3-957031945	false_negative	US	Unified Commercial Global LLC	215 Farrwood Drive, Haverhill, MA	Unified Cobmmreical Global LLC		0
4	S1-43344873	S2-519198623	false_negative	US	Legacy Signature Opportunity	207 Maple Street, Stanwood, IA	Legacy Signature Ópportunity		1
4	S1-852690020	S2-365583254	false_negative	India	Royal Constructions Private Limited	C/O Rita Das, Boinchtala, Dhapa Lp-98/5 Kolkata, Dhapa, South 24 Parganas, West Bengal	রয়্যাল কনস্ট্রাকশনস প্রাইভেট লিমিটেড	C/O RITA DAS, DHAPA, N/A, পশ্চিমবঙ্গ	0
4	S1-3016761	S2-526312782	blocking_miss	US	Federal Energy LLC	2779 Fm 3098, Maud, TX	FEDERAL LLC SERVICES		0
4	S1-341139408	S3-11689113	false_negative	US	Sallee Family Practice LLC	5104 Craig Avenue, Baltimore, MD	Sallee Family Practice [LLC]		1
4	S1-164951153	S3-371604550	false_negative	India	Ch Trading Private Limited	R/O. Villa No. 364, Sector-A, Myhome Ankura, Ramachandrapuram, Medak, Telangana	Sri Ch Trading Private	Block F-691 R/o. Villa No. 364, Sector-a, Myhome Ankura, Medak, Ramachandrapur, Andhra Pradesh	1
4	S1-699405693	S3-7617901	false_negative	US	Lark Woodhull Green Solar	95 Effie Prosser Road, Shelton, WA	Lark Woodhull Solar Center	199 Effie Prosser Rd, Shelton, Washington	1
4	S1-209592182	S2-496278574	blocking_miss	India	One Ventures	No.16/D, No. 790, Borlingappa Garden, Bangalore North, Bangalore, Karnataka	ಒನ್ ವೆಂಚರ್ಸ್	BENGALURU, 16/D, ಕರ್ನಾಟಕ, BANGALORE	0
4	S1-209592182	S2-542610383	blocking_miss	India	One Ventures	No.16/D, No. 790, Borlingappa Garden, Bangalore North, Bangalore, Karnataka	ಒನ್ ವೆಂಚರ್ಸ್	NO.16/D, BENGALURU, BANGALORE NORTH, Karnataka	0
4	S1-174261540	S2-961049803	blocking_miss	US	Bright Pilates Inc	5 Second Street, Unit A, Grafton, MA	@BRIGHTPILATES	NORTH GRAFTON TOWNSHIP, 5 SECOND STREET, MA	0
4	S1-174261540	S3-408872180	blocking_miss	US	Bright Pilates Inc	5 Second Street, Unit A, Grafton, MA	Bright Paolattes Inc (ID: 23867)	5 2rd St, Unit A, N. Grafton, Massachusetts	0
4	S1-497422386	S2-292559598	false_negative	US	3-Point	7720 Ranken Avenue, Fl 0, Saint Louis, MO	3-Point (ID: [34168)]	772 RANKEN AVENUE, ST LOUIS, MO	1
4	S1-497422386	S2-702771245	false_negative	US	3-Point	7720 Ranken Avenue, Fl 0, Saint Louis, MO	3-Point Center	772 RANKEN AVE, SAINT LOUIS, MO	1
4	S1-503082665	S2-660010058	false_negative	India	Galaxy Technology Private Limited	Mumbai, D-204 Pushpak Bldg Premium Park Agashi Road Bolinj, Thane, Maharashtra	गैलेक्सी टेक्नोलॉजी प्राइवेट लिमिटेड	D-B3/204 PUSHPAK BLDG PREMIUM PARK AGASHI ROAD BOLINJ, THANE, VIRAR WEST, महाराष्ट्र	1
4	S1-970391330	S2-678636486	false_negative	US	Cooper Dynamics LP	Shelbyville, IN, 904 Meridian Street	Cooper Dynamics	04 MERIDIAN STREET, SHELBYVILLE, IN	1
4	S1-606068198	S2-443212662	false_negative	US	Jackie Hill Unified Better LLC	1671 Moorefield Road, OH, Youngstown	Hill, Jackie Unified LLC Services	1671 1/2 MOOREFIELD ROAD, PO BOX 3759, YOUNGSTOWN, OH	1
4	S1-606690845	S3-929960893	false_negative	India	Up Impex LLP	H.No 1/537, Shastri Nagar, Sailu, Sailu, Parbhani, Maharashtra	Shri Up LLP Center	Door No #1/537, Shastri Nagar, Sailu, Sailu, MH	1
4	S1-613652483	S2-130816466	false_positive	US	Pediatric Dental Care	6808 Lowell Road, Westmoreland, NY	Westmoreland Pediatric Dental Care	6808 LOWELL RD, <NULL>, WESTMORELAND, NY	1
4	S1-613652483	S2-475838828	false_positive	US	Pediatric Dental Care	6808 Lowell Road, Westmoreland, NY	WESTMORELAND PEDIATRIC DÉNTAL CARE	6808 LWOELL RD, <NULL>, ROME, NY	1
4	S1-613652483	S2-534866926	false_positive	US	Pediatric Dental Care	6808 Lowell Road, Westmoreland, NY	WESTMORELAND PEDIATRIC DÉNTAL CARE	WESTMORELAND, NY, 6808 LOWELL RD, <NULL>	1
4	S1-613652483	S3-654517872	false_positive	US	Pediatric Dental Care	6808 Lowell Road, Westmoreland, NY	Pediatric Dcnstitssry Rocky Associates, Inc.	6808 Lowell Rd, Westmoreland, New York	1
4	S1-734639191	S2-991660790	blocking_miss	US	Youth Association	8602 Contee Road, Laurel, MD	Youth Youth Services		0
4	S1-235368747	S2-38446002	blocking_miss	India	Maa Infrastructure Private Limited	66B South End Park, Kolkata, Howrah, West Bengal	মা ইনফ্রাস্ট্রাকচার প্রাইভেট লিমিটেড	HOWRAH, 64B SOUTH END PARK, KOLKATA, West Bengal, KOLKATA	0
4	S1-564027112	S2-328775320	false_negative	US	Smith Home LLC	2780 Bantam Road, Bethel, OH	LLC 5mith Hóme	BETHEL, OH, 2780 BANTAM ROAD	1
4	S1-203346408	S2-254552594	blocking_miss	US	Hernandez Delta Box	4312 Piney Park Road, Perry Hall, MD	hernandezdeltaboxcom	PERR YHALL, PINEY PARK ROAD, MD	0
4	S1-203346408	S3-995369846	false_negative	US	Hernandez Delta Box	4312 Piney Park Road, Perry Hall, MD	Hernandez Box Delta		1
4	S1-875099432	S2-166606028	false_negative	US	Upper Square LLC	FL, 4307 Cedar Lane, Marianna	Deltaecto	4307 CEDAR LANE, MARIANNA, FL	1
4	S1-875099432	S2-379639033	false_negative	US	Upper Square LLC	FL, 4307 Cedar Lane, Marianna	Ciraarcdelta	4307 CEDAR LANE, MARIANNA, FL	1
4	S1-995749292	S3-799564107	false_positive	US	Beth Church	175 Dart Street, Buffalo, NY	Beth Center	East Street, Buffalo, New York	1
4	S1-782808633	S2-143079868	false_negative	US	First Transit Networks PC	1124 Westwood Drive, Stillwater, OK	FIRST TRANSIT NETWORKS PC		1
4	S1-660378148	S3-570186055	false_negative	US	Commission on Health Corp	OH, 14976 Elmside Street, Alliance	Nexhalo	14976 Elmside Street, Alliance, Ohio	1
4	S1-892773661	S2-900444778	false_negative	India	Ttl Films Ltd	No.22/2, G V Residency, Eastern Avenue, Coimbatore South, Coimbatore, Tamil Nadu	Smt Ttl Ltd Services	N/A, NO.22/2, G V RESIDENCY, EASTERN AVENUE, COIMBATORE SOUTH, Tamil Nadu	1
4	S1-892773661	S3-267044412	false_negative	India	Ttl Films Ltd	No.22/2, G V Residency, Eastern Avenue, Coimbatore South, Coimbatore, Tamil Nadu	Ttl Films		1
4	S1-657192298	S2-994230452	false_positive	US	Nesaa Group	3814 Weejuns Drive, Concord, NC	Zetanex Gróup	3814-C WEEJUNS DR, CONCORD, NC	1
4	S1-365834496	S2-828964246	false_negative	India	Knowledge Holdings	C-119, Delhi, New Delhi, 1St Floor, Lajpat Nagar-Ii, South Delhi	Mr Knowledge Ltd		0
4	S1-807464979	S2-908359683	false_negative	US	Family Associates Inc	1811 Greenacres Road, WA, Spokane Valley	FAMlLY ASOSICCAETS (INC) #85949	1811 Greenacres Road, SPOKANE VALLEY, WA	1
4	S1-100773175	S2-800882236	false_negative	US	Modern Diamond Crumrine LLC	300 Park Route 14, Big Bend National Park, TX	Modern Diamond Crumrine	505 PARK ROUTE 14, BIG BEND NATIONAL PARK, TX	1
4	S1-100773175	S2-80207776	false_negative	US	Modern Diamond Crumrine LLC	300 Park Route 14, Big Bend National Park, TX	Modern Diamond Crumrine	505 PARK ROUTE 14, BIG BEND NATIONAL PARK, TX	1
4	S1-100773175	S3-234091670	false_negative	US	Modern Diamond Crumrine LLC	300 Park Route 14, Big Bend National Park, TX	Modern Crumrine LLC Partners	50 Park Route 14, Big Bend National Park, Texas	1
4	S1-226660794	S2-395858228	false_negative	US	Bennett Pinnacle Virtus LLC	Upper Marlboro, 1307 Heartland Court, MD	Yumafluxjax	1307 1/2 HEARTLAND CT, UPPER MARLBORO, MD	1
4	S1-226660794	S2-593063096	false_negative	US	Bennett Pinnacle Virtus LLC	Upper Marlboro, 1307 Heartland Court, MD	bpvirtus.com	1307 1/2 HEARTLAND COURT, UPPER MARLBORO, MD	1
4	S1-510690310	S2-41040903	blocking_miss	India	Bright Marketing Limited	Chennai, New No 9, Tamil Nadu, Old No 5, Damodaran Street Kellys, Chennai	பிரைட் மார்க்கெட்டிங் லிமிடெட்	NEW NO 9, CHENNAI, Tamil Nadu	0
4	S1-634518968	S3-371712566	false_negative	India	All Enterprises Private Limited	Plot 869, Bhauti By Pass, Chakarpur, Kanpur, Uttar Pradesh	ऑल एंटरप्राइजेज प्राइवेट लिमिटेड	Plot 869, Kanpur, NULL, UP	1
4	S1-610200683	S3-597467253	false_positive	India	Lana Memorial Trust	Nyati Esteban I, Flat No-Beryl-B-001, Pune City, Pune, Maharashtra	Lana Memorial Trust Enterprises	MH, Pune, Flat No-beryl-b-001, Pune, Door No 18 Nyati Esteban I	1
4	S1-994038005	S3-1215944	false_positive	India	LQN Overseas	Dada Sikandar Pur, Lucknow Up, Mohanlalganj, Lucknow, Uttar Pradesh	LQEN Overseas	No 17 Dada Sikandar Pur, Mohanlalganj, Lucknow, UP	1
4	S1-994038005	S2-250249833	false_negative	India	LQN Overseas	Dada Sikandar Pur, Lucknow Up, Mohanlalganj, Lucknow, Uttar Pradesh	LQN Overseas Limited	DOOR NO 754 DADA SIKANDAR PUR, LUCKNOW UP, MOHANLALGANJ, Uttar Pradesh	1
4	S1-994038005	S3-540488005	false_negative	India	LQN Overseas	Dada Sikandar Pur, Lucknow Up, Mohanlalganj, Lucknow, Uttar Pradesh	LQN LQN Overseas		1
4	S1-909964311	S2-953876235	false_negative	India	Vedi Brothers Pvt Ltd	21, Hemanta Basu Sarani(Old Court House Street), Center Point, Floor- 4Th, Room No. 440, Kolkata, Kolkata, Howrah, West Bengal	vedi brothers pvt ltd		1
4	S1-706282408	S2-401753288	false_negative	US	Broeker Flexible	1787 Snyder Road, Unit A, Butler, OH	Broeker Flexible Corp	1759 SNYDER RD, BUTLER, OH	1
4	S1-706282408	S3-129127548	false_negative	US	Broeker Flexible	1787 Snyder Road, Unit A, Butler, OH	Broeker Flexileb	1759- Snyder Rd, Ohio, Worthington Twp	1
4	S1-164694507	S2-654514302	false_negative	US	Ear Nose & Throat Advanced Medicine Corp	1129 New Hampshire Avenue, Unit 702, Washington, DC	Ear Nóse & Throat Advanced Medicine Corp Authority	112 NEW HAMPSHIRE AVE, WASHINGTON, DC	1
4	S1-410072735	S3-185078495	false_negative	US	Reliable Fields Corp	KS, Fl 0, 4945 Meadowview Avenue, Wichita	Rizafluxsol	4945 Meadowview Avenue, Floor 0, Wichita, Kansas	1
4	S1-758357930	S3-159934274	false_negative	India	Sos & Sons Limited	Satara, A/P Sakharwadi, Tal - Phaltan, Dist - Satara, Maharashtra, Satara	Sos + Sons	Door No 00515 A/p Sakharwadi, Tal - Phaltan, Dist - Satara, Satara, MH	1
4	S1-758357930	S3-525413358	false_negative	India	Sos & Sons Limited	Satara, A/P Sakharwadi, Tal - Phaltan, Dist - Satara, Maharashtra, Satara	Sri Sos & Sons	H.no 00515 A/p Sakharwadi, Satara, Tal - Phaltan, Dist - Satara, महाराष्ट्र, Satara	1
4	S1-4786215	S2-963406050	false_positive	India	Hotel Hospitality Pvt Ltd	28/38 46/A, 3Rd Floor, Punnathala Building Elamkulam, S.A Road, Kadavanthra, Cochin, Kerala	Hospitals Pamcadkigg	H.NO G-28/38 46/A, 3RD FLOOR, PUNNATHALA BUILDING ELAMKULAM, S.A ROAD, KADAVANTHRA, Kerala	1
4	S1-4786215	S3-107720099	false_negative	India	Hotel Hospitality Pvt Ltd	28/38 46/A, 3Rd Floor, Punnathala Building Elamkulam, S.A Road, Kadavanthra, Cochin, Kerala	ഹോട്ടൽ ഹോസ്പിറ്റാലിറ്റി പ്രൈവറ്റ് ലിമിറ്റഡ്	H.no G-28/38 46/A, Wayanad, Cochin, KL	0
4	S1-881150379	S2-681431494	false_negative	India	Ethereal (India) Hotels Private Limited	No 36/44 Gf 1 Crs 1 Main, Venkteshwara Layout, Bangalore North, Bangalore, Karnataka	índiahotels.com	GF 1 CRS 1 MAIN, BANGALORE NORTH, BANGALORE, ಕರ್ನಾಟಕ	0
4	S1-75953456	S2-404645660	blocking_miss	US	LI Crown	4743 192nd Place, Issaquah, WA	LI Crown	474 192RD PLACE, ISSAUAH, WA	0
4	S1-75953456	S2-775296973	blocking_miss	US	LI Crown	4743 192nd Place, Issaquah, WA	LI Crown LLC	474 192RD PLACE, ISSAUAH, WA	0
4	S1-75953456	S3-307948224	blocking_miss	US	LI Crown	4743 192nd Place, Issaquah, WA	LI Crown LLC	192st Pl, Issaqua Htownship, Washington	0
4	S1-75953456	S3-315751382	blocking_miss	US	LI Crown	4743 192nd Place, Issaquah, WA	licrown.com	192st Pl, Issaqua Htownship, Washington	0
4	S1-75953456	S3-629453569	blocking_miss	US	LI Crown	4743 192nd Place, Issaquah, WA	Licrown.Com	4743 192st Pl, Issaqua Htownship, Washington	0
4	S1-685434828	S2-728715372	false_negative	India	Innovative Agro Private Limited	14/291 N, Kochi, A Square Building Kuzhuvelippady, Edathala P O, Ernakulam, Kerala	ഇന്നൊവേറ്റീവ് അഗ്രോ പ്രൈവറ്റ് ലിമിറ്റഡ്	N, A SQUARE BUILDING KUZHUVELIPPADY, EDATHALA P O, ERNAKULAM, കേരളം	1
4	S1-885813855	S2-341009508	blocking_miss	US	George Academy LLC	9238 State Hwy M, Billings, MO	georgeacademy.com	STATE HWY M, BILLINGS, MO	0
4	S1-885813855	S2-974592824	false_negative	US	George Academy LLC	9238 State Hwy M, Billings, MO	Aviariapyra	923 STATE HWY M, BILLINGS, MO	1
4	S1-928046239	S2-774672749	blocking_miss	India	YWZ Music Corp	Central Delhi, Wing 1, Hans Bhawan, Bahadur Shah Zafar Marg, Suite No. B-11, Delhi, New Delhi	ywz music c0rp		0
4	S1-993845178	S3-300527678	false_negative	India	Madhura Innovations Private Limited	Unit 1 Kh No 433/67 & 68, Gorakhpur Ratan Colony, Jabalpur, Madhya Pradesh	Sri Madhura Innovations Prívate Limited		1
4	S1-553011574	S2-611906698	false_negative	US	Tarr, Bradley and Cansino P.C.	13440 Lopez Road, El Paso County, TX	Tarr, Bradley and Cansino Inc Inc		1
4	S1-981311045	S2-760674714	blocking_miss	US	Coastal Health Center	113 9th Street, Clay City, IL	coastalhealthcenter.com	113. 9TH STREET, CLAY CITY, IL	0
4	S1-981311045	S3-937555631	false_negative	US	Coastal Health Center	113 9th Street, Clay City, IL	coastal health center		1
4	S1-90670229	S2-184570515	false_negative	India	Infra Aisling Creations Private Limited	1Stfloor, Room No.-03, Chakundi Dankuni Bill, Dankuni Coal Complex, Hooghly, West Bengal, Serampore, Hooghly, West Bengal	Infra Aisling Creations Private Ltd		1
4	S1-532991793	S2-36710096	blocking_miss	US	Internal Medicine Clinic, Inc	600 St Anns Avenue, Unit 9, City And Borough Of Juneau, AK	internal medicine clinic, clinic, inc		0
4	S1-532991793	S2-697331989	blocking_miss	US	Internal Medicine Clinic, Inc	600 St Anns Avenue, Unit 9, City And Borough Of Juneau, AK	Internal Mediine Clinic, Inc		0
4	S1-972484053	S2-27577896	false_positive	India	Varsha Nursing Home Corporation	Nashik, Fl No 5 1St Floor Shree Prasad Aptt Nashik M Corp, Maharashtra	CORPORATION VARSHA NURSING HME ENTERPRISES	FL NO 5/1 4ST FLOOR SHREE PRASAD APTT NASHIK M CORP, NASHIK, Maharashtra	1
4	S1-972484053	S2-469428026	blocking_miss	India	Varsha Nursing Home Corporation	Nashik, Fl No 5 1St Floor Shree Prasad Aptt Nashik M Corp, Maharashtra	Varsha Nursing Hobe Corporation #3158		0
4	S1-747066556	S2-506151274	false_negative	India	Faridabad Techno	Plot No.: 2714, 3Rd Phase, G. I. D. C., Umbergaon, Valsad, Gujarat	Faridabad Techno		1
4	S1-298651408	S3-783553951	false_negative	US	Colonial Society	6114 Mcnally Road, Eufaula, OK	Colonial-Society		1
4	S1-910993346	S2-894330436	blocking_miss	India	Radheshyam Sun Corporation	#65, Rajivgandhi Nagara, 2Nd Cross, Laggere, Bangalore, Karnataka	Drexfluxyuma	NO 65, BENGALURU, ಕರ್ನಾಟಕ	0
4	S1-616721251	S2-543403706	blocking_miss	India	Shree Products Private Limited	Ground Floor, Y-349C, Sec-12, Noida, Noida, Gautam Buddha Nagar, Uttar Pradesh	श्री प्रोडक्ट्स प्राइवेट लिमिटेड	BLOCK G-678 GROUND FLOOR, GAUTAM BUDDHA NAGAR, NOIDA, Uttar Pradesh	0
4	S1-616721251	S3-100807189	blocking_miss	India	Shree Products Private Limited	Ground Floor, Y-349C, Sec-12, Noida, Noida, Gautam Buddha Nagar, Uttar Pradesh	Shree Products [Private]	Ground Floor, Noida, Ssi Noida, UP	0
4	S1-616721251	S3-933316316	blocking_miss	India	Shree Products Private Limited	Ground Floor, Y-349C, Sec-12, Noida, Noida, Gautam Buddha Nagar, Uttar Pradesh	shreeproductsprivate.com	Ground Floor, Gautam Buddha Nagar, Ghaziabad, UP	0
4	S1-44823001	S3-2102035	false_negative	India	Shilpi Hydroelectric Private Limited	Rev Plot No-324 & 326 Chandrasekharpur, Unit No-41, Ground Floor, Bhubaneswar, Orissa, Khordha	Dovazetadova	Ground Floor, Rev Plot No-324 & 326 Chandrasekharpur, Unit No-41, Bhubaneswar, Khordha, OD	1
4	S1-552992584	S3-578642333	false_negative	US	Stephens and Bohanan Managed LLC	9820 Thompson Peak Parkway, Unit LOT 644, Scottsdale, AZ	Stephens and Bohanan LLC Services	Thompson Peak Parkway, Scottsdale, Arizona	1
4	S1-401791390	S2-73887248	false_negative	US	Straight Edge Bike Shop	601 Main Street, Georgetown, OH	Straight Edge Bike Shop Services		1
4	S1-439725940	S3-264157897	false_negative	India	Balaji Best Hospitality Private Limited	7Biplabi Ambika Chakrabortysarani, Kolkata, West Bengal, Calcutta	Balaji Best Private Limited Center		1
4	S1-988832754	S2-169774513	false_negative	India	Bhuj Finance Limited	Office No S-5, Shri Hari Complex Opp. Shri Ram Kanta, Village Madhapar, Bhuj, Kachchh, Gujarat	Bhuj Limited Services	OFFICE NO S-1, SHRI HARI COMPLEX OPP. SHRI RAM KANTA, VILLAGE MADHAPAR, BHUJ, Gujarat	1
4	S1-988832754	S3-386785291	blocking_miss	India	Bhuj Finance Limited	Office No S-5, Shri Hari Complex Opp. Shri Ram Kanta, Village Madhapar, Bhuj, Kachchh, Gujarat	Haloumbra	Office No S-5, Kachchh, ગુજરાત	0
4	S1-786791440	S3-625921314	false_negative	US	Frye Valley York Inc.	20930 Virginia Road, Flint, TX	Xylopyrax	20930 Virginia Road, Flint, TX	1
4	S1-786791440	S3-846800906	false_negative	US	Frye Valley York Inc.	20930 Virginia Road, Flint, TX	Frye Vgyhl York lnc.	20930-20932 Virginia Road, PO Box 8735, Flint CITY, Texas	1
4	S1-417827831	S3-111301216	false_negative	US	Community Program LLC	39547 Place Road, Fall Creek, OR	Community Program LLC Council		0
4	S1-940364672	S2-489543770	false_positive	US	Verla Daley Heartland Bioworks LP	3902 Hay Point Landing Road, Smyrna, DE	Verla Daley Héartland Plumbing LP	390 HAY POINT LANDING RD, SMYRNA, DE	1
4	S1-718358053	S2-956463919	false_negative	US	Flores, Roman & Cota Arbor, LLC	107 Old Dirt Road, Meridianville, AL	FLORES, ROMAN + COTA ARBOR,	OLD DIRT ROAD, MERIDIANVILLE, AL	1
4	S1-119107795	S3-683652164	false_negative	India	Om Balaji Producer Private Limited	38 Ft Lt Tapan Choudhury Avenue, Kolkata, Howrah, West Bengal	Om Balaji Producer Private Limited Limited		1
4	S1-852960183	S3-550925307	false_negative	India	Poonam Traders Private Limited	3D, Malboro House, Dr Gopalrao Deshmukh Marg, Mumbai, Maharashtra	Poonam Limited Private Traders	3D, Neral, MH	1
4	S1-833045364	S2-627711029	false_negative	India	Pratyush Deals Corp	Plot No -48, Unit-4 Madhusudan Nagar (M S Nagar), Bhubaneswar, Khordha, Orissa	Pratyush Dafls C0rp	PLOT NO -##48, UNIT-4 MADHUSUDAN NAGAR (M S NAGAR), BHUBANESWAR, ଓଡ଼ିଶା	1
4	S1-953135464	S3-701594	false_negative	India	Shiv Management Private Limited	Mouza: Maha Singh Jote Ps: Naksalbari Po: Hatighisa Dist: Darjeeling, Darjeeling, West Bengal	Shiv Management Limited Services	Block D-988 Mouza: Maha Singh Jote Ps: Naksalbari Po: Hatighisa Dist: Darjeeling, Darjeeling, WB	1
4	S1-953135464	S3-90251090	false_negative	India	Shiv Management Private Limited	Mouza: Maha Singh Jote Ps: Naksalbari Po: Hatighisa Dist: Darjeeling, Darjeeling, West Bengal	Private 5hiv Management Ltd	Block D-988 Mouza: Maha Singh Jote Ps: Naksalbari Po: Hatighisa Dist: Darjeeling, Darjeeling, WB	1
4	S1-932065377	S2-968644480	false_negative	US	Scholarship Committee V LLC	142 Wilson Street, Buffalo, NY	Scholarship Committee V L.L.C.		1
4	S1-945120415	S2-437475278	false_negative	US	Diamond All Automobile Inc	902 Mulberry Street, IL, Carterville	Diamond All Automobile	1157 MULBERRY STREET, CARTERVILLE, IL	1
4	S1-973238683	S3-402339060	false_negative	US	Pierce Bdc Clinic	3001 Harborside Court, Joliet, IL	Lumdrex	3001 Harborside Ct, Joliet, Illinois	1
4	S1-310236294	S3-525075564	false_negative	India	Indian Management Limited	No. 2431 Bda, 3Rd Stagekanana Agrahara, Karnataka, Bangalore, Bangalore North	ಇಂಡಿಯನ್ ಮ್ಯಾನೇಜ್‌ಮೆಂಟ್ ಲಿಮಿಟೆಡ್	No. 2431 Bda, Bangalore North, Bangalore, KA	1
4	S1-290621653	S3-875449497	blocking_miss	India	Satya Nursing Home Ltd	J 501, Jasmin Block, Oshiyan Park Nipaniya, Indore, Madhya Pradesh	Tavohalo	J 501, Lasudia Nori, MP	0
4	S1-750184677	S2-520226191	false_positive	India	Rise India Private Limited	No. S14 Mrf Building, 80 Feet Road, 5Th Block, Koramangala, Bangalore, Karnataka	SAIRAM TECHNOLOGIES (INDIA) PVT LTD	Karnataka, NO. S14 MRF BUILDING, 80 FEET ROAD, 5TH BLOCK, KORAMANGALA	1
4	S1-477906484	S3-219670877	false_negative	US	Faina's Pizza	1751 Solomon Avenue, Billings, MT	Faina's Pizza Corporation	Solomon Ave, Montana, Billings	1
4	S1-477906484	S3-717989612	false_negative	US	Faina's Pizza	1751 Solomon Avenue, Billings, MT	Faina's Faina's Pfiza		1
4	S1-718393749	S3-624938853	false_negative	India	Tirumalagiri Technologies	Pno-22, Sapthagiri Colony, Vvn Colony-Ii, Tirumalagiri, Hyderabad, Telangana	Nexnexvantage	Pno-22, Sapthagiri Colony, Vvn Colony-Ii, Tirumalagiri, Hyderabad, Telangana	1
4	S1-724822725	S3-746051232	false_positive	US	Fairclough, Howie and Doty Columbia Inc	101 Carriage Hill Drive, Fl 1, Athens, OH	Fairclough, Howie and Doty Columbia		1
4	S1-227265793	S3-946097229	false_negative	US	Anderson Wisconsin P.C.	3 Bruce Court, Montebello, NY	Rizapyrafaye	1 Bruce Court, NULL, Montebello, New York	1
4	S1-606562010	S2-515259715	false_positive	India	XYB Foundation Pvt. Ltd.	F125, Pioneer Towers, Shanmugham Road, Marine Drive, Kerala, Ernakulam, Kochi	XIB Foundation	F##125, PIONEER TOWERS, SHANMUGHAM ROAD, MARINE DRIVE, KOCHI, Kerala	1
4	S1-300953568	S3-576759677	blocking_miss	India	Super Healthcare Private Limited	Grand Majestic Shop No 1 -31 1St Floor 6Th Main Gandhi Nagar Opp Gubbi Veerana Rangamand, Hira, Bangalore, Karnataka	Super Super Hetaslthaere Private [Limited]		0
4	S1-958358002	S2-191236765	false_negative	India	Ace International Private Limited	C/O Devanti Gupta, 2116051, Dariyapur, Kadam Kuan, Sampatchak, Patna, Bihar	एस इंटरनेशनल प्राइवेट लिमिटेड	H.NO 55 C/O DEVANTI GUPTA, PATNA, SAMPATCHAK, Bihar	0
4	S1-958358002	S2-352616267	false_negative	India	Ace International Private Limited	C/O Devanti Gupta, 2116051, Dariyapur, Kadam Kuan, Sampatchak, Patna, Bihar	एस इंटरनेशनल प्राइवेट लिमिटेड	DOOR NO 55 C/O DEVANTI GUPTA, PATNA, SAMPATCHAK, बिहार	0
4	S1-958358002	S3-129906398	false_negative	India	Ace International Private Limited	C/O Devanti Gupta, 2116051, Dariyapur, Kadam Kuan, Sampatchak, Patna, Bihar	Ace-Internaionl Private Limited	Plot 00432 C/o Devanti Gupta, Patna, Sampatchak, बिहार	1
4	S1-34789616	S2-245975105	false_negative	US	Zephis Hcm LLC	NC, 1801 Grandmaster Way, Wake Forest	ZEPHI HCM-LLC	1801 GRANDMASTER WAY, WAKE FOREST, NC	1
4	S1-114055841	S3-730867915	false_negative	India	Visishta College	503 Aalap B, 5Th Floor, Limda Chowk, Opposite Shastri Maidan, Rajkot, Gujarat	Visishta College Ltd	Aalap B, Rajkot, Opposite Shastri Maidan, GJ	1
4	S1-39094354	S3-504054295	false_negative	US	Elie Peak Oceanhawk Inc.	706 Interdrive Street, Fl 1, Saint Louis, MO	Elie Peak Inc. Center	706 1/2 Interdrive St, Floor 1, Saint Louis, Missouri	1
4	S1-351615828	S2-182590326	false_negative	US	Sequoia Briacell Co	Andover, MA, 8 Greenwood Road	SEQUOIA CO SERVICES	GREENWOOD RD, ANDOVER, MA	1
4	S1-351615828	S2-6425501	false_negative	US	Sequoia Briacell Co	Andover, MA, 8 Greenwood Road	Sequoia Briacell | www.sequoiabr.com	9 GREENWOOD ROAD, ANDOVER, MA	1
4	S1-309499724	S3-390158774	false_negative	US	Star Pinnacle Barclays Inc.	1520 Wakefield Way, Sacramento, CA	Star Pinnacle Barclays Inc.		1
4	S1-120367453	S2-465754080	false_negative	US	Carola Morales Peak Oil LLC	551 Center Street, Whiteland, IN	Carola Malleds Peak 0il LLC		0
4	S1-120367453	S2-587679712	false_negative	US	Carola Morales Peak Oil LLC	551 Center Street, Whiteland, IN	Tavobelo	551 CENTER ST, WHITELAND, IN	1
4	S1-134795505	S3-226979614	false_negative	US	Drager Continental Evolution LLC	149 Pennington Avenue, Huntsville, AL	Drager Evolution LLC Service	Pennington Ave, NULL, Huntsville, Alabama	1
4	S1-958802855	S2-927787729	false_negative	US	Stringfellow Strategic Rain	7581 Hoertz Road, Parma, OH	Stringfellow Rain Service	758 HOERTZ ROAD, CLEVVELAND, OH	1
4	S1-342966734	S2-267398123	false_negative	India	Ameerpet Services Private Limited	Flat No.102, Saga City Apts., H.No.6-3-790/4/1, Besides Choudary Mansion, Ameerpet, Hyderabad, Telangana	AMEERPET SERVICES PRIVATE		1
4	S1-152584242	S2-180329132	false_negative	India	Hotel Services Private Limited	Samprapthi, No 548/35, 3Rd Floor, 50 Feet Road, Banashankari 1St Stage, 1St Block, Hanum, Anth Nagar, Bangalore, Karnataka	Fluxcira	SAMPRAPTHI, NO 548/35, 3RD FLOOR, 50 FEET ROAD, BANASHANKARI 1ST STAGE, 1ST BLOCK, HANUM, ANTH NAGAR, BANGALORE, Karnataka	1
4	S1-152584242	S2-675544815	false_negative	India	Hotel Services Private Limited	Samprapthi, No 548/35, 3Rd Floor, 50 Feet Road, Banashankari 1St Stage, 1St Block, Hanum, Anth Nagar, Bangalore, Karnataka	ಹೋಟೆಲ್ ಸರ್ವಿಸಸ್ ಪ್ರೈವೇಟ್ ಲಿಮಿಟೆಡ್	SAMPRAPTHI, BANGALORE, Karnataka	0
4	S1-421771398	S3-551982780	false_negative	US	Pettus Entertainment Inc	6490 Snow View Drive, Bldg BUILDING, Park City, UT	Péttus-Entertainment		1
4	S1-406621481	S3-131834788	false_negative	US	Watson's Auto Body	W5682 Island Court, Town Of Germantown, WI	Watson's Watson's Auto Body		1
4	S1-667003391	S3-175961163	false_negative	US	Brailey Oaktree	2745 40th Street, Unit Unit 301, Moorhead, MN	Brailey Oaktree		1
4	S1-524365710	S2-752002959	false_negative	US	FO Housing, LLC	13514 Mccutcheon Road, Orting, WA	Veraveovio	ORTING, 13514 Mccutcheon Road, WA	1
4	S1-758062693	S2-705867877	blocking_miss	US	Pediatric Dental Diamond Partners, Inc	UT, 189 300, Santaquin City (utah Co)	PEDIATRIC DENTAL DICAMCOND PARTNERS, INC		0
4	S1-758062693	S3-878478871	false_negative	US	Pediatric Dental Diamond Partners, Inc	UT, 189 300, Santaquin City (utah Co)	Pediatric Dental Diamond Partners, Incorporated		1
4	S1-833609224	S2-218768713	false_negative	India	Smart Indo Investments	No.187, Link Road, Malleshwaram, Bangalore, Karnataka	Smart Indo Investments Corp		1
4	S1-34937516	S3-507728839	false_positive	India	Hari Ace Products Private Limited	Mangrol, Gujarat, 307-309, Plot No. 10-B, Roopa Industrial Estate, Block 295 Paikee Block No. 306, Surat	હરિ એસ પ્રોડક્ટ્સ ટેક્સટાઇલ્સ પ્રાઇવેટ લિમિટેડ	Block 295- Paikee Block No. 307, 307-309, Plot No. 10-B, Roopa Industrial Estate, Mangrol, Surat, ગુજરાત	1
4	S1-402223589	S3-756143497	false_negative	India	Makalu Initiatives Private Limited	B-504, Universal Business Park, Chandivali Farm Road Off Saki Vihar Road, Andheri (E), Mumbai, Bandra Suburban, Maharashtra	Makalu Private Limited Center	B-5-04, Universal Business Park, Chandivali Farm Road Off Saki Vihar Road, Andheri (E), Mumbai, MH	1
4	S1-346571971	S2-414510773	false_positive	US	Optraify Corp	4160 107th Avenue, Dickinson, ND	Optraify Corp		1
4	S1-966307032	S3-579780977	false_negative	US	Bay Sterling Royal Inc	9 Kathleen Drive, Misquamicut, RI	Bay Sterling	#22 Kathleen Drive, Misquamicut, Rhode Island	1
4	S1-299143496	S2-508804976	false_positive	India	Rsg & Co	D.No.5-135, Koppula Veedi, Tallapudi, West Godavari, Andhra Pradesh, Tallapudi	Rsg & Co Group	NO 84 TALLAPUDI, D.NO.5-135, KOPPULA VEEDI, TALLAPUDI, Andhra Pradesh	1
4	S1-299143496	S2-583180096	false_negative	India	Rsg & Co	D.No.5-135, Koppula Veedi, Tallapudi, West Godavari, Andhra Pradesh, Tallapudi	Rsg Co Service		1
4	S1-299143496	S3-879574048	false_negative	India	Rsg & Co	D.No.5-135, Koppula Veedi, Tallapudi, West Godavari, Andhra Pradesh, Tallapudi	Rsg & Co.		1
4	S1-469848702	S2-772347744	false_negative	US	Pesina & Samuel LLC	440 Manor Way, Sanford, NC	Pesina & Samuel	604 MANOR WAY, SANFORD, NC	1
4	S1-761412416	S2-682028991	false_negative	US	Emalee Martinez Elite Boutique Center	12845 Apple Lane, IL, Alsip	Emalee Martinez Elite Boutique		1
4	S1-761412416	S3-281663266	false_negative	US	Emalee Martinez Elite Boutique Center	12845 Apple Lane, IL, Alsip	Emalee Martinez Boutique Center (Services)	Apple Lane, Alsp, Illinois	1
4	S1-977798315	S2-789011668	false_negative	US	Oncology Crystal Care	20 Ryder Road, Ossining, NY	ONCOLOGY CRYSTAL SERVICES	80 RYDER RD, OSSINING, NY	1
4	S1-307233021	S3-322098254	false_negative	India	Ankit Realtech (India) Private Limited	Office No 201, Polaris Building, Near Noble Hospital, Pune City, Pune, Maharashtra	Ankit Realtech (India) Private	Office No 01, Polaris Building, Near Noble Hospital, Pune, MH	1
4	S1-824175922	S2-276690103	false_negative	India	Lumax Water (India)	Shop No.211, Citi Mall, Andheri Link Road Next To Royal Classic, Andheri (W), Mumbai, Mumbai City, Maharashtra	Lumax Water (Insfa)	SHOP NO.11 , CITI MALL, ANDHERI LINK ROAD NEXT TO ROYAL CLASSIC, ANDHERI (W), MUMBAI, महाराष्ट्र	1
4	S1-273548804	S2-39090758	blocking_miss	US	Midwest Midwest Ubs LLC	107 Creek Side Drive, Fort Mill, SC	Orbiflux	107 CREEK SIDE DR, NULL, FT MLIL, SC	0
4	S1-923345294	S3-122629851	false_negative	US	Donovan Two Inc	3006 Sunset Drive, Unit B160, Pleasant View, UT	Donovan Two	Sunset Drive, Ogden, Utah	1
4	S1-747172286	S2-777310814	false_positive	India	Green Trading	Vileparle (E), Mumbai, Maharashtra	Green Logistics	H.NO 29 VILEPARLE (E), MUMBAI, Maharashtra	1
4	S1-747172286	S3-349126265	false_negative	India	Green Trading	Vileparle (E), Mumbai, Maharashtra	ग्रीन ट्रेडिंग	Vileparle (E), Mumbai, MH	0
4	S1-907695970	S2-418403287	blocking_miss	India	Blue Technologies Private Limited	201, Plot No. 33 Vallabh Nagar Chs N S Road-3, Jvpd Scheme, Vileparle, Mumbai, Mumbai City, Maharashtra	BLUE PRIVATE LIMITED SERVICES Enterprises		0
4	S1-413506449	S2-978987174	false_negative	US	Meghann Oneal, MD	7350 Turko Lane, Seabeck, WA	Meghann Oneal, MD Corporation	7351 TURKO LN, SEABECK, WA	1
4	S1-845481267	S2-291421354	false_negative	India	Ramdev Industry Ltd	No. 48/134, Karthika, Tnra 15, Tagore Nagar, Ernakulam, Kerala	Shri RAMDEV [INDUSTRY] | www.ramdevin.com		0
4	S1-23431201	S2-858195639	false_negative	US	Nexial Futurecorp PLLC	2335 County Road 3015, Cooper, TX	Nexial Futurecorp		1
4	S1-368706841	S2-754625263	false_negative	India	International Impex Private Limited	Flat No. 38A Ved Vihar Sno. 151/6 Magarpatta City Hadapsar, Pune, Maharashtra	iiprivate.com	38A VED VIHAR SNO. 151/6 MAGARPATTA CITY HADAPSAR, PUNE, Maharashtra	1
4	S1-429165119	S2-131198831	false_negative	India	Getwell Estate Private Limited	South Delhi, C-28, Delhi, New Delhi, Second Floor Panchsheel Enclave New Delhi	Getwell Estate Private Ltd		1
4	S1-38032804	S3-890777031	false_negative	India	Bangalore Coworking Private Limited	354/355, 7Th Laxmi Road Cross, Shantinagar, Bangalore, Karnataka	Zephvio	354/35, 7Th Laxmi Road Cross, Shantinagar, Bangalore, KA	1
4	S1-288037634	S2-461005638	false_negative	US	261 Lincoln Apartments	219 Frank Lane, Palmer, TN	261 Apartments Linncodn		1
4	S1-131688454	S3-624267538	false_negative	US	Happy Barbershop	Taneytown, 512 Daisy Drive, MD	Happy Barbershop Corp Enterprises		0
4	S1-499085758	S3-748813796	blocking_miss	India	Siliguri Publications Pvt Ltd	Plot No 427, Rs Khatian No 452/2 Pradhan Nagar, Ward No Ii, Siliguri, Darjeeling, West Bengal	#Siliguripublications	Plot No 427, <NULL>, Darjeeling, Champasari, WB	0
4	S1-499085758	S3-931786688	false_negative	India	Siliguri Publications Pvt Ltd	Plot No 427, Rs Khatian No 452/2 Pradhan Nagar, Ward No Ii, Siliguri, Darjeeling, West Bengal	Siliguri Pvt Ltd Service	Plot No 427, <NULL>, Siliguri, Champasari, WB	1
4	S1-902213348	S3-532912237	false_negative	India	Green It Private Limited	Pragati Nagar, Wani, Maharashtra, Plot No.33, Yavatmal, Wani	Halodova	Plot No.33, Pragati Nagar, Wani, Wani, Yavatmal, Maharashtra	1
4	S1-640002661	S2-842227270	blocking_miss	India	All Services Private Limited	2Nd Floor, Shivalik Plaza, Banjara Hills Road No-2 Opposite Virinchi Hospital, Hyderabad, Telangana	ఆల్ సర్వీసెస్ ప్రైవేట్ లిమిటెడ్	2ND FLOOR, HYDERABAD, Telangana	0
4	S1-640002661	S3-804722628	blocking_miss	India	All Services Private Limited	2Nd Floor, Shivalik Plaza, Banjara Hills Road No-2 Opposite Virinchi Hospital, Hyderabad, Telangana	ఆల్ సర్వీసెస్ ప్రైవేట్ లిమిటెడ్	Floor, Hyderabad, TG	0
4	S1-925144768	S2-829613898	false_positive	India	RN Livelihood Private Limited	R-495/2, M.I.D.C., T.T.C. Industrial Area, Rabale, Navi Mumbai, Thane, Maharashtra	RN LIVELIHOOD ENTERPRISES PRIVATE	HN 2-92 R-495/5, M.I.D.C., T.T.C. INDUSTRIAL AREA, RABALE, NAVI MUMBAI, Maharashtra	1
4	S1-414856911	S2-523990877	false_negative	India	Sma Minchem Limited	No.3, Basement, Wellingdonestate, C-In-C Road Opposite Ethiraj College, Chennai-105., Chennai, Tamil Nadu	Sma Limited Service		1
4	S1-993601990	S2-508893539	false_negative	US	St. Zion	230 Cut Off Road, Unit 137, Port Aransas, TX	5t. Zion	230 CUT OFF RD, PORT ARANSAS, TX	1
4	S1-188362211	S3-261163136	false_negative	India	Antony College Pvt Ltd	Ganga Vihar Kazi Sayed St, Pl 94, Masjid Stn, Mandvi, Mumbai, Maharashtra	Antony Pvt Ltd Center	Ganga Vihar Kazi Sayed St, Mumbai, MH	1
4	S1-433536478	S3-623373721	false_positive	US	Cancer United Guild	4 5th Street, Marshalltown, IA	Cancer United Guild Corp	Iowa, 15-D 5th Street, Marshalltown	1
4	S1-716299540	S3-228616065	false_negative	India	Asian Offshore	Remanikam, Kanadachira Perinad.P.O, Panayam, Kollam, Kerala	Asian Offshore		1
4	S1-953490201	S2-652570461	false_negative	US	Eye Care PLLC	TX, Baytown, 8026 Bayview Drive	The Eye Care PLLC		1
4	S1-673026959	S3-350199193	false_negative	India	Surat City Consulting Private Limited	Plot No. 77, 1 St Floor, Solapur, B/H J B Kharvar, Surat City, Surat, Gujarat	Evowex	1 St Floor, Solapur, B/h J B Kharvar, Surat City, Surat, Plot No. 77, GJ	1
4	S1-608040257	S3-939920413	blocking_miss	India	Ts Leasing Private Limited	10-A, Ameeta Building G.J Bhonsale Marg, Nariman Point, Mumbai, Mumbai City, Maharashtra	TS LEASIN6 PRIVATE LIMITED	10-A, Mumbai, Mumbai City, MH	0
4	S1-844296552	S3-877079131	false_negative	India	Trivandrum Chemicals Pvt. Ltd.	Tc 26 706House No 5 Chebaka Nagar, Trivandrum, Kerala	trivandrum chemicals pvt. ltd.		1
4	S1-842731973	S3-470330974	false_negative	India	Jaya India	Rmzinfinity15-Udyogvihar, Phase-Iv, Nh-8, Gurgaon, Haryana	Jaya Services	Rmzinfinityb3/15-udyogvihar, Phase-iv, Nh-8, Gurgaon, HR	1
4	S1-952785122	S3-155264556	false_negative	India	Holy Clinic	Y-Block, Chennai, Tamil Nadu, Y.79, Ist Floor 6Th Cross Street, Anna Nagar	Shri Holy Clinic Corp	Y-block, Chennai, TN	0
4	S1-957038767	S3-737738058	false_negative	India	CP Solutions Limited	C/O Radhey Shyam Jaiswal, House No 192 Khasra No- 1008, Near Baba Health Club, Ghaziabad, Uttar Pradesh	Ariamira Sys	C/O Radhey Shyam Jaiswal, House No 192 Khasra No- 1008, Near Baba Health Club, Ghaziabad, Uttar Pradesh	1
4	S1-957038767	S3-785324699	false_negative	India	CP Solutions Limited	C/O Radhey Shyam Jaiswal, House No 192 Khasra No- 1008, Near Baba Health Club, Ghaziabad, Uttar Pradesh	Limited CP Semorutions	C/o Radhey Shyam Jaiswal, Ghaziabad, उत्तर प्रदेश	0
4	S1-974873923	S2-69675832	false_negative	India	Sandeep (India) Stock	West Bengal, Cooch Behar, Hazrapara Chaupathy, Cooch Behar, Cooch Behar - I	YUMAFAYE	HAZRAPARA CHAUPATHY, COOCH BEHAR, RO KOLKATA II, West Bengal	1
4	S1-982380829	S2-68715925	false_negative	US	Bishop Law Group LLC	43 Oakwood Park, Chelsea, ME	BI5HOP GROUP LLC CENTER	43. OAKWOOD PARK, AUGUSTA, ME	1
4	S1-982380829	S3-495392617	blocking_miss	US	Bishop Law Group LLC	43 Oakwood Park, Chelsea, ME	bishoplawgroup.com	Oakwood Park, Augusta, Maine	0
4	S1-982380829	S3-688868872	blocking_miss	US	Bishop Law Group LLC	43 Oakwood Park, Chelsea, ME	bishoplaw.com	43 Oakwood Park, Auguusta, Maine	0
4	S1-71728837	S2-770884136	false_negative	US	Great Veterinary Clinic	4838 Albany Shores Lane, TX, Brookshire	Great Service Clinic		0
4	S1-873426295	S2-870770779	false_negative	US	Atlantic Bain LLC	3007 High Castle Court, Houston, TX	ATLANTlC LLC CENTER	HOUSTON, TX, 007 HIGH CASTLE CT	1
4	S1-753793009	S3-245829159	false_positive	US	XW Restaurant Inc	32264 46th Place, Auburn, WA	Hubbard Inc Restaurant	32264 46th Pl, Auburn, Washington	1
4	S1-753793009	S2-997384080	false_negative	US	XW Restaurant Inc	32264 46th Place, Auburn, WA	Zetacalo	32264 46ST PL, AUBURN, WA	1
4	S1-727451873	S3-78898586	false_negative	US	Internal Medicine Colonial Care Associates Inc	410 Rodney Street, Clayton, DE	Internal Medicine Colonial Care Associates-Inc Society - 2737917821	408 Rodney St, Clayton, Delaware	1
4	S1-184403609	S2-464966502	false_positive	India	One Investments	1-10-27 (Lig-159), Housing Board Colony Gadwal, Mahaboobnagar, Hyderabad, Telangana	వన్ ఇన్వెస్ట్‌మెంట్స్ కన్‌స్ట్రక్షన్స్	H.NO 1-10-34 (LIG-159), HOUSING BOARD COLONY GADWAL, MAHABOOBNAGAR, JOGULAMBA GADWAL DIST, HYDERABAD, Telangana	1
4	S1-184403609	S3-106654057	false_negative	India	One Investments	1-10-27 (Lig-159), Housing Board Colony Gadwal, Mahaboobnagar, Hyderabad, Telangana	వన్ ఇన్వెస్ట్‌మెంట్స్	1-10-27 (Lig-159), Hyderabad, TG	0
4	S1-155856997	S3-11039148	false_positive	India	Madanpur Rampur Builders Limited	Pandakamal, Madanpur Rampur, Kalahandi, Orissa	Madanpur Rampur Mpany Pvt Ltd	Limursinga, Madanpur Rampur, Kalahandi, OD	1
4	S1-155856997	S3-552142101	false_positive	India	Madanpur Rampur Builders Limited	Pandakamal, Madanpur Rampur, Kalahandi, Orissa	Madanpur Rampur Pvt Ltd Center	Limursinga, Madanpur Rampur, Sergarh, OD, Kalahandi	1
4	S1-657134312	S3-706226206	false_negative	US	Primary Care Group	44941 Bourne Terrace, Loudoun County, VA	Primary Ce Gr0up	##44941 Bourne Ter, Loudoun County, Virginia	1
4	S1-513642791	S2-417378730	false_negative	US	Joeann's Empire Landscaping	KS, 204 6th Street, Hays	Joeann's Empire		1
4	S1-90175779	S2-534046511	false_negative	US	North Modern Dime	5335 Todd Avenue, Baltimore, MD	North Modern Modern Dime Corp		1
4	S1-32687710	S2-672108449	false_negative	US	Sale Crumrine of Albuquerque	9816 Camino San Martin, Albuquerque, NM	Novilum	9816 CAMINO SAN MARTIN, ALBUQUERQUE, NM	1
4	S1-593269202	S3-722612011	blocking_miss	US	Womens Health Ridge Care	1152 49th Street, Unit Unit 2, West Des Moines, IA	Womens Health Rbge Care		0
4	S1-768506239	S3-274451325	false_positive	US	Wildlife Foundation LLC	2105 Clive Drive, Granbury, TX	LLC Lumnex Foundation	null, 2105 Clive Dr, Granbury, Texas	1
4	S1-213602950	S2-484288013	blocking_miss	India	Innovative Infra Private Limited	5/172, Rewa, Madhya Pradesh, Chankyapuri Navasta Mod Padara Rewa, Huzur	Private Innovative Infra Limited	C-5/172, SEONI, मध्य प्रदेश	0
4	S1-213602950	S3-877602095	blocking_miss	India	Innovative Infra Private Limited	5/172, Rewa, Madhya Pradesh, Chankyapuri Navasta Mod Padara Rewa, Huzur	Innovative Limited Private Infra		0
4	S1-965112903	S3-165095139	false_negative	US	Grand Realty Holdings	500 Peconic Street, Unit Apartment 54A, Islip, NY	Grand Realty		0
4	S1-574981488	S3-605975243	blocking_miss	India	Tech Advisors Private Limited	Plot No. 2240, New Mangalwari Near Sai Mandir, Binaki, Nagpur, Nagpur, Maharashtra	@Techadvisors	Plot No. 2240, Nagpur, MH	0
4	S1-574981488	S3-7438793	blocking_miss	India	Tech Advisors Private Limited	Plot No. 2240, New Mangalwari Near Sai Mandir, Binaki, Nagpur, Nagpur, Maharashtra	techadvisors.com	Nagpur, Plot No. 2240, महाराष्ट्र	0
4	S1-125166676	S3-503688180	false_positive	US	Quantify Express Co	2245 Florin Road, Unit STE 9, Sacramento, CA	The Quantifyyn Express Co	2245 Florin Road, Unit STE 9, Sacrmento, California	1
4	S1-125166676	S2-469576395	false_negative	US	Quantify Express Co	2245 Florin Road, Unit STE 9, Sacramento, CA	Quantify Express Co.		1
4	S1-644764572	S2-269275813	false_negative	US	Secure Data Laboratories	4600 Murdoch Cut Off Street, Unit APT A, Saint Louis, MO	Umbrajax	4600 MURDOCH CUT OFF STREET, SAINT LOUIS, MO	1
4	S1-693521904	S2-579162370	false_negative	India	Kaizen Sight Private Limited	No.299, Kh. No.415, Ground Floor, Opp. Metro Pillar No.-126, M.G. Road Ghi, Torni, New Delhi, South Delhi, Delhi	Sight ... Kaizen Private	NO.29, NEW DELHI, SOUTH DELHI, Delhi	1
4	S1-961928336	S3-460414979	blocking_miss	India	Nanded (india) Private Limited	S. No 214/A, Plot No 11, Savitribai Phulenagar, Nanded, Maharashtra	Nanded (Ndia) Private Limited (ID: 26993)	महाराष्ट्र, Nanded, S. No 14/A, Nanded	0
4	S1-961928336	S3-981149902	false_negative	India	Nanded (india) Private Limited	S. No 214/A, Plot No 11, Savitribai Phulenagar, Nanded, Maharashtra	PRIVATE NANDED (INDIA) LIMITED	S. No 14/A, Nanded, MH	1
4	S1-615947934	S2-285615936	false_negative	US	MZP First Yhn LLC	Town Of Irving, WI, N3410 X	MZP First Yhn	X, TOWN OF IRVING, WI	1
4	S1-221504	S2-302327967	false_negative	US	Vision Total Partners Inc	46 Plains Industrial Road, Wallingford, CT	Vision Total Partners Ínc		1
4	S1-97846173	S3-171724601	false_negative	US	Valley Pinnacle Fidelity LLC	120 100, Escalante, UT	Valley Fidelity LLC Services	122 100, Escalante CITY, Utah	1
4	S1-573252934	S2-235436001	false_negative	US	Hickey Institute VI	10 Bliss Street, Monson, MA	HICKEY VI INSTITUTE		1
4	S1-792809125	S2-415429057	false_negative	US	Certified Investment Company LLC	2137 Page Road, Greenville, NC	Certified Investment Company LLC		1
4	S1-792809125	S2-779077431	blocking_miss	US	Certified Investment Company LLC	2137 Page Road, Greenville, NC	Certified lnvestment Cómpany		0
5	S1-732633181	S2-165436031	false_negative	India	Kritiya Academy	3/109, F/F Geeta Colony, Delhi, East Delhi, Delhi	Kritiya Academy		1
5	S1-233562782	S3-641689870	false_negative	India	Patna Analyticals Private Limited	Sangam Enclave, Vijay Nagar, Rukunpura, Patna, Bihar, 107	Patna Analyticals Pmivate Limited		0
5	S1-233562782	S3-655363211	false_negative	India	Patna Analyticals Private Limited	Sangam Enclave, Vijay Nagar, Rukunpura, Patna, Bihar, 107	Patna Ana1yticals	107, Patna, BR, Patna	0
5	S1-502460751	S3-902140067	false_positive	US	Pressley, Velaquez & Lloyd Inc	3633 Harden Road, Unit 202, Raleigh, NC	Pressley, Velaquez & Lloyd		1
5	S1-493870469	S2-543241085	false_negative	India	Rs Brothers Private Limited	The Point, 30Th Road, 253, Opp Royal Enfield Showroom, Bandra West, Mumbai, Mumbai, 2Nd Floor, Mumbai, Maharashtra	Rs Brchres Private Limited		1
5	S1-471129490	S3-583937578	false_negative	India	Om Developers Limited	Mr. Pawan Kumar S/O Chander Pal Singh B-332 Old No.B-14, Third Floor, Delhi, New Delhi, Delhi	ॐ डेवलपर्स लिमिटेड	Mr. Pawan Kumar S/o Chander Pal Singh B-332 Old No.b-14, Delhi, दिल्ली	1
5	S1-844645006	S2-719073086	false_negative	US	Pao Inc	93 Railroad Street, Lawrence, MA	pao inc		1
5	S1-844645006	S3-90048621	false_negative	US	Pao Inc	93 Railroad Street, Lawrence, MA	Pao Inc		1
5	S1-378232708	S3-412305565	blocking_miss	India	Om India (India) Private Limited	House No. 118, Kulhandi Beeruwala Chandanpura, Najibabad, Bijnor, Bijnore, Uttar Pradesh	Om Idneda-(India) Private Limited	House No. 118, Bijnore, UP	0
5	S1-768754262	S3-968559854	false_positive	US	Gresham's Safe Trading	1352 1640, Unit J102, Provo, UT	Gresham's Safe Trading Corp	1357 1640, # J102, Provo, Utah	1
5	S1-57781075	S3-348151802	false_negative	India	Osr Energy Ltd	Plot N 15, Khasra N 47 Ka Bhag Triveni Nagar, Lucknow, Uttar Pradesh	Osr Eoly Ltd		1
5	S1-126985167	S3-237894028	blocking_miss	India	Smart Energy Private Limited	C-214 3Rd Floor, Sumel Business Park-2, Ahmadabad City, Ahmedabad, Gujarat	M/s smartenergy.com	C-216 3Rd Floor, Sumel Business Park-2, Ahmedabad, Ahmadabad City, GJ	0
5	S1-928041609	S3-746200557	false_negative	India	Robust India Ltd	Ground Floor, Plot No. 83, Radha Krishna Temple, Bhuleshwar Road, Kalbadevi, Mumbai, Maharashtra	Robust India	Ground Floor, Mumbai, Vashi, महाराष्ट्र	1
5	S1-380611376	S2-384590324	false_positive	US	Iveneon Taiwan	530 Holmes Avenue, Unit APT 206, Indianapolis, IN	Ivenean Taiwan Corp	530 HOLMES AVE, INDIANAPOLIS CITY, IN	1
5	S1-380611376	S2-474049061	false_negative	US	Iveneon Taiwan	530 Holmes Avenue, Unit APT 206, Indianapolis, IN	Iveneon Center	HOLMES AVENUE, INDIANAPOLIS CITY, IN	1
5	S1-380611376	S3-365120359	false_negative	US	Iveneon Taiwan	530 Holmes Avenue, Unit APT 206, Indianapolis, IN	Iveneon Tahiwban		0
5	S1-451059227	S2-156572589	false_negative	US	Musselwhite's Systems Center	803 Chester Street, Jackson, TN	Musselwhite's Systems Center		1
5	S1-451059227	S2-484063	false_negative	US	Musselwhite's Systems Center	803 Chester Street, Jackson, TN	Center 5ystems Musselwhite's	803 CHESTER ST, JACKSON, TN	1
5	S1-570221485	S2-170422266	false_negative	India	WF Plus Private Limited	House No.5, 14Th Main, 15Th Cross, Sector- 4, Hsr Layout, Bangalore, Karnataka	WF Plus		1
5	S1-570221485	S2-41172544	false_negative	India	WF Plus Private Limited	House No.5, 14Th Main, 15Th Cross, Sector- 4, Hsr Layout, Bangalore, Karnataka	WFPLUS.C0M	DOOR NO 105 HOUSE NO.5, 14TH MAIN, 15TH CROSS, SECTOR- 4, HSR LAYOUT, BANGALORE, Karnataka	0
5	S1-570221485	S3-707890129	false_negative	India	WF Plus Private Limited	House No.5, 14Th Main, 15Th Cross, Sector- 4, Hsr Layout, Bangalore, Karnataka	WF Plus Private-Limited	Hosue No.5, Bengaluru, Bangalore, ಕರ್ನಾಟಕ	1
5	S1-165025109	S2-210028902	false_positive	US	Chicago Arts Select Charities	Chicago, 3115 Nashville Avenue, IL	Chicago Onyxlum Select Charities LLC	003115 Nashville Avenue, IL, CHICAGO	1
5	S1-845396392	S2-255096239	false_negative	US	Pediatric Dentistry Associates of Bayside Gardens	34725 Lodgepole Drive, Bayside Gardens, OR	Pediatric Dentistry Associates of Gardens Center		1
5	S1-400894724	S3-16189251	false_negative	India	Urogulf & Co	1449, Korpana, Chandrapur, Korpana, Chandrapur, Maharashtra	Sri Urogulf Co & #503	449, Korpana, Chandrapur, Korpana, <NULL>, MH	1
5	S1-924884170	S3-200047241	false_negative	US	VAC Highland Pampa LLC	5228 Pryor Lane, Union Hill, TN	VAC Highland Pampa		1
5	S1-327284579	S3-759097950	blocking_miss	India	Vijay Life Technology Private Limited	4Th Floor, Clock C, No 334, Futura Tech Park, Rajiv Gandhi Road, Chennai, Saidapet, Kanchipuram, Tamil Nadu	விஜய் லைஃப் டெக்னாலஜி பிரைவேட் லிமிடெட்	TN, No 4Th Floor, Kanchipuram, Saidapet	0
5	S1-327284579	S3-893556992	blocking_miss	India	Vijay Life Technology Private Limited	4Th Floor, Clock C, No 334, Futura Tech Park, Rajiv Gandhi Road, Chennai, Saidapet, Kanchipuram, Tamil Nadu	Vijay Life Private Limited Service		0
5	S1-602663292	S2-405014885	false_negative	US	Woodson Printing PC	2652 Millersburg Drive, Millersburg, OR	Woodson PC Service		1
5	S1-629879582	S3-117318892	false_negative	India	New White Investment Private Limited	C/O Sajid Ansari, 237 Green Park Society Opp I D Chauhan, Talala Road, Patan, Junagadh - Veraval, Junagadh, Gujarat	ન્યૂ વ્હાઇટ ઇન્વેસ્ટમેન્ટ Private Limited	C/o Sajid Ansari, <NULL>, GJ, Junagadh - Veraval, Junagadh	1
5	S1-629879582	S3-214386532	false_negative	India	New White Investment Private Limited	C/O Sajid Ansari, 237 Green Park Society Opp I D Chauhan, Talala Road, Patan, Junagadh - Veraval, Junagadh, Gujarat	ન્યૂ વ્હાઇટ ઇન્વેસ્ટમેન્ટ પ્રાઇવેટ લિમિટેડ	C/o Sajid Ansari, <NULL>, Junagadh - Veraval, Junagadh, ગુજરાત	1
5	S1-629879582	S3-984126700	false_negative	India	New White Investment Private Limited	C/O Sajid Ansari, 237 Green Park Society Opp I D Chauhan, Talala Road, Patan, Junagadh - Veraval, Junagadh, Gujarat	ન્યૂ વ્હાઇટ ઇન્વેસ્ટમેન્ટ પ્રાઇવેટ લિમિટેડ	C/o Sajid Ansari, <NULL>, Junagadh, Junagadh - Veraval, GJ	1
5	S1-398929955	S2-75212631	false_negative	US	Heritage All Aerospace LLC	8767 Jordan Valley Way, Unit 113, West Jordan City, UT	Heritage Áll Aerospace Llc		1
5	S1-355197726	S3-774147391	blocking_miss	US	Carpenters Union Local No 890	60 Dubois Way, Burrell, PA	carpentersunionlocal.com	Dubois Way, Burrell, Pennsylvania	0
5	S1-4211986	S3-870221728	blocking_miss	US	Electricians Union Local No 710	Shelby, 29 Paradise Circle, AL	electriciansunionlocal.com	29 Paradise Circle, null, Shelby, Alabama	0
5	S1-4211986	S3-9488405	blocking_miss	US	Electricians Union Local No 710	Shelby, 29 Paradise Circle, AL	électriciansunionlocal.com	29 Paradise Cir, null, Shelby, Alabama	0
5	S1-720555238	S3-454017022	false_negative	India	Orange (India) Real Private Limited	7, 8, 9, 1St Floor, Millennium Arcade, Near J.P. College Sc 4823, Bharuch, Gujarat	Limited Orange Real Private Center	Bharuch, <NULL>, #7, GJ	1
5	S1-653371339	S2-465321988	false_negative	India	Southern Food	1/423, Mukku Road, Tiruchuli, Virudhunagar, Tamil Nadu	சதர்ன் ஃபுட்	1/423, MUKKU ROAD, VIRUDHUNAGAR, Tamil Nadu	1
5	S1-653371339	S2-790189610	false_negative	India	Southern Food	1/423, Mukku Road, Tiruchuli, Virudhunagar, Tamil Nadu	சதர்ன் Food	தமிழ்நாடு, MUKKU ROAD, TIRUCHULI, 1/423	1
5	S1-79324468	S3-798315311	false_negative	US	Loraine Colligan Great Union PC	1633 Trendwood Drive, Tucson, AZ	Loraine Colligan Great Union Union		1
5	S1-974857150	S2-661693794	blocking_miss	India	Great Investment Private Limited	103Siddhivinayakresidency, Near Rui Pati Water Tank, Baramati, Pune, Maharashtra	ग्रेट इन्वेस्टमेंट प्राइवेट लिमिटेड	103SIDDHIVINAYAKRESIDENCY, PUNE, Maharashtra	0
5	S1-781100033	S3-963056290	blocking_miss	India	Tirupati Estate Private Limited	F-703, Swati Chrysantha, Vill: Shela, Tal: Sanand, Sanand, Ahmedabad, Gujarat	Tirupatiestate.Com	Door No 937 F-703, Sanand, Ahmedabad, GJ	0
5	S1-872365817	S2-693858950	false_negative	US	Signature Indigo	921 Mcearl Road, Huron, TN	Veonex #70167	#921 MCEARL ROAD, HURON, TN	1
5	S1-872365817	S2-901128508	false_negative	US	Signature Indigo	921 Mcearl Road, Huron, TN	Signature Índigo		1
5	S1-283798160	S3-183762476	false_negative	India	Marquis Wind Pvt. Ltd.	301 Buliding Number 29 Veer Savarkar Marg, Shakarpur, New Delhi, Delhi	Marquis Pvt. Ltd. Services	#01 Buliding Number 29 Veer Savarkar Marg, Shakarpur, New Delhi, दिल्ली	1
5	S1-825755099	S3-346386926	false_negative	India	Natraj Manufactures Private Limited	Varanasi, Uttar Pradesh, Varanasi, House No. D. 64/52B, Sant Raghubar Nagar Sigra	Natraj Manufactures Private Limited		1
5	S1-322135140	S2-575160695	false_negative	India	Gujarat Food Limited	M-1, Balarama Building, Opp. Sales Tax Office, Bandra Kurla Complex, Bandra (Ea, St), Mumbai, Maharashtra	गुजरात फूड लिमिटेड	M-3, BALARAMA BUILDING, OPP. SALES TAX OFFICE, BANDRA KURLA COMPLEX, BANDRA (EA, MUMBAI, ST), महाराष्ट्र	1
5	S1-906055694	S2-573720128	false_negative	India	Lucknow Storage Group	Lucknow, T-10, Parsvanth, Planet, Vibhuti Khand, Uttar Pradesh, 1101, Lucknow	Lucknow Group Center		0
5	S1-596715960	S2-245728139	false_negative	India	Priyank Sangh	L-30 Iind Floorkailash Colony, New Delhi, South Delhi, Delhi	Priyank Sangh Corporation	L-10 IIND FLOORKAILASH COLONY, NEW DELHI, Delhi	1
5	S1-30868614	S3-258774548	false_negative	India	Phoenix Tractors Private Limited	H No. 1-10-38/2, Second Floor, Om Building Beside Fab India, Prakash Nagar, Begumpet, Hyderabad, Telangana	Sri Phoenix Private Limited Center	H No. 1-10-38/2, Second Floor, Om Building Beside Fab India, Prakash Nagar, Begumpet, Hyderabad, తెలంగాణ	1
5	S1-231055332	S2-242305900	false_negative	US	All Acquisition LLC	1672 4450 Road, Welch, OK	All Ácquisition LLC		1
5	S1-519824035	S2-896191329	false_negative	US	Orthopedic Group	IL, 205 Washington Street, Tremont	Orthopedic LLC	WASHINGTON ST, TREMONT, IL	1
5	S1-472015011	S2-837431131	blocking_miss	India	Premier Projects Pvt Ltd	Plot No. 84, Tulip Towers, L&T Info City, Gachibowli, Hyderabad, Telangana	ప్రీమియర్ ప్రాజెక్ట్స్ ప్రైవేట్ లిమిటెడ్	Telangana, HYDERABAD, PLOT NO. 84, HYDERABAD	0
5	S1-106743964	S3-544177600	false_negative	India	Bhansali Brothers Private Limited	Level 6, Vaswani Mansion 120 Dinshaw Vacha Road, Churchgate, Mumbai, Mumbai City, Maharashtra	Bhansali Brothers Prigovcaeb Limited (ID: 57674)		0
5	S1-778664466	S2-692447424	false_negative	India	Aditya Foods Private Limited	D-236 J.J. Camp Tigri Near C/Case, New Delhi, West Delhi, Delhi	आदित्य फूड्स प्राइवेट लिमिटेड	D-238 J.J. CAMP TIGRI NEAR C/CASE, WEST DELHI, NEW DELHI, Delhi	1
5	S1-712968015	S2-775202930	false_negative	India	ILS Chowdary Private Limited	Pune, Maharashtra, S No 6 Culture Crest Spine Rd Pcntda Bunglow J/3, Pune	ILS Chowdary		1
5	S1-17231994	S2-420149273	blocking_miss	India	Bright Infotech	503, Parle Pearl Chs, Gb Indulkar Marg, Vile Parle (East), Maharashtra, Mumbai, C/O Vijay Joshi, Mumbai City	ब्राइट इंफोटेक	PLOT #391 C/O VIJAY JOSHI, MUMBAI CITY, MUMBAI, Maharashtra	0
5	S1-17231994	S2-544608601	blocking_miss	India	Bright Infotech	503, Parle Pearl Chs, Gb Indulkar Marg, Vile Parle (East), Maharashtra, Mumbai, C/O Vijay Joshi, Mumbai City	Bright Infotech [LLP]		0
5	S1-844573287	S3-525212848	false_negative	India	Confederation International School	Y-725/26 Camp No.1, West Delhi, Delhi, New Delhi	Confederation International	No 7-12 Y-725/26 Cap No.1, West Delhi, New Delhi, DL	1
5	S1-844573287	S3-969893849	false_negative	India	Confederation International School	Y-725/26 Camp No.1, West Delhi, Delhi, New Delhi	Confederation International School Limited - 7612052950	#7-12 Y-725/26 Camp No.1, New Delhi, West Delhi, दिल्ली	1
5	S1-202564698	S3-839624142	blocking_miss	India	Modern Healthcare Private Limited	A 70, Phase I Aya Nagar Exnt, New Delhi, South Delhi, Delhi	मॉडर्न हेल्थकेयर प्राइवेट लिमिटेड	A 70, South Delhi, DL	0
5	S1-57895724	S3-295025504	blocking_miss	India	Muzaffarnagar India Private Limited	1113 Village Basera, Distt Muzaffarnagar, Muzaffarnagar, Uttar Pradesh	muzaffarnagarindia.com	1113 Village Basera, Muzaffarnagar, UP	0
5	S1-837698048	S2-403451236	false_negative	US	Legacy Modern Hyperliquid LLC	337 2430, Provo, UT	Legacy Modern Hyperliquid Llc		1
5	S1-837698048	S2-788364240	false_negative	US	Legacy Modern Hyperliquid LLC	337 2430, Provo, UT	Legacy Modern Hyperliquid		1
5	S1-791255534	S2-522921337	false_negative	US	BER Regional Kimco PC	6808 Felipe Drive, Austin, TX	BER Regional Kimco Inc		1
5	S1-904877068	S3-827858879	blocking_miss	India	Sunrise Estate Private Limited	6/79 Second Floor, Old Rajinder Nagar, New Delhi, Central Delhi, Delhi	Shri Sunrise Estate Private		0
5	S1-273110908	S2-124628463	false_negative	US	Neeley Cohen LLC	1966 Mesquite Loop, Bismarck, ND	Neeley Cohen		1
5	S1-273110908	S3-226845315	false_negative	US	Neeley Cohen LLC	1966 Mesquite Loop, Bismarck, ND	Nee1ey Chisten LLC	Mesquite Loop, North Dakota, Bismarck	1
5	S1-195808236	S3-345000634	false_negative	US	Ortiz Yield LLC	41 Sidney Street, Unit Apartment 1, Buffalo, NY	Ortiz-Yield		1
5	S1-246638277	S3-295074036	blocking_miss	India	Pioneer Technology Private Limited	4/608, Voc Street, Omr Road, Nehru Nagar, Kottivakkam, Chennai City Corporation, Chennai, Tamil Nadu	PIONEER TECHNOLOGY PRIVATE LIMITED	TN, B3/4/608	0
5	S1-246638277	S3-46315974	blocking_miss	India	Pioneer Technology Private Limited	4/608, Voc Street, Omr Road, Nehru Nagar, Kottivakkam, Chennai City Corporation, Chennai, Tamil Nadu	@pioneertechnology	B3/4/608, Chennai City Corporation, Chennai, TN	0
5	S1-246638277	S3-916949503	blocking_miss	India	Pioneer Technology Private Limited	4/608, Voc Street, Omr Road, Nehru Nagar, Kottivakkam, Chennai City Corporation, Chennai, Tamil Nadu	Private Pioneer Technology Limited	B3/4/608, Chennai, Chennai City Corporation, TN	0
5	S1-50306559	S2-103399236	blocking_miss	US	Dermatology Center LLC	130 Blackstone Street, Kenai Peninsula Borough, AK	-- DERMATOLOGY CENTER LLC	BLACKSTONE STREET, SOLDOTNA, AK	0
5	S1-50306559	S3-989728354	blocking_miss	US	Dermatology Center LLC	130 Blackstone Street, Kenai Peninsula Borough, AK	dermatology center llc	130 Blackstone St, Soldtona, Alaska	0
5	S1-446065519	S3-918576649	blocking_miss	India	Yarn Lab LLP	1101, Apegaon, Paithan, Paithan, Aurangabad, Maharashtra	Yarn LLP Partners		0
5	S1-580518396	S3-479924434	false_negative	US	PW Spdr LLC	114 Fay Canyon Road, AZ, Sedona	PW Spdr	115 Fay Canyon Road, Seodna Township, Arizona	1
5	S1-603229118	S3-542380865	false_negative	US	Miva Quality United LP	9211 163rd Avenue, Vancouver, WA	Miva Quality United		1
5	S1-121272447	S3-962831382	false_negative	US	Safe Sterling Newbury Inc	13303 Mission Avenue, Unit 197, Spokane Valley, WA	Safe Sterling (Newbury)		1
5	S1-839914228	S3-622330284	false_negative	US	Finnerty Boutique, Inc	193 Main Street, Unit A, Centerville, OH	Finnerty Inc Service	Main Saint, # A, Dayton, Ohio	1
5	S1-744211342	S2-397742193	blocking_miss	US	Vogel Rocky Kgaa, LLC	1012 Park Road, Washington, DC	Viowex	PARK RD, WASHINGTON, DC	0
5	S1-125420265	S2-933167023	blocking_miss	India	North Silver Industries Private Limited	Mumbai City, Mumbai, 13Th Floor, Om Shree Ganesh Chs Ltd Shyam Nagar, Jogeshwari East, 1301, Maharashtra	नॉर्थ सिल्वर इंडस्ट्रीज प्राइवेट लिमिटेड	1301, MUMBAI CITY, Maharashtra	0
5	S1-405197087	S2-399381210	false_negative	US	Main Street Bakery	622 5th Avenue, Superior, MT	Main Street	62 5TH AVE, SUPERIOR, MT	1
5	S1-405197087	S2-654118905	false_negative	US	Main Street Bakery	622 5th Avenue, Superior, MT	Main Street - 8993297489	62 5th Ave, SUPERIOR, MT	1
5	S1-405197087	S2-91685208	false_negative	US	Main Street Bakery	622 5th Avenue, Superior, MT	MAIN 5TREET BAKERY	62 5TH AVE, SUPERIOR, MT	1
5	S1-405197087	S3-636719263	blocking_miss	US	Main Street Bakery	622 5th Avenue, Superior, MT	mainstreetbakery.com	622 5th Ave, Superior, Montana	0
5	S1-700182321	S2-909912351	false_negative	India	Domus Brothers Private Limited	402A, Floor 2Nd, 7 Kohinoor Mill Chawl, Mahatma Jyotiba Phule Road, Naigaon Rd No 3 Dadar, East, Mumbai, Mumbai City, Maharashtra	Domus Brothers Private Limited		1
5	S1-700182321	S2-975119217	false_negative	India	Domus Brothers Private Limited	402A, Floor 2Nd, 7 Kohinoor Mill Chawl, Mahatma Jyotiba Phule Road, Naigaon Rd No 3 Dadar, East, Mumbai, Mumbai City, Maharashtra	Domus Brothers Private Ltd		1
5	S1-686275460	S3-612806352	false_negative	US	IPS Global Communications L.L.C.	1808 14, Millbrook, AL	IPS Communications L.L.C. Service	Alabama, Millbrook, 180 14	1
5	S1-343773655	S3-231736529	false_negative	US	Franco Academy	607 Riverbirch Drive, Vass, NC	Nexsyn	607-611 Riverbirch Dr, Vass, North Carolina	1
5	S1-667350800	S2-770368118	false_negative	US	Better Anchor Associated	2201 Rotunda Drive, Columbus, OH	Better Better Anchor (Associated)		1
5	S1-526980302	S2-450121997	false_negative	US	Meadowlands Dynamics	9994 Cedar Street, Meadowlands, MN	MEADOWLAND5 DNAMCS	3994 CEDAR STREET, MEADOWLANDS, MN	1
5	S1-794095548	S2-322223151	false_negative	India	Ram Services Private Limited	Maharashtra, Jogeshwari West, Mumbai, Dewan Centre 183 186 S V, Shop No 67 B Level Ii	राम सर्विसेज प्राइवेट लिमिटेड	Maharashtra, MUMBAI, JOGESHWARI WEST, H.NO 67 B LEVEL II	1
5	S1-794095548	S3-498387769	blocking_miss	India	Ram Services Private Limited	Maharashtra, Jogeshwari West, Mumbai, Dewan Centre 183 186 S V, Shop No 67 B Level Ii	Ram Services Limited Service		0
5	S1-197235374	S3-892647001	false_negative	US	Dynamic Bond Inc	851 Colburn Street, Toledo, OH	Dynamic Bond Inc.		1
5	S1-806527193	S2-476913661	blocking_miss	India	MN Buildcon Co	Flat No 2401, Floor No.24, Evita, Hiranandani, Central Avenue Road, Near Hiranandani Hospital, Po, Wai, Mumbai, Mumbai City, Maharashtra	MN Buildc0n Co		0
5	S1-806527193	S3-644632105	false_negative	India	MN Buildcon Co	Flat No 2401, Floor No.24, Evita, Hiranandani, Central Avenue Road, Near Hiranandani Hospital, Po, Wai, Mumbai, Mumbai City, Maharashtra	MN C0 (Center)	Flat No 2401, Floor No.24, Evita, Hiranandani, Central Avenue Road, Near Hiranandani Hospital, Po, Wai, Mumbai City, Mumbai, MH	1
5	S1-718654967	S2-320803968	false_negative	India	Classic Energy Pvt Ltd	E-201, Ground Floor Naraina Vihar, New Delhi, West Delhi, Delhi	क्लासिक एनर्जी प्रा. लि.	H.NO 689 E-201, GROUND FLOOR NARAINA VIHAR, NEW DELHI, SOUTH WEST DELHI, Delhi	1
5	S1-718654967	S2-32355799	blocking_miss	India	Classic Energy Pvt Ltd	E-201, Ground Floor Naraina Vihar, New Delhi, West Delhi, Delhi	Pvt Classic Enery Ltd	DOOR NO 689 E-201, NEW DELHI, SOUTH WEST DELHI, Delhi	0
5	S1-461928773	S2-403767266	blocking_miss	India	Ludhiana Roads Pvt Ltd	2185/C-203/1-A, Phase-Vii Adj. Vill. Gobindgarh, Focal Point, Ludhiana, Punjab	Ludhiana Ras Pvt Ltd		0
5	S1-627335278	S3-141625888	false_negative	India	Smg Traders Private Limited	205 & 206, 2Nd Floor, Vardhman Master Plaza Plot No. 2, Dda, Lsc, Gazipur, Delhi, East Delhi, Delhi	Limited 5mg Private Service	#205 & 206, 2Nd Floor, Vardhman Master Plaza Plot No. 2, Dda, Lsc, Gazipur, Delhi, Kondli, DL	1
5	S1-281566646	S2-783382661	blocking_miss	US	Superior Asset Technologies	MN, Mcgregor, 41254 155th Place	SUPERIORASSETTECHNOLOGIES.COM	41254B 155ND PLACE, MCGREGOR, MN	0
5	S1-134710636	S2-720611695	blocking_miss	India	Good Enterprises Private Limited	16-11-741/C/8/A, 1St Floor, Moosarambagh, Opposite To Aadhya College, Amberpet, Hyderabad, Telangana	Good Enterprises Private (Limited)		0
5	S1-134710636	S3-813829964	false_negative	India	Good Enterprises Private Limited	16-11-741/C/8/A, 1St Floor, Moosarambagh, Opposite To Aadhya College, Amberpet, Hyderabad, Telangana	గుడ్ ఎంటర్‌ప్రైజెస్ ప్రైవేట్ లిమిటెడ్	No. 221 16-11-741/C/8/A, 1St Floor, Moosarambagh, Opposite To Aadhya College, Amberpet, Hyderabad, తెలంగాణ	1
5	S1-109464434	S3-495819783	false_negative	India	Sky Builders Private Limited	S. No. 107, 108, 109, Near Solorex Ceramic, Gala-Sapar Road, Morvi, Rajkot, Gujarat	સ્કાય બિલ્ડર્સ પ્રાઇવેટ લિમિટેડ	Rajkot, #392 S. No. 107, Morvi, GJ	0
5	S1-819361387	S3-18130002	false_negative	US	Vonnie's Clear Physical Therapy	580 560 Avenue, Pittsburg, KS	Vonnie's Clear-Physical		1
5	S1-819361387	S3-941256411	blocking_miss	US	Vonnie's Clear Physical Therapy	580 560 Avenue, Pittsburg, KS	vonniesclearphysical.com	280 560 Avenue, Pittsburg Township, Kansas	0
5	S1-178914381	S2-950431424	false_negative	India	Precious & Brothers Private Limited	1129, Near Nimbalkar, Talim, Pune City, Pune, Maharashtra	Precious & Bbeihes Private [Limited]		0
5	S1-245408921	S2-738234666	false_negative	India	Indian Educational Society	Gcda Hig Flats No A5, Karshaka Rd Kochi Mg Road, Ernakulam, Kerala	Indian Educational Society		1
5	S1-319259842	S2-130296756	false_negative	US	Hernandez Innovative Bsp L.L.C.	414 Fm 2820, Sumner, TX	Hernandez Bsp LLC Services	SUMNER, 14 FM 2820, TX	1
5	S1-987920708	S2-646416364	blocking_miss	India	Anand Energy Private Limited	Chennai, Tamil Nadu, New No. 40, Chennai, Old No. 19, Ganapathi Nagar, 2Nd Street, Ekkattuthangal	ஆனந்த் எனர்ஜி பிரைவேட் லிமிடெட்	40, CHENNAI, Tamil Nadu	0
5	S1-198921283	S3-215597667	blocking_miss	India	Kolkata Solutions Limited	85, Elliot Road, Room - 204, 2Nd Floor, Kolkata, Howrah, West Bengal	Kolkata Limited Solutions		0
5	S1-185871206	S2-751743346	false_negative	US	Caor Heartland Mortgage	Saint Louis, Fl 0, MO, 4000 Melon Drive	Caor Héartland-Services	MO, MEHLVILLE, MELON DRIVE	1
5	S1-145128009	S2-384327577	false_negative	US	Colonial Group	302 Sarna Drive, Lavergne, TN	Colonial Group		1
5	S1-914159486	S2-143655549	blocking_miss	India	Jain Premier Impex Limited	No.230B, Third Floor, Raahat Plaza 172, Arcot Road, Vadapalani, Chennai, Tamil Nadu	ஜைன் பிரீமியர் இம்பெக்ஸ் லிமிடெட்	NO.00230B, VADAPALANI, CHENNAI, Tamil Nadu	0
5	S1-914159486	S2-704047748	blocking_miss	India	Jain Premier Impex Limited	No.230B, Third Floor, Raahat Plaza 172, Arcot Road, Vadapalani, Chennai, Tamil Nadu	ஜைன் பிரீமியர் இம்பெக்ஸ் லிமிடெட்	NO.00230B, VADAPALANI, CHENNAI, Tamil Nadu	0
5	S1-914159486	S3-679005481	false_negative	India	Jain Premier Impex Limited	No.230B, Third Floor, Raahat Plaza 172, Arcot Road, Vadapalani, Chennai, Tamil Nadu	Jain Premier Impex Límited - 4146360518		0
5	S1-406057320	S2-942066443	false_negative	India	Armour Fresh Group	Maharashtra, R. No. B/2, Kanjur Village Road, Bhandup, Vividh Nagar, Mumbai City, Mumbai	>> Armour Fresh Fresh	VIVIDH NAGAR, BOMBAY, MUMBAI CITY, Maharashtra	1
5	S1-547454565	S3-301113863	false_negative	India	Orissa College	L.I.G-37, O.S.H.B, Sunabeda, Koraput, Orissa	Orissa College		1
5	S1-898499427	S3-40616019	false_negative	US	Jemmy Masters Heritage Market LLC	25431 627 Road, Grove, OK	Jemmy Masters Heritage Market	2543 627 Road, Groe, Oklahoma	1
5	S1-889800825	S3-467776865	false_negative	India	Ace Supreme Exports Private Limited	Kiran Shankar Roy Road, Kolkata, 4, Howrah, West Bengal, Kolkata	Ace Supreme-Exports Private Limited		1
5	S1-889800825	S3-652059558	blocking_miss	India	Ace Supreme Exports Private Limited	Kiran Shankar Roy Road, Kolkata, 4, Howrah, West Bengal, Kolkata	এইস সুপ্রিম এক্সপোর্টস প্রাইভেট লিমিটেড	4, Kiran Shankar Roy Road, Kolkata, Calcutta, Howrah, WB	0
5	S1-572683904	S2-172819928	blocking_miss	India	Shakti Software Private Limited	No.106, Shed No 3, Sidco Industrial Estate, Malumichampatty, Coimbatore, Tamil Nadu	சக்தி சாஃப்ட்வேர் பிரைவேட் லிமிடெட்	H.NO 106, COIMBATORE, Tamil Nadu	0
5	S1-296767928	S2-499908070	false_negative	India	Spontaneous Advisors	54, New No. 12, Indira Nagar Thadagam Road, Edayarpalayam, Coimbatore, Tamil Nadu	Gildkelomira	54, NEW NO. 12, INDIRA NAGAR THADAGAM ROAD, EDAYARPALAYAM, COIMBATORE, Tamil Nadu	1
5	S1-296767928	S3-422588429	blocking_miss	India	Spontaneous Advisors	54, New No. 12, Indira Nagar Thadagam Road, Edayarpalayam, Coimbatore, Tamil Nadu	spontaneousadvisors.com	54, Coimbatore, TN	0
5	S1-296767928	S3-475658735	false_negative	India	Spontaneous Advisors	54, New No. 12, Indira Nagar Thadagam Road, Edayarpalayam, Coimbatore, Tamil Nadu	Spontaneous Ahdvisssr	TN, 54	1
5	S1-296767928	S3-603421416	false_negative	India	Spontaneous Advisors	54, New No. 12, Indira Nagar Thadagam Road, Edayarpalayam, Coimbatore, Tamil Nadu	Smt Spontaneous Advisors Company		1
5	S1-223725336	S2-596907535	blocking_miss	US	Keystone Bancorp	665 Huntington Avenue, Boston, MA	bkeystone.com	665 HUNTINGTON AVE, BOSTON, MA	0
5	S1-856867979	S2-134040007	blocking_miss	US	Health Federation LLC	Boston, MA, Unit 56, 23 Northern Avenue	Health LLC Center	23 NORTHEN AVENUE, BOSTON TOWNSHIP, MA	0
5	S1-856867979	S2-960530326	blocking_miss	US	Health Federation LLC	Boston, MA, Unit 56, 23 Northern Avenue	Health Féderation LLC	23 NORHTERN AVE, BOSTON TOWNSHIP, MA	0
5	S1-856867979	S3-452987960	false_negative	US	Health Federation LLC	Boston, MA, Unit 56, 23 Northern Avenue	Health Federation-L.L.C. #82692	Northern Ave, # 56, Boston, Massachusetts	1
5	S1-452746752	S2-637270110	false_negative	India	Shivam Healthcare Pvt Ltd	Thripthy, Pankonam, Mukhathala P.O., Kollam, Kollam, Kerala	ശിവം ഹെൽത്ത്‌കെയർ പ്രൈവറ്റ് ലിമിറ്റഡ്	BLOCK G-382 THRIPTHY, KOLLAM, Keralam	0
5	S1-431477635	S2-737135018	false_negative	US	Silver Learning Digital Associates	3444 Ozanam Avenue, Chicago, IL	Silver Léarning		1
5	S1-47000003	S2-52896373	blocking_miss	India	Sree Innovative Trading Private Limited	C 102, Pranay Nagar, Ram Mandir Road Extension Vazira Naka, Borivali West, Mumbai, Mumbai City, Maharashtra	श्री इनोवेटिव ट्रेडिंग प्राइवेट लिमिटेड	#198 C 102, MUMBAI CITY, MUMBAI, Maharashtra	0
5	S1-47000003	S2-551145388	blocking_miss	India	Sree Innovative Trading Private Limited	C 102, Pranay Nagar, Ram Mandir Road Extension Vazira Naka, Borivali West, Mumbai, Mumbai City, Maharashtra	श्री इनोवेटिव ट्रेडिंग प्राइवेट लिमिटेड	H.NO 198 C 102, MUMBAI, MUMBAI CITY, महाराष्ट्र	0
5	S1-47000003	S3-432467223	blocking_miss	India	Sree Innovative Trading Private Limited	C 102, Pranay Nagar, Ram Mandir Road Extension Vazira Naka, Borivali West, Mumbai, Mumbai City, Maharashtra	Sree Innovative Trading Limited Private	C 102, Greater Bombay, Mumbai City, महाराष्ट्र	0
5	S1-694067176	S3-46343323	false_positive	India	WMR Infrastructures Corporation	H No 1-98-9-12/A/1, Flat No 205, Jubilee Cyber Grand, Shaikpet, Hyderabad, Telangana	WMR Infrastructure	Door No 1-98-9-12/A/3, Flat No 205, Jubilee Cyber Grand, Shaikpet, Hyderabad, తెలంగాణ	1
5	S1-227425021	S3-250799511	false_positive	US	Total Group	216 Jackson Street, Santa Cruz, CA	Total Group	218 Jackson St, Santa Cruz, California	1
5	S1-227425021	S3-253137854	blocking_miss	US	Total Group	216 Jackson Street, Santa Cruz, CA	Total-Group		0
5	S1-227425021	S3-89138020	false_negative	US	Total Group	216 Jackson Street, Santa Cruz, CA	Tl Group Group	216 Jackson Street, Santa Cruz, California	1
5	S1-14583432	S3-637589253	false_negative	India	Gsa Traders Private Limited	Flat No- 101C, Anand Vihar Complex, Road No-1, New Patliputra Colony, Patna, Bihar	Mr Gsa Traders Pnrciema Limited		0
5	S1-14583432	S3-973978508	blocking_miss	India	Gsa Traders Private Limited	Flat No- 101C, Anand Vihar Complex, Road No-1, New Patliputra Colony, Patna, Bihar	Mr 6sa Traders Private Ltd	Flat No- 101C, Patna, Dariyapur Chainpur Dist Patna, BR	0
5	S1-662235512	S3-720013426	false_negative	India	NOP Metals Private Limited	Nashik, Maharashtra, A 50 Sheds M I D C, Satp, Ur, C/O Sandeep Dinesh Kumar Khandelwal Shed No. W-83	NOP Private Limited Services	C/o Sandeep Dinesh Kumar Khandelwal Shed No. W-b3/83, Nashik, MH	1
5	S1-653168958	S3-702599305	false_negative	US	Ace Quality LLC	391 County Road 51021, TX, Cleveland	Ace Quality	91 County Road 51021, Clveeland CDP, Texas, PO Box 8198	1
5	S1-275675461	S2-611139723	false_negative	India	GCA India Care	1023B/32, Sushila Park, Shirur, Dist. Pune, Shirur, Pune, Maharashtra	Miradelta	Maharashtra, SHIRUR, 1023B/32, SUSHILA PARK, SHIRUR, DIST. PUNE, PUNE	1
5	S1-650297711	S3-693806097	false_negative	US	Wrye Hudson	308 Texas Avenue, Anadarko, OK	Wrye Húdson		1
5	S1-580098271	S3-747213725	false_negative	India	Dm Academy	Pn-3, New Power House Road, Jodhpur, Rajasthan	Shri Vantagehalo	Pn-c-3, New Power House Road, Jodhpur, RJ	1
5	S1-776053907	S3-158580005	false_positive	US	Vivie Gomez Platinum Term	2733 Minerva Street, City Of Oshkosh, WI	Vivie Ghoedz Platinum Term		1
5	S1-35404755	S3-641548259	false_negative	India	Sindhuri Agro Limited	Plot No. 12, Gat No.-40/P, Tarak Hou. Soc., Satara, Aurangabad, Maharashtra	Sindhuri Agro		1
5	S1-565369851	S3-613452407	false_positive	US	Veterans Guild IV Corp	2425 Prospect Street, Indianapolis, IN	Veradelta Guild IV Corp	425 Prospect Street, Indianapolis, Indiana	1
5	S1-824941245	S2-538476899	false_negative	US	Modern Maritime	Fairfax County, VA, Unit STE 101, 12471 Hayes Court	Modern [Maritime] [Maritime]		1
5	S1-476121199	S3-285478668	false_negative	US	Pitt Standard LLC	3600 Michael Boulevard, Unit 78, Mobile, AL	Pitt Standard Llc - 8217348460	Michael Boulevard, Unit 78, Mobile, Alabama	1
5	S1-512403143	S3-978963608	false_positive	US	Zephance Ubs Inc	1578 Bartlett Lane, Unit APT 16322, Sacramento, CA	Zefance Ubs Inc	1578. Bartlett Lane, # APT 16322, Sacramento, California	1
5	S1-132183793	S3-141761710	false_positive	US	Feor LLC	Unit 4, 4029 7th Street, DC, Washington	Feor LLC		1
5	S1-914183537	S2-236729094	false_negative	India	Blue Traders Private Limited	Shri Annapurna Chsl, Nenewadi, Waldhuni, Kalyan, Maharashtra, Flat No 302, Thane	Sri Blue Traders Private	02 , SHRI ANNAPURNA CHSL, NENEWADI, WALDHUNI, KALYAN, महाराष्ट्र	1
5	S1-552861979	S3-10159544	false_positive	India	Minda Tec Private Limited	Flat No.7 &8 Bldg. No.A-16 Dand P Nagar Umela R-2392, Vasai, Thane, Maharashtra	minda traders private limited		1
5	S1-97538303	S2-525939855	false_negative	US	Ridge Committee, Inc	2001 Linnea Drive, Unit Unit 407, Bend, OR	RIDGE COMMITTEE,	200 LINNEA DRIVE, BEND, OR	1
5	S1-97538303	S2-701515183	false_negative	US	Ridge Committee, Inc	2001 Linnea Drive, Unit Unit 407, Bend, OR	Ridge Committee,	200 LINNEA DRIVE, BEND, OR	1
5	S1-97538303	S2-788932597	false_negative	US	Ridge Committee, Inc	2001 Linnea Drive, Unit Unit 407, Bend, OR	Ridge Committee,	200 LINNEA DR, BEND, OR	1
5	S1-988116937	S2-320678588	false_negative	US	Serra Delta Biotechnologies	4827 Jersey Pike, Unit 405, Chattanooga, TN	SERRA DELTA BIOTECHNOLOGIES (ID: 20447)		0
5	S1-874637083	S2-584508239	blocking_miss	India	Bombay Logistics LLP	F.N.803, Shree Siddhivinayak Chs Ltd, Vartak Nagar Shree Siddhivinayak Tower, Mhada Colony, Thane W, Thane, Maharashtra	बॉम्बे लॉजिस्टिक्स एलएलपी	F.N.803, THANE, Maharashtra	0
5	S1-874637083	S2-712893766	blocking_miss	India	Bombay Logistics LLP	F.N.803, Shree Siddhivinayak Chs Ltd, Vartak Nagar Shree Siddhivinayak Tower, Mhada Colony, Thane W, Thane, Maharashtra	बॉम्बे लॉजिस्टिक्स एलएलपी	F.N.803, THANE, महाराष्ट्र	0
5	S1-748716115	S3-42696427	false_negative	US	Precision Insurance Industries Care	35 37, Hastings, NY	Precision Insurance Industries Service	35-C 37, Central Square, New York	1
5	S1-377125460	S3-143751025	blocking_miss	US	Asset Building Trust	172 Harrison Street, Unit 3120, Sandy City, UT	Asset Blilding Trust		0
5	S1-419847739	S2-261521737	false_negative	US	84/78 Net Inc.	100 Fox Ridge Circle, Unit B5, Murfreesboro, NC	84/78 Nét Inc.		1
5	S1-419847739	S2-806265951	false_negative	US	84/78 Net Inc.	100 Fox Ridge Circle, Unit B5, Murfreesboro, NC	8/4t8m Net Inc.	100 FOX RIDGE CIR, null, MURFREESBORO, NC	1
5	S1-436058470	S3-357280057	false_negative	US	Capital Gulf Solid, LLC	117 Bryn Mawr Circle, Oak Ridge, TN	Capital Gulf	11 Bryn Mawr Circle, null, Oak Ridge, Tennessee	1
5	S1-341722641	S3-672903668	false_positive	US	Dermatology Specialists of Houston	12314 Foxburo Drive, Houston, TX	Dermatology Specialists of Hodseton	Houston, Texas, Colony Ln	1
5	S1-439256085	S2-214794555	blocking_miss	India	Perfect Enterprises Limited	D-229 Gali No. 7, Bhajanpura, Delhi, North East, Delhi	परफेक्ट एंटरप्राइजेज लिमिटेड	D-229 GALI NO. 7, NORTH EAST, DELHI	0
5	S1-439256085	S2-651261806	blocking_miss	India	Perfect Enterprises Limited	D-229 Gali No. 7, Bhajanpura, Delhi, North East, Delhi	परफेक्ट एंटरप्राइजेज लिमिटेड	D-229 GALI NO. 7, DELHI, NORTH EAST, दिल्ली	0
5	S1-439256085	S2-932930192	blocking_miss	India	Perfect Enterprises Limited	D-229 Gali No. 7, Bhajanpura, Delhi, North East, Delhi	परफेक्ट एंटरप्राइजेज लिमिटेड	D-229 GALI NO. 7, DELHI, NORTH EAST, Delhi	0
5	S1-535803105	S2-223935540	false_negative	US	Renard Newbury L.L.C.	200 Main Street, Unit APT 302, El Dorado, KS	Renard Newbury		1
5	S1-535803105	S3-741460926	false_negative	US	Renard Newbury L.L.C.	200 Main Street, Unit APT 302, El Dorado, KS	Renard Newbury		1
5	S1-785493772	S3-649915850	false_positive	US	Rev It Up Book Store	61 Appleton Street, Unit 1, Boston, MA	Rev It Up Book Store Group Services	61 1/2 Waterman Rd, Boston, Massachusetts	1
5	S1-575454452	S2-868036796	singleton_false_merge	US	Dental Center	4220 Oasis Road, Rio Rancho, NM	Dental Center	BLUEBERRY DRIVE, RIO RANCHO, NM	1
5	S1-684451576	S3-173757245	false_negative	US	Kestrel Plus Corp	9742 Pennstar Lane, Marion County, OR	kplus.com	9706. Pennstar Ln, Auora, Oregon	0
5	S1-684451576	S3-619324256	false_negative	US	Kestrel Plus Corp	9742 Pennstar Lane, Marion County, OR	Kestrel Pbus Corp	Oregon, 9706. Pennstar Ln, Auora	1
5	S1-684451576	S3-70529025	false_negative	US	Kestrel Plus Corp	9742 Pennstar Lane, Marion County, OR	Kestrel Plus	9706. Pennstar Ln, Auora, Oregon	1
5	S1-145445744	S2-774376259	false_negative	US	Patriot Dental Associates PLLC	2255 Northtowne Place, Columbus, OH	Patriot Dental Associates	2255 1/2 NORTHTOWNE PL, COLUMBUS, OH	1
5	S1-251603648	S2-546513984	false_negative	US	Mesquite Baptist Church LLC	5536 Village Green Drive, Mesquite, TX	MESQUITE BAPTIST	VILLAGE GREEN DR, MESQUITECITY, TX	1
5	S1-255655517	S2-338808147	blocking_miss	US	Pediatric Pinnacle Clinic Inc	8466 Bel Air Road, Casa Grande, AZ	Pediatric Pinnacle		0
5	S1-534598667	S2-544572428	blocking_miss	US	Clear Defense Company Partners	322 Wright Street, Siloam Springs, AR	Clear Defense Company Paartners		0
5	S1-365602369	S2-525533030	false_negative	India	Digital Construction Private Limited	Bsr-196/A Satpur, Sharmik Nagar, Nashik, Bhawani Prasad Row Houses, Maharashtra	डिजिटल कंस्ट्रक्शन प्राइवेट लिमिटेड	NASHIK, DOOR NO 40 BHAWANI PRASAD ROW HOUSES, NASHIK, Maharashtra	1
5	S1-255642456	S3-313915522	false_negative	US	Yolanda Wilson Grid LLC	4813 48th Street, Omaha, NE	Yolanda Wilson Grid L.L.C.		1
5	S1-713912695	S2-744493973	false_negative	US	Nexola Oyj Clinic	4711 Walnut Road, Unit C 7, Buckeye Lake, OH	Nexola Clinic Services	Walnut Road, BUCKEYE LAKE, OH	1
5	S1-122226250	S3-731364766	false_negative	India	Star Trader Private Limited	Netiyakalayil House Near Ayyampillikavu Temble, Error P O, Thr, Ipunithara, Kochi, Ernakulam, Kerala	Limited Star Private Service	H.no 46 Netiyakalayil House Near Ayyampillikavu Temble, Error P O, Thr, Ipunithara, Kochi, Ernakulam, KL	1
5	S1-817685731	S2-980798364	blocking_miss	India	Sunrise International Private Limited	Ward No:5, Buliding No:215, Naripatta, Kakkattil, Vadakara, Kozhikode, Kerala	സൺറൈസ് ഇന്റർനാഷണൽ പ്രൈവറ്റ് ലിമിറ്റഡ്	WADR NO:5, VADAKARA, KOZHIKODE, Kerala	0
5	S1-87084722	S3-163335022	false_negative	India	Mh It Private Limited	Tamil Nadu, 19/9, Chennai, Mahalakshmi Street, T.Nagar, Chennai	mhit.com	Plot 367 19/9, Mahalakshmi Street, T.nagar, Chennai, TN	0
5	S1-32188548	S3-845389206	false_negative	US	Wright Bay Rivernorth Inc	14111 Clearwood Court, Mount Airy, MD	Wright Bay Inc Services	Mount Airy, Maryland, Clearwood Ct	1
5	S1-316734384	S2-433662659	blocking_miss	India	Anand Consultants Pvt Ltd	1 Burman Street, Kolkata, Calcutta, West Bengal	আনন্দ কনসালট্যান্টস প্রাইভেট লিমিটেড	DOOR NO 1 BURMAN STREET, KOLKATA, GIRISH PARK, West Bengal	0
5	S1-316734384	S2-977288713	blocking_miss	India	Anand Consultants Pvt Ltd	1 Burman Street, Kolkata, Calcutta, West Bengal	আনন্দ কনসালট্যান্টস প্রাইভেট লিমিটেড	1 BURMAN STREET, KOLKATA, GIRISH PARK, পশ্চিমবঙ্গ	0
5	S1-219511243	S2-383681564	blocking_miss	US	Clean Eagle, Inc	324 5th Avenue, Osseo, MN	LYRALYRA	324 5TH AENUE, MN, OSSOE	0
5	S1-219511243	S2-761850854	false_negative	US	Clean Eagle, Inc	324 5th Avenue, Osseo, MN	C1ean Eagle, Inc | www.cleaneag.com	324 5TH AVE, OSSOE, MN	1
5	S1-39125422	S3-6969825	blocking_miss	US	Urology Center LLC	67 Golden Scroll Circle, Spring, TX	Urology Cetber LLC		0
5	S1-700793834	S3-748005788	blocking_miss	US	Golden Ice Cream	227 7th Street, Murphysboro, IL	goldenicecream.com	27 Seventh Street, Murphysboro, Illinois	0
5	S1-128057084	S2-858129384	false_negative	US	Short Commodities, LP	215 Station Street, Port Aransas, TX	SHORT COMMODITIES,		1
5	S1-472210611	S2-913671170	false_negative	US	Antonina Kraft Quality Quartzsea LP	ME, Greenville, 84 Rum Ridge Road	Kraft, Antonina Quality Quartzsea Inc	RUM RIDGE RD, GREENVLLE, ME	1
5	S1-326308566	S3-257050788	false_negative	US	Custom Prairie Quasaredge Inc	N2733 Shore Drive, Town Of Merrill, WI	Custom Prairie Qúasaredge Inc		1
5	S1-25819133	S3-288526422	blocking_miss	US	Autism Assistance Committee VI	616 Custer Drive, Lynchburg City, VA	Autismassistancecommittee.Com	616-B Custer Drive, Lynchburg, Virginia	0
5	S1-215316598	S3-109223818	false_negative	India	Creative Consultants Private Limited	Village Gura Nangal, Teh Ajnala, Amritsar, Punjab	Creative Consultants Private		0
5	S1-639838077	S3-34385153	false_negative	US	Clear First Chain Inc.	136 Rich Boulevard, Elizabeth City, NC	clear first chain inc. - 8703542114		1
5	S1-904549656	S2-311977410	false_negative	US	All Trusted Property Solutions Corp	Akron, Unit 109, OH, 2331 Market Street	ALL TRUSTED PROPERTY	1985 MARKET STREET, OH, AKORN	0
5	S1-395685877	S2-530256173	false_negative	India	Kpn Brothers Corp	Flat No.A-1, Brindavan Towers Balajee Nagar, Siripuram, Visakhapatnam, Vishakhapatnam, Andhra Pradesh	Kpn Brothers		1
5	S1-115198274	S2-488170520	false_negative	US	Literacy Trust LLC	VT, Milton, 1 Clifford Drive	Literacy Trúst LLC		1
5	S1-115198274	S3-638369452	false_negative	US	Literacy Trust LLC	VT, Milton, 1 Clifford Drive	Keloiri	1 Clifford Drive, Milton, VT	1
5	S1-560946231	S2-270966330	false_negative	US	Modern Wireless Holdings	770 Elkwood Section Road, Hazel Green, AL	Modern Wireless Holdings		1
5	S1-46310360	S2-613687431	false_negative	US	Dulcinea Kiser, L.C.S.W.	800 Gay Street, Unit 205, Knoxville, TN	Dulcinea Kiser, L.C.S.W. LP		1
5	S1-923710877	S3-219831608	false_negative	India	Grace Advisors	204, N-1, Bmc House, Middle Circle, New Delhi, Central Delhi, Delhi	Grace Advisors Limited		1
5	S1-461294453	S3-325772740	false_negative	India	Products Lnb Constructions Private Limited	No154, Adinathtradecomplex, Adinath Nagar, Ponneri, Tiruvallur, Tamil Nadu	Products Lnb Private Límited Partners	#15, Adinathtradecomplex, Adinath Nagar, Ponneri, Tiruvallur, TN	1
5	S1-38726408	S2-857119789	blocking_miss	India	EY Infrasolutions LLP	West Bengal, North Parganas, Tridev Garden Block A 4Th Floor Flat No 4A Ghoshpara, Krishnapur, Parganas North	EY Infrasolution LLP		0
5	S1-231043835	S3-307336639	false_negative	US	Family Chiropractic	1802 Kelly Court, Wheatfield, IN	Family Chiropsactc Chiropsactc	1803 Kelly Ct, Wheatfield CITY, Indiana	1
5	S1-231043835	S3-361351437	false_negative	US	Family Chiropractic	1802 Kelly Court, Wheatfield, IN	Family Services	1803 Kelly Court, Wheatfield CITY, Indiana	1
5	S1-231043835	S3-784893202	false_negative	US	Family Chiropractic	1802 Kelly Court, Wheatfield, IN	Family Chiropractic Inc	1803 Kelly Ct, Wheatfield CITY, Indiana	1
5	S1-931151703	S3-631939489	blocking_miss	India	Surya Logistics Private Limited	Pl No.717/1 Sector No 7/B, Gandhinagar, Gandhi Nagar, Gujarat	સૂર્ય લોજિસ્ટિક્સ પ્રાઇવેટ લિમિટેડ	Gandhi Nagar, Gandhinagar, ગુજરાત, Pl No.716/1 Sector No 7/B	0
5	S1-596347941	S3-281505677	false_negative	US	Smart Medical Brands LLC	1305 Huntspoint Way, Henderson, KY	Smart Medical Bránds LLC		1
5	S1-802660213	S2-86253911	false_negative	India	HT Technologies Pvt. Ltd.	Delhi, North West, A-30, Floor-Iind Sawarn Singh Road Adarsh Nagar	HT Technologies Pvt. Ltd		1
5	S1-203177575	S3-593906807	blocking_miss	India	South Infra LLP	K-132, 3Rd Floor, Sarita Vihar, New Delhi, East Delhi, Delhi	साउथ इंफ्रा एलएलपी	K-132, New Delhi, East Delhi, DL	0
5	S1-236446646	S2-324608	false_negative	India	Hari Consultancy Private Limited	Building No. 24/2/35, Near Hanuman Garhi Naya Ghat Road, Ayodya, Faizabad, Uttar Pradesh	Aviquo	NO. 502 BUILDING NO. 24/2/35, NEAR HANUMAN GARHI NAYA GHAT ROAD, AYODYA, FAIZABAD, Uttar Pradesh	1
5	S1-444717834	S2-405982784	blocking_miss	India	Shiv Services Pvt Ltd	(Old No.23), 1St Floor, Second Main Road, Chennai City Corporation, Tamil Nadu, Chennai, No.2	சிவ் சர்வீசஸ் பிரைவேட் லிமிடெட்	NO.2, CHENNAI, CHENNAI CITY CORPORATION, Tamil Nadu	0
5	S1-444717834	S3-532732334	blocking_miss	India	Shiv Services Pvt Ltd	(Old No.23), 1St Floor, Second Main Road, Chennai City Corporation, Tamil Nadu, Chennai, No.2	SHIV Services PVT LTD	No.2, (Old No.23), 1St Floor, Second Main Road, Chennai City Corporation, Mandavelli, Chennai, TN	0
5	S1-444717834	S3-624553900	blocking_miss	India	Shiv Services Pvt Ltd	(Old No.23), 1St Floor, Second Main Road, Chennai City Corporation, Tamil Nadu, Chennai, No.2	சிவ் சர்வீசஸ் பிரைவேட் லிமிடெட்	2, (Old No.23), 1St Floor, Second Main Road, Chennai City Corporation, Mandavelli, Chennai, TN	0
5	S1-444717834	S3-858201876	blocking_miss	India	Shiv Services Pvt Ltd	(Old No.23), 1St Floor, Second Main Road, Chennai City Corporation, Tamil Nadu, Chennai, No.2	Shiv Srvcse Pvt Ltd Ltd	No 2, (Old No.23), 1St Floor, Second Main Road, Chennai City Corporation, Mandavelli, Chennai, TN	0
5	S1-778674645	S3-591547387	false_negative	US	Novial Fuel LLC	468 Lovely Street, Avon, CT	Novial Fuel		1
5	S1-59274307	S2-146225690	blocking_miss	US	Back Alley Auto Body!	49 Hickory Drive, Groton, CT	backalleyauto.com	GROTON, CT, 49 HICKORY DRIVE	0
5	S1-59274307	S2-441684116	false_negative	US	Back Alley Auto Body!	49 Hickory Drive, Groton, CT	BACK ALLEY AUTO BODY! CO	GROTON, 68 HICKORY DR, CT	1
5	S1-59274307	S3-884430885	false_negative	US	Back Alley Auto Body!	49 Hickory Drive, Groton, CT	Back Alley Auto [Body!]	68 Hickory Drive, Conning Towers-Nautilus Park, Connecticut	1
5	S1-403010772	S2-326094129	false_negative	India	Ambar Brothers Private Limited	Lane No 3, Shirol, Kolhapur, Maharashtra	M/s @ambarbrothers	PLOT 163 LANE NO 3, SHIROL, महाराष्ट्र	0
5	S1-938373967	S3-874533081	false_negative	US	Frontier Fund	2716 Scioto, Winston-salem, NC	Korevo	North Carolina, Winston-Salem, 2716 Scioto	1
5	S1-624121333	S3-667651597	false_negative	US	Chiropractic Pinnacle Specialists LLC	473 Gap View Drive, Charleston, WV	pinnaclespecialists.com	Gap View Dr, Charleston, West Virginia	0
5	S1-245584649	S2-201925630	false_negative	India	Solapur Poultries Ltd	C/O Gajanan Shankarrao Yadav, At Post Bhutashte, Taluka Madha, Solapur, Maharashtra	Solapur Ltd Center	DOOR NO 81 C/O GAJANAN SHANKARRAO YADAV, AT POST BHUTASHTE, TALUKA MADHA, SOLAPUR, महाराष्ट्र	1
5	S1-245584649	S2-478151588	false_negative	India	Solapur Poultries Ltd	C/O Gajanan Shankarrao Yadav, At Post Bhutashte, Taluka Madha, Solapur, Maharashtra	Solapur Ltd Center		1
5	S1-426751700	S2-591617643	false_negative	India	Bombay Krishna Systems Private Limited	New No 15 Old No 8 Madha Church Street Royapuram, Chennai, Tamil Nadu	பம்பாய் கிருஷ்ணா சிஸ்டம்ஸ் பிரைவேட் லிமிடெட்	34 OLD NO 8 MADHA CHURCH STREET ROYAPURAM, CHENNAI, Tamil Nadu	0
5	S1-426751700	S2-619315212	false_negative	India	Bombay Krishna Systems Private Limited	New No 15 Old No 8 Madha Church Street Royapuram, Chennai, Tamil Nadu	பம்பாய் கிருஷ்ணா சிஸ்டம்ஸ் பிரைவேட் லிமிடெட்	DOOR NO 34 OLD NO 8 MADHA CHURCH STREET ROYAPURAM, தமிழ்நாடு, CHENNAI	0
5	S1-911672772	S2-997989114	false_negative	US	Stalzer Management	3776 16th Place, Bellingham, WA	Stalzer Management Inc	3777 16TH PLACE, BELLINGHAM CDP, WA	1
5	S1-359970040	S2-901970011	false_negative	US	Lucia Johnson, D.O.	4600 Eberly Street, Amarillo, TX	Lucia Johnson, D.O. Inc.		1
5	S1-10586277	S3-197972582	false_negative	US	Amber Inc	664 Finchingfield Lane, Webster, NY	Amber Inc Inc		0
5	S1-955310690	S3-577978611	blocking_miss	India	Om Finance Private Limited	D-1101, 11Th Floor, Block-D, Bcm Paradise, Indore, Madhya Pradesh	Om Finnnee Private Limited		0
5	S1-955310690	S3-827029380	false_negative	India	Om Finance Private Limited	D-1101, 11Th Floor, Block-D, Bcm Paradise, Indore, Madhya Pradesh	Om Finance प्राइवेट लिमिटेड		1
5	S1-891093632	S3-983725737	false_negative	US	Strickland Bay Block PLLC	29 Morse Drive, Locke, NY	Fluxlumdelta	PMB 1331, Locke, New York, 29 Morse Drive	1
5	S1-816001689	S2-374591587	false_negative	US	Vision Care Associates LLC	102 Liddon Street, Jackson, TN	VISION CFEOBE ASSOCIATES LLC	TN, JACKSON, 02 LIDDON STREET	1
5	S1-816001689	S3-195037359	blocking_miss	US	Vision Care Associates LLC	102 Liddon Street, Jackson, TN	Vision Associates Care LLC		0
5	S1-175995109	S3-817554281	false_negative	US	DXP Crane, LLC	522 W Cross Drive, Houston, TX	DXP LLC Services	West Cross Drive, Houston, Texas	1
5	S1-175995109	S3-976607941	false_negative	US	DXP Crane, LLC	522 W Cross Drive, Houston, TX	DXP LLC Center	West Cross Drive, Houston, Texas	1
5	S1-116195506	S3-623660633	false_negative	India	Shinde Brothers Limited	B-63 Bhagwan Nagar, Ashram, New Delhi, Delhi	Shinde Brothers Limited		1
5	S1-208059599	S2-685002546	false_positive	US	Wildlife Charities VI	2598 79, Indian Mound, TN	Wildlife Charities II	2598 79, NULL, INDIAN MOUND, TN	1
5	S1-285489762	S2-882996437	blocking_miss	India	My Agro Private Limited	Office No. 451, Aggarwal Metro Heights Netaji Subhash Place, Pitampura, Delhi	माय एग्रो प्राइवेट लिमिटेड	OFFICE NO. 451, PITAMPURA, DELHI, दिल्ली	0
5	S1-480558979	S2-576762097	blocking_miss	US	Dermatology Care LLC	605 Homestead Mesa Drive, Chino Valley, AZ	dcare.com	605D HOMESTEAD MESA DR, CHINO VALLEY, AZ	0
5	S1-603243950	S3-721310717	false_negative	India	Jai Logistics Private Limited	C/O B.Dhanavathi, No 3/39, Olympic Nagar Padur, Kelambakkam, Thiruporur Taluk, Chennai, Kancheepuram, Tamil Nadu	Jai Logistics Limited Center	C/o B.dhanavalhi, Chennai, Kancheepuram, TN	1
5	S1-791653017	S3-674681648	blocking_miss	US	National Investments	1648 Prospect Street, Wheaton, IL	nationalinvestments.com	Prospect St, Wheaton, Illinois	0
5	S1-236857764	S3-26755429	blocking_miss	India	Lucknow Industrial	1/163, Viram Khand Gomti Nagar, Lucknow, Uttar Pradesh	Brixgildyuma	1/163, Lucknow, UP	0
5	S1-236857764	S3-672688918	blocking_miss	India	Lucknow Industrial	1/163, Viram Khand Gomti Nagar, Lucknow, Uttar Pradesh	Lucknow Indgusrhial	1/163, Lucknow, UP	0
5	S1-715623422	S3-719183915	false_negative	US	Animal Welfare Council	8220 110 106th Street, Unit SUITE, Fishers, IN	Animal Welfare Council Corp Enterprises		1
5	S1-110422175	S2-680970712	false_negative	US	L M & L Homecare	4903 Pine Haven Lane, Fresno, TX	Fluxnex	004903 PINE HAVEN LANE, FRESNO, TX	1
5	S1-68377159	S3-815790861	blocking_miss	India	Saras Consultancy Limited	8-2-674/3/1, Flat No.201, 3Rd Floor, Anh Residency Road No.13, Banjara Hills, Hyderabad, Telangana	sconsultancy.com	8-2-674/3/1, Hyderabad, TG	0
5	S1-300806634	S2-433470597	false_negative	India	Thrive Liability Pvt Ltd	B/1- 141 Orchid Heights, Applewoods Town Ship, Daskroi, Ahmedabad, Gujarat	Smt Veraonyx	AHMEDABAD, B/1- 141 ORCHID HEIGHTS, Gujarat, DASKROI, APPLEWOODS TOWN SHIP	1
5	S1-129956312	S2-835140889	false_negative	US	Bertram Midwest Rre Inc	2912 12th Street, Broken Arrow, OK	Bertram Midwest Inc (Center)	2845 12TH ST, BROKEN ARROW, OK	1
5	S1-904783757	S2-640710841	false_positive	India	VWO Pumps Private Limited	Village Bedwa Tehsil Meham District, Rohtak Haryana, Mehem, Rohtak, Haryana	VWOZ Private Pumps Limited	VILLAGE BEDWA TEHSIL MEHAM DISTRICT, ROHTAK HARYANA, MEHEM, Haryana	1
5	S1-904783757	S2-724401035	blocking_miss	India	VWO Pumps Private Limited	Village Bedwa Tehsil Meham District, Rohtak Haryana, Mehem, Rohtak, Haryana	VWO Pumps Private Private Límited		0
5	S1-80169099	S3-371046817	false_negative	India	Bright Care Private Limited	Gujarat, 14 Ranjan Park Soceity-1Nr Naranpura Post Office Naranpura, Ahmedabad	Bright Care Plirdte Limited	12 Ranjan Park Soceity-1nr Naranpura Post Office Naranpura, Ahmedabad, GJ	1
5	S1-80169099	S3-649784244	false_negative	India	Bright Care Private Limited	Gujarat, 14 Ranjan Park Soceity-1Nr Naranpura Post Office Naranpura, Ahmedabad	બ્રાઇટ કેર પ્રાઇવેટ લિમિટેડ	Door No 12 Ranjan Park Soceity-1nr Naranpura Post Office Naranpura, Ahmedabad, GJ	1
5	S1-698771693	S2-164949879	blocking_miss	US	Flowers Trust P.C.	5830 Sugar Lane, Unit 137, Plainfield, IN	flowerstrust.com	5830 SUGAR LANE, PLAINNFIELD, IN	0
5	S1-698771693	S3-953314058	false_negative	US	Flowers Trust P.C.	5830 Sugar Lane, Unit 137, Plainfield, IN	Flowers P.C. Center Center	5830-5834 Sugar Lane, Plainfield, Indiana	1
5	S1-294379010	S2-235216346	blocking_miss	India	Lotus Investments Private Limited	No.848, 2Nd Main 13Th Cross, Mahalakshmi Layout, Bangalore, Karnataka	ಲೋಟಸ್ ಇನ್ವೆಸ್ಟ್‌ಮೆಂಟ್ಸ್ ಪ್ರೈವೇಟ್ ಲಿಮಿಟೆಡ್	NO.848, BANGALORE, BENGALURU, Karnataka	0
5	S1-294379010	S2-309455155	blocking_miss	India	Lotus Investments Private Limited	No.848, 2Nd Main 13Th Cross, Mahalakshmi Layout, Bangalore, Karnataka	ಲೋಟಸ್ ಇನ್ವೆಸ್ಟ್‌ಮೆಂಟ್ಸ್ ಪ್ರೈವೇಟ್ ಲಿಮಿಟೆಡ್	NO.848, BANGALORE, BENGALURU, ಕರ್ನಾಟಕ	0
5	S1-945162024	S3-62350789	blocking_miss	India	Square Industrial LLP	1-32-39B Netaji Nagar, 1 Lane, Guntur, Andhra Pradesh	Squareindustrial.Com	Netaji Nagar, Vijayawada Region, AP	0
5	S1-462029708	S2-644504622	false_negative	US	Heritage Cloud Works LLC	1001 3rd Street, Brownwood, TX	Heritage Works Cloud LLC		1
5	S1-203558663	S2-287729057	false_negative	US	Sarno Bay Processing PLLC	3963 Cedar Creek Road, Fayetteville, NC	Nylasol	FAYETTEVILLE, NC, CEDAR CREEK ROAD	1
5	S1-694567670	S3-107435824	false_negative	US	Copeland Smart Etf LLC	Marysville, KS, 205 8 Street	Copeland [Smart]	206 8 St, Marysville, Kansas	1
5	S1-192330459	S3-607909079	false_negative	India	Erode & Sons Private Limited	201 A.B. Road Shop No. 201, Kanchan Sagar, 18 A.B. Road, Indore, Madhya Pradesh	Erode Sons & Private Limited		1
5	S1-165327701	S2-907264548	blocking_miss	India	Tirupati Prime Media Private Limited	210, 212, Shrimohini, 345, Kingsway, Nagpur, Maharashtra	तिरुपति प्राइम मीडिया प्राइवेट लिमिटेड	210, NAGPUR, Maharashtra	0
5	S1-165327701	S3-675186757	blocking_miss	India	Tirupati Prime Media Private Limited	210, 212, Shrimohini, 345, Kingsway, Nagpur, Maharashtra	तिरुपति प्राइम मीडिया प्राइवेट लिमिटेड	210, Nagpur, MH	0
5	S1-670501562	S2-523694300	blocking_miss	India	Shivam Power Private Limited	C-906, Titanium Square, Thaltej Cross Road, Thaltej, Ahmedabad, Gujarat	શિવમ પાવર પ્રાઇવેટ લિમિટેડ	NO. 533 C-906, AHMEDABAD, null, Gujarat	0
5	S1-670501562	S3-542705380	blocking_miss	India	Shivam Power Private Limited	C-906, Titanium Square, Thaltej Cross Road, Thaltej, Ahmedabad, Gujarat	શિવમ પાવર પ્રાઇવેટ લિમિટેડ	C-906, null, Ahmedabad, GJ	0
5	S1-670501562	S3-734153948	false_negative	India	Shivam Power Private Limited	C-906, Titanium Square, Thaltej Cross Road, Thaltej, Ahmedabad, Gujarat	Shivam Power Limited Service	C-906, null, Ahmedabad, GJ	1
5	S1-659485935	S3-487120193	false_negative	US	Precision Payroll Alliance	Amherst County, 494 Amelon Road, VA	Precision Payroll Alliance Inc.	194 Amelon Road, Amherst County, Virginia	1
5	S1-970867504	S2-680730765	false_negative	US	Falk Industries LLC	591 Pinkham Brook Road, Durham, ME	Solcira	591 PINKHAM BROOK ROAD, DURHAM, ME	1
5	S1-265421420	S2-226908276	false_negative	US	Reine's Golden Vision Center	1310 Southern Avenue, Unit 2082, Mesa, AZ	REINE'S GOLDEN CENTER CENTER	1310-1314 SOUTHERN AVE, MESA, AZ	1
5	S1-256043161	S2-804910877	false_negative	US	Wynnie Mejia Metro Duration Care	95 Ojibwa Road, Shelton, CT	mwmejiacom	OJIBWA ROAD, SHELTON, CT	1
5	S1-842050428	S3-779038042	blocking_miss	US	Orthopedic Associates Inc	1464 377, Van Alstyne, TX	Orthopedic Ássociates Inc		0
5	S1-742276862	S2-313414780	false_negative	India	Smart Consultants Private Limited	H. No. 204, Kh. No. 19/19, Block-A, Gali No. 9, South West Delhi, Delhi	स्मार्ट कंसल्टेंट्स प्राइवेट लिमिटेड	H. NO. 204, SOUTH WEST DELHI, Delhi	1
5	S1-528060442	S3-992148256	false_negative	India	Products Nextstep Ventures LLP	Panchvati Soc. Main Road, Athithi Chowk, Rajkot, Gujarat	Products Nextstep Ventures		1
5	S1-333338504	S2-185177055	false_negative	US	Eye Care Inc	125 Hillside Drive, Groton, CT	Eye Eye Chesar Inc	124 HILLSIDE DR, OLD MYSTIC, CT	1
5	S1-333338504	S2-927624340	blocking_miss	US	Eye Care Inc	125 Hillside Drive, Groton, CT	eyecare.com	OLD MYSTIC, 124 HILLSIDE DR, CT	0
5	S1-397539131	S2-618453884	singleton_false_merge	India	High Consulting Private Limited	Plot No. F-452 / Iiird Floor, Phase - 8 B Industrial Area, S.A.S Nagar, Mohali, Punjab	NHD CONSULTING PRIVATE LIMITED	F-452, PHASE 8-B, INDUSTRIAL AREA, S.A.S.NAGAR (MOHALI), Punjab	1
5	S1-791152660	S2-352214632	false_negative	India	Gyaneshwar Spoon Ltd	01, Main Road Dp Ke Pass, Sisodiya Colony, Guna, Madhya Pradesh	Sri GYANESHWAR LTD (CENTER)	01, MAIN ROAD DP KE PSAS, SISODIYA COLONY, GUNA, Madhya Pradesh	1
5	S1-669123296	S3-743195779	blocking_miss	India	Dial College	No.7/8/9, 2Nd Floor 1St Cross 1St Main, Chocalate-Factory Road Above Federal Bank, Bangalore, Karnataka	dialcollege.com	H.no 7/8/9, Bangalore, ಕರ್ನಾಟಕ	0
5	S1-669123296	S3-980795606	false_negative	India	Dial College	No.7/8/9, 2Nd Floor 1St Cross 1St Main, Chocalate-Factory Road Above Federal Bank, Bangalore, Karnataka	Dial Center		1
5	S1-752876183	S2-582724729	false_negative	India	Coterie Foundation	Kno 20/21, Door No T3, 3 Floor, Brundhavana Nilaya 19Th F Cross, Kaggadasapura, C.V. Raman, Nagar, Bengaluru, Bangalore, Karnataka	Shri Coterie Foundation Corp		1
5	S1-186596315	S3-742118735	false_negative	US	Davis Supreme Energetics LLC	13 Stevenson Street, Seneca Falls, NY	Belomira	13 Stevenson Stret, PMB 4703, Seneca Falls, New York	0
5	S1-324252617	S3-641092231	false_negative	India	Prisha Academy	C/O Latabai Salunkhe, Kanharwadi, Kadegaon, Khanapur, Sangli, Maharashtra	Prisha Academy Co	Block B-87 C/o Latabai Salunkhe, Sangli, Kanharwadi, Kadegaon, Khanapur, MH	1
5	S1-122572130	S2-714390500	false_negative	India	Perfect Trading Private Limited	H No- 17-1-388/3/32/A, Ground Floor, Vinay Nagar, Opp Tscb Bank, Saidabad, Hyderabad, Telangana	పర్‌ఫెక్ట్ ట్రేడింగ్ ప్రైవేట్ లిమిటెడ్	H NO- 17-1-388/3/32/A, HYDERABAD, తెలంగాణ	0
5	S1-122572130	S3-154261460	false_negative	India	Perfect Trading Private Limited	H No- 17-1-388/3/32/A, Ground Floor, Vinay Nagar, Opp Tscb Bank, Saidabad, Hyderabad, Telangana	పర్‌ఫెక్ట్ ట్రేడింగ్ ప్రైవేట్ లిమిటెడ్	Hn 745 H No- 17-1-388/3/32/A, Ground Floor, Vinay Nagar, Opp Tscb Bank, Saidabad, Hyderabad, TG	1
5	S1-122572130	S3-396909145	blocking_miss	India	Perfect Trading Private Limited	H No- 17-1-388/3/32/A, Ground Floor, Vinay Nagar, Opp Tscb Bank, Saidabad, Hyderabad, Telangana	Perfect Trading Private Ltd		0
5	S1-493033839	S2-434457638	false_negative	US	Pediatric Dental Express Medicine LLC	1701 Gorman Street, Unit 103, Raleigh, NC	Jaxecto	1701- GORMAN ST, RALEIGH, NC	1
5	S1-493033839	S3-426340211	false_negative	US	Pediatric Dental Express Medicine LLC	1701 Gorman Street, Unit 103, Raleigh, NC	Pediatric Dental Express LLC Center		0
5	S1-133336522	S3-149379374	false_negative	India	Magnum Medical Centre Private Limited	Hyderabad, Rangareddy, H.No. 5-1-65, Telangana, Opp Govt Junior College Beside Icici And Hdfc Banks, Kukatpally	M/s Magnum Medical Centre Private	5363, <NULL>, Hyderabad, Rangareddy, TG	1
5	S1-96771110	S3-441273213	false_negative	US	Silver Cartesian LLC	1129 8th Street, Port Angeles, WA	Silver Cartesian		1
5	S1-14683057	S2-461638265	false_positive	India	Lotus Exports Pvt Ltd	Paras Market, Station Road Barakar, Asansol, West Bengal	Ss Exports Private (Limited)	PARAS MARKET, STATION ROAD BARAKAR, West Bengal	1
5	S1-14683057	S2-879129175	false_positive	India	Lotus Exports Pvt Ltd	Paras Market, Station Road Barakar, Asansol, West Bengal	এসএস এক্সপোর্টস প্রাইভেট লিমিটেড	PARAS MARKET, ASANSOL, STATION ROAD BARAKAR, West Bengal	1
5	S1-45232735	S2-625453691	false_negative	India	Shivansh Ai Group	G-5 Block 2 Sri Sai Gruha1St Cross Vishwanatha Nagenahalli Main Road, Bangalore, Karnataka	Ariafaye	G-##5 BLOCK 2 SRI SAI GRUHA1ST CROSS VISHWANATHA NAGENAHALLI MAIN ROAD, BANGALORE, Karnataka	1
5	S1-45232735	S3-662523683	false_negative	India	Shivansh Ai Group	G-5 Block 2 Sri Sai Gruha1St Cross Vishwanatha Nagenahalli Main Road, Bangalore, Karnataka	Shri Shivansh Ai Corp	G-b3/5 Block 2 Sri Sai Gruha1st Cross Vishwanatha Nagenahalli Main Road, Bangalore, KA	1
5	S1-428918289	S2-886323456	blocking_miss	US	Stockdale Management, LLC	NY, Tuscarora, 1660 5	#stockdalemanagement	1660 5, ADDISON CCITY, NY	0
5	S1-409826660	S2-691526571	false_negative	US	Chloe's Diamond Group	1760 77, Waxahachie, TX	Deltaecto	1760- 77, WAXAHACHIE, TX	1
5	S1-40153188	S3-723553877	false_negative	US	Mills and Sears Trust Inc	216 201st Street, Shoreline, WA	Inc Mills And Sg Trust	21 201th Street, Shoreline, Washington	1
5	S1-576620977	S2-764034147	false_negative	US	Coia, LLC	847 Bradley Place, Chicago, IL	Novibeloecto	847 BRADLEY PLACE, CIHCAGO CITY, IL	1
5	S1-576620977	S3-177300998	blocking_miss	US	Coia, LLC	847 Bradley Place, Chicago, IL	Viocalo	47 Bradley Pl, Chicago, Illinois	0
5	S1-453488245	S2-827600811	blocking_miss	India	Healthcare Uttam Center Private Limited	No. 3/1728 Cdm Public School, Wali Gali Janak Nagar, Saharanpur, Uttar Pradesh	Healthcare Um Center Private Limited		0
5	S1-560489539	S2-448934099	blocking_miss	US	Literacy League Inc.	Costa Mesa, CA, Unit 301, 408 Enclave Circle	@literacyleague	408-D ENCLAVE CIR, COSTA MSEA CITY, CA	0
5	S1-560489539	S3-558011018	false_negative	US	Literacy League Inc.	Costa Mesa, CA, Unit 301, 408 Enclave Circle	Literacy Inc. Services	40 Enclave Circle, Unit 301, Costa Mesa, California	1
5	S1-946810923	S2-195278437	blocking_miss	India	Ojas Industries Private Limited	Prop No G-11, Private No G-11/3, New Delhi, South West Delhi, Delhi	ojasindustries.com	PROP NO G-G-11, PRIVATE NO G-11/3, NEW DELHI, Delhi	0
5	S1-946810923	S2-446922415	blocking_miss	India	Ojas Industries Private Limited	Prop No G-11, Private No G-11/3, New Delhi, South West Delhi, Delhi	OJASINDUSTRIES.COM	Delhi, PROP NO G-G-11, PRIVATE NO G-11/3, NEW DELHI	0
5	S1-62706577	S2-113336272	false_negative	India	Dynamic Real Hospitality Limited	111/193/Fsalmanabad, Sy.No:368 Hissa 1A, Bhatkal, Uttara Kannada, Karnataka	ಡೈನಾಮಿಕ್ ರಿಯಲ್ ಹಾಸ್ಪಿಟಾಲಿಟಿ ಲಿಮಿಟೆಡ್	111/193/FSALMANABAD, N/A, BHATKAL, UTTARA KANNADA, Karnataka	0
5	S1-255102876	S2-276683230	false_negative	India	Alpha Systems Private Limited	13/341, Geeta Colony, Delhi, East Delhi, Delhi	Alpha Systems Limited Service		1
5	S1-55561625	S3-996429625	false_positive	US	Regional Guild	9000 Sundoro Place, Albuquerque, NM	Regional Guild Ltd	#9004 Sundoro Pl, Albuqurque, New Mexico	1
5	S1-217570021	S3-92528308	blocking_miss	India	Innovative Properties Private Limited	Ambedkar Nagar, 367 Mirzapur, Akbarpur, Uttar Pradesh	Dr Innovative Private Limited Services		0
5	S1-526907219	S2-235522751	false_negative	India	Alpha Maa Constructions	Villa-38 Rbd Stillwaters 176 Sy No 64 65 66, 67/2 68/3 And 160(P), Bangalore South, Bangalore, Karnataka	ಆಲ್ಫಾ ಮಾ ಕನ್‌ಸ್ಟ್ರಕ್ಷನ್ಸ್	VILAL-38 RBD STILLWATERS 176 SY NO 64 65 66, BANGALORE, BANGALORE SOUTH, Karnataka	1
5	S1-746907963	S2-688783381	false_positive	India	RJI Biochem Limited	1A, Ashutosh Mukherjee Road, Kolkata, Kolkata, Howrah, West Bengal	RJS Biochem Limited	1A, ASHUTOSH MUKHERJEE ROAD, KOLKATA, KOLKATA, পশ্চিমবঙ্গ	1
5	S1-823816768	S3-702175354	false_negative	US	Division of Motor Vehicles	65 Timber Notch Trail, Woodstock, NY	Division of Mothtor Vehicles		0
5	S1-135523686	S3-752176032	false_negative	US	Vantos Advantage	3801 Sunnycrest Avenue, Greensboro, NC	Vantos Advantage LLC	3794 Sunnycrest Avenue, North Carolina, Greensboro	1
5	S1-821348151	S3-759921989	false_positive	US	Caceres Allied Chadwick Inc	3858 Schintzius Road, Eden, NY	CACERES ALLIED CHADWICK INC		1
5	S1-19101163	S2-746755164	false_negative	India	Jaora & Brothers Private Limited	7A Bentinck Street 2Nd Floor P S Hare Street, Kolkata, Calcutta, West Bengal	Dr Jaora & Brothers Private (ID: [71460)]		0
5	S1-557155515	S3-270680152	false_negative	India	Sree Investments Private Limited	Flat No. 404, B-Block, Rajul Apartment Near Tata Commercial Prem Nagar, Narsingh, Jabalpur, Madhya Pradesh	Sree Investments Private [Limited]	H.no 104, Jabalpur, MP	1
5	S1-498575126	S2-48437260	false_negative	US	Summit Enterprises Inc	490 Lincolnshire Road, Gahanna, OH	PARTNERS SUMMIT INC	116 LINCOLNSHIRE ROAD, GAHANNA, OH	1
5	S1-498575126	S2-657155954	false_negative	US	Summit Enterprises Inc	490 Lincolnshire Road, Gahanna, OH	Summit Enterprises	477-481 LINCOLNSHIRE ROAD, GAHANNA, OH	1
5	S1-498575126	S3-330301119	false_negative	US	Summit Enterprises Inc	490 Lincolnshire Road, Gahanna, OH	Summit Enterprises	##116 Lincolnshire Road, Gahanna, Ohio	1
5	S1-498575126	S3-449113678	false_negative	US	Summit Enterprises Inc	490 Lincolnshire Road, Gahanna, OH	Summit Enterprises	477 Lincolnshire Rd, Gahanna, Ohio	1
5	S1-638025402	S2-653462824	false_negative	US	Ear Nose & Throat Associates LLC	290 444, Elba, AL	Miraveonex	290 444, PMB 3921, ELBA, AL	1
5	S1-7954256	S3-689135161	false_negative	US	Chamberlain, Cristy, M.D., M.D., P.C. LLC	Yuma, AZ, 4230 Carnes Street	Synevo	4230 Carnes Street, YMA, Arizona	1
5	S1-694644029	S3-735982351	blocking_miss	India	Parle Traders Private Limited	63, Radha Bazar Street 3Rd Floor, Room No. 21, Kolkata, Howrah, West Bengal	Smt Parle Traders Private Limited	63, Kolkata, Netaji Subhas Road, পশ্চিমবঙ্গ	0
5	S1-694644029	S3-896266370	blocking_miss	India	Parle Traders Private Limited	63, Radha Bazar Street 3Rd Floor, Room No. 21, Kolkata, Howrah, West Bengal	Dr Parle Traders Private Ltd	WB, Netaji Subhas Road, 63, Kolkata	0
5	S1-406562124	S2-854803855	false_positive	US	Trusted Robotics Alliance	OK, Carlton Landing, 77 Ridgeline Road	Trusted Robotics Alliance Co	CARLTON LANDING, OK, 86-A RIDGELINE ROAD, null	1
5	S1-850080809	S3-936086677	blocking_miss	India	Southern Tech Private Limited	5B, Aangan, Main Avenue, Off Link Road, Santacruz (West), Mumbai, Mumbai City, Maharashtra	सदर्न टेक प्राइवेट लिमिटेड	##5B, Mumbai, महाराष्ट्र	0
5	S1-458095126	S2-639238915	blocking_miss	India	Sree Consultants	Room No 301, Sitabai Apartment 01 Milind Nagar, Agason Road, Diva, Diva, Thane, Maharashtra	श्री कंसल्टेंट्स	ROOM NO 301/4, THANE, Maharashtra	0
5	S1-37261272	S3-320475673	false_negative	India	Knr Institute Private Limited	House No. C-Ii/57, Ground Floor, New Delhi, South Delhi, Delhi	Dr Knr Instiiet Private Limited - 3405574301	House No. C-ii/5-7, Ground Floor, New Delhi, South Delhi, DL	1
5	S1-37261272	S3-611953152	false_negative	India	Knr Institute Private Limited	House No. C-Ii/57, Ground Floor, New Delhi, South Delhi, Delhi	kiprivatecom	House No. C-ii/5-7, Ground Floor, New Delhi, DL, South Delhi	1
5	S1-178410136	S3-67695846	false_negative	India	Vijayawada Technologies Private Limited	Vijayawada, D.No. 52-1/16-3A/1A, Veterinary Colony, Gunadala, Sai Sauda Building (Ramesh Hospitals), Krishna, Andhra Pradesh	Vijayawada Private Limited Partners	Sai Sauda Building (Ramesh Hospitals), Krishna, AP	1
5	S1-556439734	S3-48020713	false_negative	US	Tucson Historical Express Association Inc	2125 March Place, Tucson, AZ	Tucson Historica1 Express Association	2125-2129 March Pl, Tucsoon, Arizona	1
5	S1-586892909	S3-622715074	false_negative	India	Visa Group	S No.21/18 Ganesham Phase-I Pim. Saugar Bld.C, Flat-904, Pune, Maharashtra	Smt Visa Co	S No.b3/21/18 Ganesham Phase-i Pim. Saugar Bld.c, Flat-904, Pune, Hinjawadi, महाराष्ट्र	1
5	S1-586892909	S3-803137084	false_negative	India	Visa Group	S No.21/18 Ganesham Phase-I Pim. Saugar Bld.C, Flat-904, Pune, Maharashtra	Visa		1
5	S1-307775752	S2-714201238	false_negative	India	Leela Health (India)	379/1, Mahavir Compound, Temghar Villege, Opp. Shree Krupa Hospital, Near Pipe Line, Ka, Lyan Road, Bhiwandi, Thane, Maharashtra	Leela Health	#794 379/1, MAHAVIR COMPOUND, TEMGHAR VILLEGE, OPP. SHREE KRUPA HOSPITAL, NEAR PIPE LINE, KA, LYAN ROAD, BHIWANDI, Maharashtra	1
5	S1-307775752	S2-80177143	false_negative	India	Leela Health (India)	379/1, Mahavir Compound, Temghar Villege, Opp. Shree Krupa Hospital, Near Pipe Line, Ka, Lyan Road, Bhiwandi, Thane, Maharashtra	LEELA-(INDIA) CENTER	794 379/1, MAHAVIR COMPOUND, TEMGHAR VILLEGE, OPP. SHREE KRUPA HOSPITAL, NEAR PIPE LINE, KA, LYAN ROAD, BHIWANDI, Maharashtra	1
5	S1-307775752	S2-827641229	false_negative	India	Leela Health (India)	379/1, Mahavir Compound, Temghar Villege, Opp. Shree Krupa Hospital, Near Pipe Line, Ka, Lyan Road, Bhiwandi, Thane, Maharashtra	Leela (India) Center	Maharashtra, DOOR NO 794 379/1, MAHAVIR COMPOUND, TEMGHAR VILLEGE, OPP. SHREE KRUPA HOSPITAL, NEAR PIPE LINE, KA, LYAN ROAD, BHIWANDI	1
5	S1-597201304	S2-132599905	blocking_miss	US	American Avalanche Corporation	455 Rc Court, Madison, IN	americanavalanche.com	699A RC CT, <NULL>, MADISON, IN	0
5	S1-597201304	S2-498910930	blocking_miss	US	American Avalanche Corporation	455 Rc Court, Madison, IN	americanavalanche.com	455 RC CT, MAADISON CITY, IN	0
5	S1-587881598	S2-316501592	false_negative	India	Lakshmi Investments Private Limited	P. No.: H-164, Growth Center Phase Iind, Abu Road, Sirohi, Rajasthan	Lakshmi Investments Private Ltd		1
5	S1-195488631	S2-219421803	blocking_miss	India	Hind & Sons Pvt Ltd	F-1, 248, Krishna Vihar-C Mansarovar, Jaipur, Rajasthan	Pvt Hind + Shos Ltd	F-1, JAIPUR, Rajasthan	0
5	S1-419254249	S2-439235750	false_negative	US	Suarez, Maker and Parrish Ltd	6205 Edwards Avenue, Des Moines, IA	Suarez, Maker and Parrish Ltd Center	5913 EDWARDS AVE, DES MOINES, IA	1
5	S1-466578105	S3-761644397	false_positive	US	Haney Supreme Providence LLC	545 Lands End Trail, Belmont, NC	Cao Tge	#545 Lands End Trail, Belmont, North Carolina	1
5	S1-466578105	S3-921091560	false_negative	US	Haney Supreme Providence LLC	545 Lands End Trail, Belmont, NC	Haney Supreme Providence		1
5	S1-593332856	S3-548539708	singleton_false_merge	US	Kling, Navratil and Turnmire	1021 -106 Virginia Beach Boulevard, Virginia Beach City, VA	Kling, Navratil and Turnmire Ltd.	1021 -11 Virginia Beach Blvd, Virginia Beach City, Virginia	1
5	S1-446583182	S2-628598239	blocking_miss	US	Amber	205 Ohio Avenue, Dover, OH	Ab	143 OHIO AVE, DOVER CP, OH	0
5	S1-898352341	S2-381077143	false_negative	India	Ace Foods Pvt. Ltd.	C/O, Karunamoy Ghoshal, Vill.- Oltora, Beliatore, Barjora, Bankura, West Bengal	Ace Foods Pvt. (ID: 74235)	BLOCK F-78 C/O, KARUNAMOY GHOSHAL, VILL.- OLTORA, BELIATORE, BARJORA, পশ্চিমবঙ্গ	1
5	S1-497474175	S2-206820094	blocking_miss	India	Vijay Finance Limited	2Nd Floor, Batra Business Chambers 1/5, Cunningham Road, Bangalore, Karnataka	ವಿಜಯ್ ಫೈನಾನ್ಸ್ ಲಿಮಿಟೆಡ್	DOOR NO 4ND FLOOR, CUNNINGHAM ROAD, BANGALORE, Karnataka	0
5	S1-520069719	S2-964668270	blocking_miss	US	Ear Nose & Throat Safe Center Inc.	134 Ewing Avenue, South Bend, IN	earnosethroat.com	134-138 EWING AVENUE, SOUTH BEND, IN	0
5	S1-520069719	S3-244645166	false_negative	US	Ear Nose & Throat Safe Center Inc.	134 Ewing Avenue, South Bend, IN	Ear Center & Throat Safe Nose Inc.		1
5	S1-934036113	S2-555203823	blocking_miss	India	BX Technologies Private Limited	6Th Floor, 609, Pp Trade Center, Pitampura, Netaji Subhash Place, Delhi, North West Delhi, Delhi	BX Technologies Private		0
5	S1-934036113	S3-123957665	blocking_miss	India	BX Technologies Private Limited	6Th Floor, 609, Pp Trade Center, Pitampura, Netaji Subhash Place, Delhi, North West Delhi, Delhi	BX Technologies Pate Limited	6T Floor, Delhi, दिल्ली	0
5	S1-500935606	S2-630660950	false_negative	US	Rocky Investments LLC	4902 Harcourt Road, Upper Marlboro, MD	Umbrabrix	4902. HARCOURT ROAD, UPPER MARLBORO, MD	1
5	S1-892067522	S3-440129539	blocking_miss	US	Coastal Network	1802 Maryland Avenue, Unit 1015, AZ, Phoenix	coastalnetwork.com	# 1015, Arizona, 1802 Maryland Avenue, Phhoenix CITY	0
5	S1-415163400	S2-655733602	false_negative	US	Pesoft	W6510 Platinum Drive, Town Of Clarno, WI	Pésoft		1
5	S1-256542831	S3-938363520	false_negative	US	Danita Anderson Empire Btc LLC	2716 St Louis Avenue, Tulsa, OK	Daempire.Com	Oklahoma, 271 St Louis Ave, Tulsa	1
5	S1-465406172	S2-748981431	blocking_miss	India	Great Foundation LLP	D.No.5-9-13, Flat No.515, Vth Floor, Taramandal Complex, Saifabad, Hyderabad, Telangana	గ్రేట్ ఫౌండేషన్ ఎల్‌ఎల్‌పీ	D.NO.5-9-13, HYDERABAD, SAIFABAD, Telangana	0
5	S1-465406172	S3-825453903	false_negative	India	Great Foundation LLP	D.No.5-9-13, Flat No.515, Vth Floor, Taramandal Complex, Saifabad, Hyderabad, Telangana	గ్రేట్ ఫౌండేషన్ ఎల్‌ఎల్‌పీ	H.no 5-9-13, Flat No.515, Vth Floor, Taramandal Complex, Sonipat, Hyderabad, Andhra Pradesh	1
5	S1-217791205	S2-161590112	false_negative	India	Dhandhania Brothers Private Limited	19/16New Damu Nagar, Coimbatore, Tamil Nadu	Dr DHANDHANIA BRÓTHERS LIMITED SERVICES SERVICES		1
5	S1-547910384	S2-579095658	false_negative	US	Kipp Elias Ace Charles Inc	68 Village Drive, Lower Frederick Township, PA	Kipp Elias Ace Charles	67 VILLAGE DR, LOWER FREDERICK TOWNSHIP, PA	1
5	S1-276044610	S2-287567592	blocking_miss	US	New Life Baptist Church	849 Blue Hill Avenue, Unit 3, Boston, MA	newlifebaptist.com	#849 BLUE HILL AVE, <NULL>, DORCHESTER CENTE CITY, MA	0
5	S1-276044610	S3-628533045	false_negative	US	New Life Baptist Church	849 Blue Hill Avenue, Unit 3, Boston, MA	baptistnewlife.com	849 Blue Hill Ave, # 3, Massachusetts, Dorchester	0
5	S1-982274684	S3-493792522	false_negative	US	Tori Follmer Strategy Corp	5837 Blackhawk Drive, City Of El Paso, TX	Tori Flftrm Strategy Corp		1
5	S1-942226563	S3-58191895	blocking_miss	India	Bhavani Aids (India) Private Limited	H No.917/20, Gandhi Nagar, Delhi, East Delhi, Delhi	bhavaniaidsindia.com	#917/20, Gandhi Nagar, Delhi, East Delhi, DL	0
5	S1-942226563	S3-979257400	blocking_miss	India	Bhavani Aids (India) Private Limited	H No.917/20, Gandhi Nagar, Delhi, East Delhi, Delhi	bhavaniaidsindia.com	H No.917/20, Gandhi Nagar, Delhi, East Delhi, DL	0
5	S1-695309643	S3-948223680	false_negative	India	Global Seven Management Limited	Plot No. 76, Anant Pura Yojana, Deen Dayal Upadhyay N, Agar, Kota, Rajasthan	Global Seven	Door No G-76, Kota, RJ	1
5	S1-383451542	S2-96705182	false_negative	India	Unique & Co	F Tower 603, Elite Homz Sector 77, Noida, Gautam Buddha Nagar, Uttar Pradesh	Sri Ugque & Co	PLOT 916 F TOWER 603, GAUTAM BUDDHA NAGAR, NOIDA, Uttar Pradesh	0
5	S1-383451542	S3-193630202	false_negative	India	Unique & Co	F Tower 603, Elite Homz Sector 77, Noida, Gautam Buddha Nagar, Uttar Pradesh	Smt Unique Co Services	F Tower 60, Noida, Gautam Buddha Nagar, UP	0
5	S1-212884547	S2-766671579	false_negative	US	Grottoes Town Family Program LLC	107 12th Street, Unit B, Grottoes Town, VA	Grottoes Town Family	VA, GROTTOES, 07 12TH ST	1
5	S1-421997410	S3-3132116	blocking_miss	India	Bundelkhand Solar Corp	G - 3, Amber Tower Sansar Chandra Road, Jaipur, Rajasthan	BUNDELKHAND S0LAR CORP | www.bundelkhan.com		0
5	S1-220052584	S3-57290119	false_negative	India	One Consultants Private Limited	House No. 33 Guru Hargobind Nagar, Ropar, Rupnagar, Punjab	One Consultants Private		0
5	S1-958442213	S3-954625088	false_negative	US	Ortega and Adams	900 Marty Lee Lane, Franklin, OH	Ortega and Adams Services		1
5	S1-259926493	S2-735783772	false_negative	US	Tracy, Trotter & Mitchell Stifel, LLC	2702 55th Avenue, Unit 12, Spokane, WA	Tracy, Trotter & Mitchell LLC Center		1
5	S1-771341005	S2-6731401	false_positive	US	Kuhn, Dunne and Thomason Stifel P.C.	3222 21, Paige, Unit C, TX	Kuhn, Dunne and Thomason Technologies	322 21, PAIGE, TX	1
5	S1-771341005	S2-30609651	false_negative	US	Kuhn, Dunne and Thomason Stifel P.C.	3222 21, Paige, Unit C, TX	Kuhn, Dunne and Thomason Stifel		1
5	S1-131879029	S2-973948031	false_positive	India	First Global	Survey No.33/2 Part, A Wing, 1St Floor, Behind Mitcon, Balewadi, Pune, Maharashtra	First Global Public Limited	SURVEY NO.A-33/6 PART, A WING, 1ST FLOOR, BEHIND MIDCON, BALEWADI, PUNE, महाराष्ट्र	1
5	S1-899673813	S3-903219096	false_positive	US	Rodriguez, Mcgauley & Doherty Nano Inc	10614 Hunter Station Road, Fairfax County, VA	Rodriguez, Mcgauley & Doherdbty Nano Inc		1
5	S1-552613124	S2-318091501	false_negative	India	Pioneer Finance Limited	P.B.No.8625, No. 449, 12Th Cross, G.D.Naidu Hall Road, Wcr 2Nd Stage, Mahalakshmipuram, Bangalore North, Bangalore, Karnataka	Pioneer Finance Ltd		1
5	S1-612931977	S2-741645645	false_negative	US	Pennington Rocky Prime Inc.	1213 Calle Del Ranchero, Albuquerque, NM	PENNINGTON ROCKY		1
5	S1-554464169	S2-410347161	blocking_miss	US	Lizabeth Schantz Regional Two Inc	74 View Drive, Augusta County, VA	lizabethschantzregional.com	74 VIEW DR, STUARTS DRAFT, PO BOX 8269, VA	0
5	S1-554464169	S2-552206529	false_negative	US	Lizabeth Schantz Regional Two Inc	74 View Drive, Augusta County, VA	Lizabeth Schantz Regional Two	VIEW DRIVE, STUARTS DRAFT, VA	1
5	S1-695167536	S3-376085323	false_negative	US	Gizela Bonar Kgaa Partners	64 Westcott Road, Killingly, CT	Gizela Bonar Bonar Kgaa Partners Ltd	64 1/2 Westcott Rd, Danilson Township, Connecticut	1
5	S1-196413551	S2-147470982	false_negative	US	Kacie Gonzalez Urban LLC	Dayton, 226 Perrine Street, OH	GNZABRZE, KACIE URBAN LLC	228 Perrine St, DAYTON, OH	1
5	S1-684003855	S3-523820463	false_negative	India	Kjr Solutions Pvt Ltd	D 480 (Sf), Kh No 29/1, 6/2 Harijan Basti, Palam Ext-1, Sec-7, Dwarka Near Jai Jawan Gas A, Gency, Newdelhi, New Delhi, Delhi	Dr Kjr Solutions Pvt Ltd		1
5	S1-684003855	S3-767331842	false_negative	India	Kjr Solutions Pvt Ltd	D 480 (Sf), Kh No 29/1, 6/2 Harijan Basti, Palam Ext-1, Sec-7, Dwarka Near Jai Jawan Gas A, Gency, Newdelhi, New Delhi, Delhi	Kjr Souidtios Pvt Ltd	D 480 (Sf), Newdelhi, New Delhi, DL	1
5	S1-566709273	S3-382780833	false_negative	US	Integrated Realty Consultants LLC	4724 Marshall Road, Unit E, Kettering, OH	Integrated LLC Consultants Realty	Marshall Rd, PO Box 7205, Dyton Township, Ohio	1
5	S1-316817703	S2-890000478	false_negative	US	LM Gold LLC	679 Sadler Family Road, Carthage, NC	LM LLC 5ervices		1
5	S1-311410695	S3-274806808	false_negative	US	Regional Silver High	3562 Pin Hook Road, Unit 120, Nashville, TN	Regional-Slvier High		0
5	S1-765017353	S3-522624200	false_negative	US	Rev It Up Diner Corp	280 Gloucester Avenue, Corbin, KY	Rev It [Up]	280-284 Gloucester Ave, PO Box 9299, Corbin, Kentucky	1
5	S1-765017353	S3-706067617	false_negative	US	Rev It Up Diner Corp	280 Gloucester Avenue, Corbin, KY	Rev It Up Diner	280-284 Gloucester Avenue, PO Box 9299, Corbin, Kentucky	1
5	S1-76176826	S2-768753220	blocking_miss	US	Vanguard Nutrition Systems PC	AZ, Phoenix, 2915 87th Avenue	Aviveosyn	2915 87ND AVE, MARYVALE, AZ	0
5	S1-826631333	S2-201814124	blocking_miss	US	Chiropractic Certified Medicine L.L.C.	625 A Street, Washington, DC	CHÍROPRACTICCERTIFIEDMEDICINE.COM	62 A ST, WASHINGTON, DC	0
5	S1-826631333	S3-218746047	false_negative	US	Chiropractic Certified Medicine L.L.C.	625 A Street, Washington, DC	CHIROPRACTIC CERTIFIED MEDICINE L.L.C.		1
5	S1-335524267	S2-604004045	false_negative	US	Titan Center	278 481, Schroeppel, NY	titan center		1
5	S1-335524267	S3-204550179	false_negative	US	Titan Center	278 481, Schroeppel, NY	Titan Cbrnmrr		0
5	S1-860605389	S2-229667171	false_negative	US	Urology Medicine of Portsmouth City	4900 George Washington Highway, Portsmouth City, VA	Uro1ogy Medicine of Portsmouth City Corporation	VA, PORTSMOUTH, GEORGE WASHINGTON HIGHWAY	1
5	S1-860605389	S3-926439967	false_negative	US	Urology Medicine of Portsmouth City	4900 George Washington Highway, Portsmouth City, VA	Urology Medicine of Portsmouth City Inc.	Virginia, Portsmouth CTIY, 490 George Washington Highway	1
5	S1-14515225	S3-243618949	false_negative	US	Holy Presbyterian Church	9218 58th Street, Tulsa, OK	Church Presgaetrian Ho1y	9218 58nd St, Tulsa, Oklahoma	1
5	S1-268772353	S3-509747739	false_negative	India	Adyar Industries Private Limited	No.13/25 Krishnamachari Avenue L.B.Road, Adyar, Chennai, Tamil Nadu	Arialumfaye	Chennai, No.13/25 Krishnamachari Avenue L.B.Road, Tamil Nadu, Adyar	1
5	S1-5357997	S3-45980750	false_negative	India	Jai Foundation Private Limited	C/O Sonu Khan, Balaghat, Madhya Pradesh, Lalbarra, Katangjhari, Kochewahi	Dr Jai Foundation Prmest Limited		0
5	S1-5357997	S3-714718030	false_negative	India	Jai Foundation Private Limited	C/O Sonu Khan, Balaghat, Madhya Pradesh, Lalbarra, Katangjhari, Kochewahi	जय फाउंडेशन प्राइवेट लिमिटेड	Door No 174 C/o Sonu Khan, Katangjhari, Kochewahi, Lalbarra, Balaghat, MP	1
5	S1-483285789	S2-311330515	false_positive	India	Spartans Surya	Crown Court, 5Th Floor, 34, Cathedral Road, Gopalapuram, Chennai, Tamil Nadu	Spartans (Group) Surya	DOOR NO B3/36 CROWN COURT, 5TH FLOOR, 34, CATHEDRAL ROAD, GOPALAPURAM, CHENNAI, Tamil Nadu	1
5	S1-472266449	S2-907586888	blocking_miss	US	Highland Infrastructure LP	IL, 4325 Hatch Lane, Lisle	Highland lnfrastructure LLC		0
5	S1-472266449	S2-908121616	false_negative	US	Highland Infrastructure LP	IL, 4325 Hatch Lane, Lisle	ihighland.com	HATCH LN, LISLE, IL	1
5	S1-372554822	S3-255541243	false_negative	US	Greenwood & Huffman West	14308 Flint Creek Crossing, Leo-cedarville, IN	Greenwood Húffman & West		1
5	S1-16700994	S2-673885136	blocking_miss	India	Black It Limited	66, Ff, Durga Tower Rdc, Raj Nagar, Ghaziabad, Uttar Pradesh	ब्लैक आईटी लिमिटेड	8-66, GHAZIABAD, Uttar Pradesh	0
5	S1-461344667	S2-940963871	blocking_miss	India	Tirupati Constructions Private Limited	71, Tiljala Road, 1St Floor, Kolkata, Kolkata, Howrah, West Bengal	তিরুপতি কনস্ট্রাকশনস প্রাইভেট লিমিটেড	West Bengal, KOLKATA, HOWRAH, PLOT 862 71	0
5	S1-461344667	S3-756733308	blocking_miss	India	Tirupati Constructions Private Limited	71, Tiljala Road, 1St Floor, Kolkata, Kolkata, Howrah, West Bengal	তিরুপতি কনস্ট্রাকশনস প্রাইভেট লিমিটেড	Howrah, পশ্চিমবঙ্গ, Kolkata, 71	0
5	S1-466475765	S2-698361366	false_negative	US	Trusted Consolidated LLC	3908 Main Street, Unit APT 5E, Belleville, IL	(L.L.C.) Trusted Consolidated	908 MAIN STREET, BELLEVILLE, IL	1
5	S1-92282879	S2-309687437	false_negative	US	Kane Newtekone	8557 Boyd Street, Omaha, NE	Kane Newtekone Co		1
5	S1-169016683	S2-37765428	blocking_miss	US	S 9 Cornerstone Microelectronics	12 Grove Street, Unit B, Milford, MA	S 9 Cornerstone-Services	12 GROVE SAINT, MIFORD, MA	0
5	S1-169016683	S3-718695084	blocking_miss	US	S 9 Cornerstone Microelectronics	12 Grove Street, Unit B, Milford, MA	S 9 Comerstone Microe1ectronics	12 Grove St, Unit B, Milford, Massachusetts	0
5	S1-346118706	S2-600477743	false_negative	US	Metro Futurecorp	Loudoun County, 45008 Loudoun Water Way, VA	Metro Futurecorp LLC	45010 LOUDOUN WATER WAY, LOUDOUN COUNTY, VA	1
5	S1-211478770	S2-991361133	blocking_miss	US	A Classic Park	2008 Moninger Road, Albion, IA	A CLASSIC PARK		0
5	S1-214750632	S3-717024633	false_negative	US	Youth Charities	476 Rounseville Road, Rochester, MA	Youth Charities Corporation	Massachusetts, 76 Rounseville Rd, Rochester	1
5	S1-971497346	S2-751795285	false_positive	India	Raviam Developers	607, Mumbai City, Center Plaza, Daftari Road Shiwaji Chowk, Malad (East), Mumbai, Maharashtra	Ravviam Developefs	NO. 174 616, CENTER PLAZA, DAFTARI ROAD SHIWAJI CHOWK, MALAD (EAST), MUMBAI, Maharashtra	1
5	S1-419389906	S3-183748954	false_positive	US	Velia Calamos	2873 160th Street, City Of New Berlin, WI	Velia Calamos		1
5	S1-899933916	S3-282508259	singleton_false_merge	US	Larsen Constellation	506 Adams Street, Unit 506, Levelland, TX	Larsen Consulting	510 Adams St, # 506, Levelland, Texas	1
5	S1-232552373	S3-303997911	blocking_miss	India	Unique Institute Private Limited	Office No-407 4Th Floor Arohi Verv, Sp Ring Vejalpur Bopal, Daskroi, Ahmedabad, Gujarat	Unique Insstitute Private Limited		0
5	S1-881414713	S2-577214375	blocking_miss	US	A 4 Q Surgical LLC	3452 Patrick Drive, Magna City, UT	A 4 Q Surgical		0
5	S1-816116701	S2-644618281	false_negative	US	Bourbeau and Belles Inc	1040 Standard Avenue, Corbin, KY	Bourbeau and Belles		1
5	S1-21612290	S3-489427578	false_negative	India	Dixon Components Private Limited	4Th Floor, Jaisingh Business Centre, Parsiwada, Sahar Road, Chakala, Andheri East, 403, Maharashtra, Mumbai	Dixon Components Limited Center	Mumbai, महाराष्ट्र, 40, Bombay	0
5	S1-21612290	S3-542079924	false_negative	India	Dixon Components Private Limited	4Th Floor, Jaisingh Business Centre, Parsiwada, Sahar Road, Chakala, Andheri East, 403, Maharashtra, Mumbai	DIXON COMPONENTS PRIVATE LIMITED	40, Bombay, Mumbai, MH	1
5	S1-229745009	S3-918763204	false_negative	India	Kasper Nadar Ltd	30/F/F, Chandralok Society Nera Cadila Laboratory, Ghodasar, Ahmedabad, Gujarat	Smt Kasper Ltd Services		0
5	S1-571897401	S2-344581462	false_positive	US	Theodorou Clear Tire Shop LLC	7044 Doummar Drive, Norfolk City, VA	THEODOROU CLEAR TIR SHOP LLC		1
5	S1-170365393	S2-962076901	false_negative	India	Diamond Industries Group	House No. 42/7, Block-C, Industrial Area, Keshavpuram, Delhi, North West Delhi, Delhi	Shri CIRAQUO	HOUSE NO. 42/7, BLOCK-C, INDUSTRIAL AREA, KESHAVPURAM, DELHI, NULL, Delhi	1
5	S1-732079557	S3-324824378	false_negative	India	Kumara Charitable Private Limited	Ground Floor, 403, F. I. E, Patparganj, Delhi	Kumara Charitable Private Ltd		1
5	S1-661775500	S3-564814316	blocking_miss	India	Hari Energy Private Limited	34, Gr Flr., Krishna Row House, Nr. Devpooja Soc, Dabholi Road, Katargam, Surat, Gujarat	હરિ એનર્જી પ્રાઇવેટ લિમિટેડ	34, Surat, GJ, null	0
5	S1-900043588	S3-31988250	false_positive	India	Professional Engines Limited	2/121, Cherukoth Building Kulasekharamangalam P.O, Vaikom, Kottayam, Kerala	Private Professional Engines Limited	Kottayam, KL, 2/128	1
5	S1-6813559	S2-509071156	false_negative	India	PCR Business Private Limited	S-20, Trinath Building Gc 19, Narayantala West Baguiati, Kolkata, Kolkata, Howrah, West Bengal	PCR BUSINESS PRIVATE		1
5	S1-880860773	S2-275503818	false_negative	India	Services Bengal Buildtech Private Limited	Bangalore, Karnataka, Bangalore North, 235, Binnamangala, 2Nd Floor, 13Th Cross Road, Indra Nagar 2Nd Stage	servicesbengalbuildtech.com	23, BINNAMANGALA, 2ND FLOOR, 13TH CRSS ROAD, INDRA NAGAR 2ND STAGE, BANGALORE NORTH, ಕರ್ನಾಟಕ	0
5	S1-165437689	S3-13511885	false_negative	US	National Legacy Printing LLC	154 Glen Ellyn Road, Bloomingdale, IL	The Nationa1 Legacy Printing [LLC]	Glen Ellyn Road, Bloomingdale, Illinois	1
5	S1-894535594	S3-493895480	false_negative	US	Heritage Piedmont Athene LP	OH, 151 Fieldpoint Road, Heath	Ectolumbrix	151 Fieldpoint Road, Heath, Ohio	1
5	S1-658226462	S2-871422206	false_negative	US	Darsie B. Hankins, O.D. Center	2414 Southern Avenue, Indianapolis, IN	Darsie B. Hankins, O.D. Center Inc.		1
5	S1-144702722	S2-463197652	false_positive	US	O & U Johnson	2115 Simbrah Drive, Cedar Park, TX	O & U Jhnosn [LLC]	211 SIMBRAH DR, CEDAR PARK, TX	1
5	S1-892231466	S3-76498902	false_negative	India	Nirvaana College	159 Cst Roadkalina, Santacruz (E), Mumbai, Maharashtra	Dr Nirvaana Center	No 157 Cst Roadkalina, Santacruz (E), Mumbai, महाराष्ट्र	1
5	S1-635660442	S2-739779449	blocking_miss	India	Star Infra LLP	C - 211 (A), Maharashtra, 2Nd Floor, Kailash Industrial Complex Vikhroli Parksite, Extension Hiranandani, Vikhroli, Mumbai, Mumbai City	स्टार इंफ्रा एलएलपी	C - 211 (A), MUMBAI, Maharashtra	0
5	S1-57774813	S3-430359533	false_negative	India	Vip Charitable Trust	Maharashtra, Tq-Chalisgaon, Jalgaon, C/O Shri Prabhat Goba Kadam Takli P.C, Jalgaon	Vip Trust Charitable		1
5	S1-221168729	S3-398901468	false_negative	US	Silva Heritage Ave	310 Flamingo Drive, Fl 1, Chandler, AZ	Silva Heritage ([Ave])		1
5	S1-292524195	S3-207814916	false_negative	India	Patliputra Fincon Pvt Ltd	Plot No 1, Patelguda, Mokshit Marvel, Ramachandrapuram, Medak, Telangana	Patliputra Fincon Pvt		1
5	S1-649580862	S3-935439025	false_negative	India	Agrawal Charitable Trust	Flat No. 1, Aditi Apartments No. 1, Anandapuram, Mylapore, Chennai, Tamil Nadu	Agrawal Crlitabge Trust		0
5	S1-644335640	S2-696433969	false_positive	India	Vasai Technologies Pvt Ltd	Flat No. A-202, Gurukrupa, Evershine City, Gokhivare, Vasai, Thane, Maharashtra	Private Vasai Servicles Limited	FLAT NO 202, VASAI, THANE, महाराष्ट्र	1
5	S1-814870392	S2-734962839	false_negative	US	Department of Education	630 Spring Avenue, Bonner Springs, KS	Department (of)		0
5	S1-814870392	S3-146890926	false_negative	US	Department of Education	630 Spring Avenue, Bonner Springs, KS	Department Of Education Có	Spring Ave, Bnner Springs CDP, Kansas	1
5	S1-814870392	S3-933379456	blocking_miss	US	Department of Education	630 Spring Avenue, Bonner Springs, KS	#departmenteducation	63 Spring Avenue, Bnner Springs CDP, Kansas	0
5	S1-454097972	S3-835648425	false_negative	India	Chromatic Seva Samiti	Gang House, Near Sbbj Bank Opp Nagar Parishad Bhopal Gang, Rajasthan	Chromatic Seva Slii		0
5	S1-569909868	S3-321595526	false_negative	India	Sun Ventures Private Limited	Th-196 Pallavpuram, Phase-2, Modipuram, Meerut, Uttar Pradesh	Sun Ventures Limited Partners Partners	Th-96 Pallavpuram, Meerut, UP	1
5	S1-472568048	S3-408142576	false_negative	India	Jai Investment Pvt Ltd	5676 Kuncha Khemchand Jogiwara Nai Sarak, Delhi, Central Delhi, Delhi	जय इन्वेस्टमेंट प्रा. लि.	Delhi, DL, Central Delhi, H.no 5677 Kuncha Khemchand Jogiwara Nai Sarak	1
5	S1-273451116	S3-651752961	false_positive	India	Ahmedabad Ji Private Limited	'Om Sai Nivas', No.388, 1St A Cross, Ombr Layout, Bangalore, Karnataka	Ahmedabad Ji Industries Private	H.no 079 'Om Sai Nivas', No.388, 1St A Cross, Ombr Layout, Bangalore, ಕರ್ನಾಟಕ	1
5	S1-932621364	S3-313431129	false_negative	US	Morrill, Miller & Walker Motors PC	3 Spring Garden Drive, Montgomery, IL	Morrill, Miller & Walker Motors LLC	Spring Garden Dr, Montgomery Township, Illinois	1
5	S1-271458625	S3-587042265	false_negative	US	Cardiology Group	555 Eureka Street, Redlands, CA	Miradova	555 Eureka Street, Redlands, California	1
5	S1-941962266	S2-323939258	false_negative	US	Marilin Walker Pimco	111 Grove Lane, Hendersonville, TN	Mari1in Walker Pimco	347. GROVE LN, HENDERSONVILLE, TN	1
5	S1-998532226	S2-687639421	false_negative	US	Butler Cardiology Inc	14504 8th Avenue, Burien, WA	Tavonyla	14504 8ND AVE, BURIEN, WA	1
5	S1-470220880	S2-944338573	blocking_miss	India	Vishnu (india) Private Limited	Plot No 6 7, Lucknow, Uttar Pradesh, Bhadurpur, Kurshi, Lucknow	Vioiri	DOOR NO 6 7, Uttar Pradesh, BARABANKI	0
5	S1-292098861	S3-943934321	false_negative	US	Tenney & Gutierrez	279 Cedar Grove Road, Shepherdsville, KY	Tenney & Gtuierze #58593	279 Cedar Grove Rd, Shepherdsville, Kentucky	1
5	S1-548201751	S2-913219372	false_negative	India	Hitech Tech Private Limited	Sy.No-115/4, Door.No-39/2475-B1 Kattithara House, Kochi, Ernakulam, Kerala	ഹൈടെക് ടെക് പ്രൈവറ്റ് ലിമിറ്റഡ്	കേരളം, ERNAKULAM, KOCHI, SY.NO-115/4	0
5	S1-548201751	S3-313555480	blocking_miss	India	Hitech Tech Private Limited	Sy.No-115/4, Door.No-39/2475-B1 Kattithara House, Kochi, Ernakulam, Kerala	ഹൈടെക് ടെക് പ്രൈവറ്റ് ലിമിറ്റഡ്	Sy.no-115/4, Kochi, Edappally, KL	0
5	S1-548201751	S3-50985472	blocking_miss	India	Hitech Tech Private Limited	Sy.No-115/4, Door.No-39/2475-B1 Kattithara House, Kochi, Ernakulam, Kerala	Hitechtech.Com	Sy.no-115/4, Kochi, Edappally, കേരളം	0
5	S1-548201751	S3-855774889	blocking_miss	India	Hitech Tech Private Limited	Sy.No-115/4, Door.No-39/2475-B1 Kattithara House, Kochi, Ernakulam, Kerala	Hitech Tech Private	Sy.no-115/4, Ernakulam, Edappally, KL	0
5	S1-352629797	S2-34438957	false_negative	US	Urology Innovative Center LLC	1448 Breckinridge Ct, Ames, IA	Urology Innovative Center LLC		1
5	S1-352629797	S2-966497627	false_negative	US	Urology Innovative Center LLC	1448 Breckinridge Ct, Ames, IA	Urology Innovative Center		1
5	S1-352629797	S3-564507405	false_negative	US	Urology Innovative Center LLC	1448 Breckinridge Ct, Ames, IA	Urology Innovative Center L.L.C.		1
5	S1-128860849	S2-178722802	false_negative	India	Hotel Software LLP	Rajvilas, S No - 5, Nda Rd, Fl No - 12, Tal - Mulshi, Pune, Maharashtra	होटल सॉफ्टवेयर एलएलपी	RAJVILAS, PUNE, Maharashtra	0
5	S1-694186701	S3-199065830	false_positive	India	Chennai Management Private Limited	Grands (S2- Second Floor), Chennai, No. 19, Lic Colony 4Th Street, Dr. Radhakrishna Nagar, Thir, Uvanmiyur, Chennai, Tamil Nadu	Chennai Management Industries Phret Limited	TN, Chennai, Grands (S4-4- Second Floor), No. 19, Lic Colony 4Th Street, Dr. Radhakrishna Nagar, Thir, Uvanmiyur	1
5	S1-476455951	S2-940885905	false_negative	US	Interstate Health L.L.C.	Lewiston, 878 Swann Road, NY	Interstate Health	SWANN RD, YOUNGSTOWN TOWNSHIP, NY	1
5	S1-39647577	S2-745049609	false_negative	India	Reasonable Vidyalaya Ltd	2Nd Floor, Block T2 (B Wing) Lodha Excelus Apollo Mills Compound, N M Joshi Marg, Mahalaxmi, Mumbai, Mumbai City, Maharashtra	Shri Reasonable Vidyalaya		0
5	S1-214631211	S2-287035603	false_negative	India	Ram Construction	Uttar Pradesh, Ghaziabad, Mandhiy Lakhpat Singh, C/O Javed Saifi Mandhiy	Ram Construction LLP	418 C/O JAVED SAIFI MANDHIY, MANDHIY LAKHPAT SINGH, GHAZIABAD, Uttar Pradesh	1
5	S1-214631211	S2-497977764	false_negative	India	Ram Construction	Uttar Pradesh, Ghaziabad, Mandhiy Lakhpat Singh, C/O Javed Saifi Mandhiy	राम कंस्ट्रक्शन	GHAZIABAD, Uttar Pradesh, MANDHIY LAKHPAT SINGH, #418 C/O JAVED SAIFI MANDHIY	1
5	S1-245701916	S3-558900393	false_negative	India	Nabi Traders Private Limited	2, Khasra No. 330, Green, Chipiyana Bujurg, Chhpyana, Ghaziabad, Uttar Pradesh	Shri Nabi Traders Private	##2, Chhpyana, Pratap Vihar, उत्तर प्रदेश	1
5	S1-245701916	S3-795597389	false_negative	India	Nabi Traders Private Limited	2, Khasra No. 330, Green, Chipiyana Bujurg, Chhpyana, Ghaziabad, Uttar Pradesh	Nabi Traders Private Limited		1
5	S1-67089443	S2-622866801	false_positive	US	Moreen Jones Lng Inc.	297 Carter Road, Olive Hill, KY	Moreen Jnose Lng Inc	304 Carter Road, OLIVE HILL, KY	1
5	S1-595213348	S3-651361091	blocking_miss	India	Fortune Ace Constructions Limited	1877, E Ward, Rajarampuri, 8Th Lane Above Gulavni Hospital, Kolhapur, Maharashtra	फॉर्च्यून एस कंस्ट्रक्शंस लिमिटेड	1877, Kolhapur, MH	0
5	S1-964989308	S2-114137295	false_positive	US	Y O & F Digitalbridge L.L.C.	1009 Speer Lane, Austin, TX	Y O & F Digita1bridge Co	1020 SPEER LANE, AUSTIN, TX	1
5	S1-964989308	S2-128907456	false_negative	US	Y O & F Digitalbridge L.L.C.	1009 Speer Lane, Austin, TX	YOF.COM	TX, AUSTIN, 1009 SPEER LN	1
5	S1-964989308	S2-930473721	false_negative	US	Y O & F Digitalbridge L.L.C.	1009 Speer Lane, Austin, TX	Y O & F Digitalbridge		1
5	S1-964989308	S2-992700788	false_negative	US	Y O & F Digitalbridge L.L.C.	1009 Speer Lane, Austin, TX	Y O + F DIGITALBRIDGE [L.L.C.]		1
5	S1-267334220	S2-634105930	false_negative	India	Orion Traders Ltd	3, Ground Floor, 22/23 Sai Niketan Chs Ltd, Old Satta Gully, Ka, Lbadevi, Mumbai, Mumbai City, Maharashtra	Center Orion Ltd	03, MUMBAI, MUMBAI CITY, Maharashtra	1
5	S1-391817652	S2-384107928	blocking_miss	India	Arihant Developers Private Limited	Office No. 925, Suratwala Mark Plazzo, Hinjewadi Phase-1 Hinjewadi, Haveli, Pune, Maharashtra	अरिहंत डेवलपर्स प्राइवेट लिमिटेड	OFFCIE NO. 0925, HAVELI, PUNE, महाराष्ट्र	0
5	S1-391817652	S3-327675799	blocking_miss	India	Arihant Developers Private Limited	Office No. 925, Suratwala Mark Plazzo, Hinjewadi Phase-1 Hinjewadi, Haveli, Pune, Maharashtra	अरिहंत डेवलपर्स प्राइवेट लिमिटेड	Office No. 925, Haveli, Hinjawadi, महाराष्ट्र	0
5	S1-391817652	S3-511803111	blocking_miss	India	Arihant Developers Private Limited	Office No. 925, Suratwala Mark Plazzo, Hinjewadi Phase-1 Hinjewadi, Haveli, Pune, Maharashtra	Arihant Developers Private Ltd	Office No. 925, Hinjawadi, MH	0
5	S1-391817652	S3-936360348	blocking_miss	India	Arihant Developers Private Limited	Office No. 925, Suratwala Mark Plazzo, Hinjewadi Phase-1 Hinjewadi, Haveli, Pune, Maharashtra	Dr Arihant Developers Private (Limited)	Office No. 925, Hinjawadi, MH	0
5	S1-667066551	S3-838341058	blocking_miss	India	Albatross & Co	17 Takshshila Soc, Waghodia Road Baroda, Baroda, Vadodara, Gujarat	Smt Albatross & [Co]		0
5	S1-262221449	S3-451453342	false_negative	US	Nova Hennessy LLC	3727 Browns Chapel Road, Viola, AR	Partners Nova LLC	3709-3711 Browns Chapel Rd, Viola, Arkansas	1
5	S1-641572023	S3-280110357	false_positive	India	Skylark Solutions Partners	Hdfc House, 5Th Floor, 51, Kasturba Road, Bangalore, Karnataka	Skylark Solutions Partners Group	8-49 Hdfc House, 5Th Floor, 51, Kasturba Road, Bangalore, KA	1
5	S1-227963898	S2-126424043	false_negative	US	Lucky Cleaning Service	1295 Mound Avenue, City Of Racine, WI	LUCKY CLEANING SGVBOE		0
5	S1-346269001	S2-306132136	blocking_miss	India	Hari Ventures Private Limited	2Nd Floor, 207, Ackruti Star, Midc, Mumbai, Maharashtra	हरि वेंचर्स प्राइवेट लिमिटेड	H.NO 2ND FLOOR, MUMBAI, महाराष्ट्र	0
5	S1-346269001	S3-228873109	blocking_miss	India	Hari Ventures Private Limited	2Nd Floor, 207, Ackruti Star, Midc, Mumbai, Maharashtra	हरि वेंचर्स प्राइवेट लिमिटेड	H.no G-2nd Floor, Mumbai, MH	0
5	S1-417436813	S3-669971321	blocking_miss	India	Krishna Marketing Private Limited	362, Subhash Nagara Near Mullakattamma Temple Street, Mysore, Karnataka	ಕೃಷ್ಣ ಮಾರ್ಕೆಟಿಂಗ್ ಪ್ರೈವೇಟ್ ಲಿಮಿಟೆಡ್	Blok C-##947 362, Mysore, Mysuru, KA	0
5	S1-865768342	S3-437421600	blocking_miss	India	Healthcare Siddhi Trustee Pvt Ltd	F-2, 1St Floor, Rahulswapnam, No. # 21 East Park Street, Prithivipakkam, Ambatt, Ur, Chennai, Tamil Nadu	Healthcare Siddhi Pvt Ltd Services	693 F-2, Chennai, TN	0
5	S1-927406467	S2-173929630	false_negative	US	Coles Sunshine Inc	733 Marlee Circle, Coppell, TX	C0les Inc Center	733 MARLEE CIR, COPPELL, TX	1
5	S1-777874517	S2-638537534	false_negative	US	Dental Health of Hatfield	Hatfield, 86 Elm Street, MA, Unit A	Dental of Hatfield Services	ELM SAINT, HATFIELD, MA	1
5	S1-777874517	S3-415235386	blocking_miss	US	Dental Health of Hatfield	Hatfield, 86 Elm Street, MA, Unit A	@dentalhealth	88 Elm St, # A, Hafield, Massachusetts	0
5	S1-777874517	S3-80959391	false_negative	US	Dental Health of Hatfield	Hatfield, 86 Elm Street, MA, Unit A	Dental Health Of Hatfield	88 Elm St, # A, Hafield, Massachusetts	1
5	S1-619001480	S3-262436204	false_negative	India	Green Charitable Trust	32, Sc Road, Vv Giri Colony, Seshadripuram Bangalore, Bangalore North, Bangalore, Karnataka	Green Charitable Trust		1
5	S1-912218039	S3-293749982	false_negative	US	Unified For	425 20th Street, Baton Rouge City, LA	Unified For Corp		1
5	S1-148623145	S2-410638101	false_negative	India	New Delhi Country Ltd	Shop No S - And 2, South West Delhi, New Delhi, Delhi, Floor, Manish Chamber -Iii Lsc Plot No- 6, Sector -12, Dwarka	ORBIVANTAGEEVO	SHOP NO S - AND 2, FLOOR, MANISH CHAMBER -III LSC PLOT NO- 6, SECTOR -12, DWARKA, NEW DELHI, Delhi	1
5	S1-148623145	S3-726662123	blocking_miss	India	New Delhi Country Ltd	Shop No S - And 2, South West Delhi, New Delhi, Delhi, Floor, Manish Chamber -Iii Lsc Plot No- 6, Sector -12, Dwarka	New Dhei Country Ltd	#97 Shop No S - And 2, South West Delhi, New Delhi, DL	0
5	S1-227109408	S3-12576112	false_negative	US	Ross & Bliss Drugs LLC	37 Wenatchee Avenue, Unit STE, Wenatchee, WA	Ross and Bliss	37 1/2 Wenatchee Ave, # STE, Wenatchee, Washington	1
5	S1-622937235	S3-62332372	blocking_miss	India	Matha (India) India Pvt Ltd	Shiv Mandir Gali Maujpur, 151-B G/F, Delhi, North East	Smt Matha (India) Ieia Pvt Ltd	DL, Yamuna Vihar, North East, #151-B G/f	0
5	S1-80638610	S3-190696963	blocking_miss	India	Services Manas Travels Private Limited	Unit No. 315 Tower G, Plot No. 236 Anant Raj Ashray, Nic (M) Neemrana, Neemrana, Alwar, Rajasthan	Services Manas Trávels Private Limited		0
5	S1-549060317	S2-212866240	false_negative	US	Piedmont Hartford Group	6348 Amberwood Drive, Rancho Cucamonga, CA	PlEDMONT HARTFORD	6347 AMBERWOOD DR, RANCHO CUCAMONGA TOWNSHIP, CA	1
5	S1-851594787	S2-996036454	false_negative	US	Zephyr Management	545 Earnhardt Road, Salisbury, NC	Zephyr Center	384 EARNHARDT ROAD, SALISBURY, NC	1
5	S1-60291607	S2-428748729	blocking_miss	India	Sun Construction Private Limited	Office No. 401, B Bulding Nandan Pro, Biz, Off Balewadi High Street, Balewadi, Haveli, Pune, Maharashtra	5UN C0NSTRUCTION PRIVATE LIMITED	OFFICE NO. 401, HAVELI, PUNE, Maharashtra	0
5	S1-381464251	S3-568305241	false_negative	India	Global & Sons Ltd	Flat No.504, Suhitha Nivas, Bhpv Colony, Sujatha Nagar, Visakhapatnam, Vishakhapatnam, Andhra Pradesh	Global & Sons	5-04, Visakhapatnam, Vishakhapatnam, AP	1
5	S1-474667590	S3-401071200	false_negative	India	Vaibhav Holdings	10, Indira Colony, B/H Vishwamitra, Ahmadabad City, Ahmedabad, Gujarat	Vaibhav Holdings Service | www.vaibhavho.com	Door No 20 10, Ahmadabad City, GJ	1
5	S1-726198527	S2-192363080	false_negative	US	Middlesex Township Amplify LLC	18 Magnolia Lane, Middlesex Township, PA	Gildlyra	18 MAGNOLIA LANE, MIDDLESEX TOWNSHIP, PA	1
5	S1-909462643	S3-394034718	blocking_miss	India	Perfect International Private Limited	Ghaziabad, Uttar Pradesh, 234, Ghaziabad, Armonia Villa, Rosewood Enclave, Sec-7	परफेक्ट इंटरनेशनल प्राइवेट लिमिटेड	N/A, 234, Ghaziabad, UP	0
5	S1-909462643	S3-651680322	blocking_miss	India	Perfect International Private Limited	Ghaziabad, Uttar Pradesh, 234, Ghaziabad, Armonia Villa, Rosewood Enclave, Sec-7	परफेक्ट इंटरनेशनल प्राइवेट लिमिटेड	N/A, Ghaziabad, 234, UP	0
5	S1-909462643	S3-984395313	blocking_miss	India	Perfect International Private Limited	Ghaziabad, Uttar Pradesh, 234, Ghaziabad, Armonia Villa, Rosewood Enclave, Sec-7	Perfect International Private Ltd		0
5	S1-135893709	S3-465136986	false_negative	India	Urban Properties Private Limited	C/O Jamshed Ali S/O Noor, Mohammad Idgah Colony, Sonipat, Haryana	Urban Properties Limited Private		1
5	S1-302009810	S2-460700846	false_positive	US	Sterling Creative LLC	17 Woodbine Avenue, Northampton, MA	STERLING-CENTER	17 KENSINGTON AVE, NORTHAMPTON, MA	1
5	S1-175383820	S2-238192684	blocking_miss	India	Ss Estate Private Limited	3Rd Floor, Vindhya C5 Iit-H Campus Survey No 25, Gachibowli, Hyderabad, Telangana	ఎస్‌ఎస్ ఎస్టేట్ ప్రైవేట్ లిమిటెడ్	GACHIBOWLI, Telangana, ##3RD FLOOR	0
5	S1-175383820	S3-11401163	blocking_miss	India	Ss Estate Private Limited	3Rd Floor, Vindhya C5 Iit-H Campus Survey No 25, Gachibowli, Hyderabad, Telangana	ssestateprivate.com	H.no 3Rd Floor, Gachibowli, Hyderabad, Andhra Pradesh	0
5	S1-525024769	S3-377678886	false_negative	US	Winona's Summit Insurance LLC	IL, Waukegan, 1301 Elmwood Avenue	Winona'S Summit Insurance Llc		1
5	S1-861225627	S2-813220199	false_negative	US	Bright Textile Brands Company	5746 Broken Spoke Lane, Brownsville, TX	Novilumgild	6107 BROKEN SPOKE LANE, BROWNSVILLE, TX	1
5	S1-861225627	S3-958376557	false_negative	US	Bright Textile Brands Company	5746 Broken Spoke Lane, Brownsville, TX	Bright Brands Company Center		1
5	S1-725560084	S2-225615819	false_positive	India	Al Trading Private Limited	Ganesh Plaza 31/472/C-2 1St Floor Sultan Ganj Crossing Bye Pass Road, Agra, Uttar Pradesh	अल Tech प्राइवेट लिमिटेड	HN 836/8 GANESH PLAZA 31/472/C-2 12ST FLOOR SULTAN GANJ CROSSING BYE PASS ROAD, AGRA, उत्तर प्रदेश	1
5	S1-154399020	S2-173265014	blocking_miss	US	Harbor League	1273 250th Avenue, Pella, IA	Harbor Léague	1539 250ND AVENUE, IA, LAKE PRAIRIE	0
5	S1-623359500	S3-864569715	false_positive	India	Aaryan Consultancy Limited	Office No. 09, Suit No 08A 3Rd Floor 19 Netaji Subhas Road, Kolkata, Kolkata, Howrah, West Bengal	Advanced Cónsultancy Ltd	388. Office No. 16, Suit No 08A 3Rd Floor 19 Netaji Subhas Road, Kolkata, Howrah, Dalhousie Kolkata, WB	1
5	S1-623359500	S3-618692570	false_negative	India	Aaryan Consultancy Limited	Office No. 09, Suit No 08A 3Rd Floor 19 Netaji Subhas Road, Kolkata, Kolkata, Howrah, West Bengal	Aaryan Consultancy Limited		1
5	S1-880686259	S2-484246678	blocking_miss	India	Southern Solutions Private Limited	Floor-18, Rustomjee Excellency, Rustomjee Adarsh Excelency, Adarsh Vihar, Malad West, Flat 1802, Mumbai City, Maharashtra, Mumbai	सदर्न सॉल्यूशंस प्राइवेट लिमिटेड	FLAT 1802, MUMBAI CITY, MUMBAI, Maharashtra	0
5	S1-880686259	S3-439015170	blocking_miss	India	Southern Solutions Private Limited	Floor-18, Rustomjee Excellency, Rustomjee Adarsh Excelency, Adarsh Vihar, Malad West, Flat 1802, Mumbai City, Maharashtra, Mumbai	सदर्न सॉल्यूशंस प्राइवेट लिमिटेड	Flat 1802, Mumbai, Mumbai City, MH	0
5	S1-862231883	S3-46079761	false_negative	US	Kennedy Pantages LLC	3703 Saint Andrews Place, Elkhart, IN	Kennedy LLC Services	370 St Andrews Pl, PO Box 9670, Elkhart, Indiana	1
5	S1-888947920	S2-839165994	blocking_miss	US	Pediatric Associates	1013 Bailey Way, Royse City, TX	Pediatric Ass0ciates		0
5	S1-888947920	S3-114490999	false_negative	US	Pediatric Associates	1013 Bailey Way, Royse City, TX	Vioveo #70646	652 Bailey Way, Texas, Royse City Township	0
5	S1-888947920	S3-560853851	false_negative	US	Pediatric Associates	1013 Bailey Way, Royse City, TX	Pediatric Asosfcaes	679 Bailey Way, Royse City, Texas	1
5	S1-822375925	S3-277590678	false_negative	US	Quality American Systems LLC	131 Cuyler Avenue, IL, Oak Park	Quality American Systems LLC		1
5	S1-35541970	S3-789090417	false_negative	US	Butz, Tansy N., Esq. PLLC	8617 Black Canyon Highway, Unit 156, Phoenix, AZ	Fayepyraio	8617 Black Canyon Highway, Unit 156, Phoenix, AZ	1
5	S1-35541970	S3-977709372	false_negative	US	Butz, Tansy N., Esq. PLLC	8617 Black Canyon Highway, Unit 156, Phoenix, AZ	Butz, Tansy N., [Esq.]		1
5	S1-113516765	S3-272667965	false_negative	US	Braddock, Ramirez and Walter PLLC	OR, 766 Throne Drive, Eugene, Unit Apartment 315	Braddock, Ramirez and Walter	765 Throne Drive, # Apartment 315, Eugene, Oregon	1
5	S1-732524204	S2-212590901	false_negative	US	Zion	1101 A Street, Vale, OR	Zion Inc.	1103 A SAINT, VALE TOWNSHIP, OR	1
5	S1-564108453	S2-220716119	false_negative	US	Lorenz Popular Inc	2013 Arcadia Avenue, Chesterfield County, VA	Lorenz Inc Partners		1
5	S1-238691241	S2-711407764	blocking_miss	US	Scott's Analytics	73 Jamaica Avenue, Brookhaven, NY	scottsanalytics.com	73A JAMAICA AVE, HOLTSVILLE, NY	0
5	S1-295310246	S3-248670259	false_negative	US	Urgent Care Clinic PC	6515 60, Ashland, KY	Urgent Care Clínic PC		1
5	S1-269305492	S3-339129685	false_negative	US	Moteor Lane Care	137 Shakespeare Lane, Avon, OH	*** M0teor Lane Care	137 1/2 Shakespeare Ln, Ohio, Avon	1
5	S1-465412616	S3-287368357	false_negative	India	Services Emtex Management Private Limited	Hyderabad, Sai Sudha Nilayam, New Huda Layout, Gudimalkapur, Mehdipatnam, #12-2-460/2, Hyderabad, Telangana	Services Etmx Management Private Limited | www.servicese.com	తెలంగాణ, #12-2-460/2, Hyderabad	1
5	S1-285334432	S2-722092177	blocking_miss	US	C U & U Innovations LLC	12903 Wight Street, Unit 103, Ocean City, MD	C U & U	32903 Wight Street, OCAN CITY, MD	0
5	S1-285334432	S2-803584336	false_negative	US	C U & U Innovations LLC	12903 Wight Street, Unit 103, Ocean City, MD	L.L.C. C U & U Innovations	32903 WIGHT SAINT, OCAN CITY, MD	1
5	S1-285334432	S3-963147926	false_negative	US	C U & U Innovations LLC	12903 Wight Street, Unit 103, Ocean City, MD	C and-U Innovations LLC Services	Wight Street, Unit 103, Oecan CITY CDP, Maryland	1
5	S1-875022371	S3-621662370	false_negative	India	Abbas Marketing Private Limited	C/O Mrs. Sabitri Mishra, Saraswati Vihar Na Nabapally, Near Anukul Thakur Ashram, Durgapur, Bardhaman, West Bengal	Abbas Marketing Private		1
5	S1-853940606	S3-564731433	false_negative	India	Balaji Developers Private Limited	H.No. 2-544, Sai Nagar Old Hafeejpet, Miyapur, Hyderabad, Telangana	Balaji Developers		0
5	S1-630843615	S2-120825665	false_negative	US	Obsidian	3301 Market Street, Unit 421, Salem, OR	... OBSIDIAN LLC	03509 Market St, SALEM, OR	1
5	S1-630843615	S2-637162551	false_negative	US	Obsidian	3301 Market Street, Unit 421, Salem, OR	BRIXIRIHALO	OR, 3301 MARKET STREET, SALEM	1
5	S1-630843615	S2-839074932	false_negative	US	Obsidian	3301 Market Street, Unit 421, Salem, OR	Obsidian Ltd	3656 MARKET ST, SALEM, OR	1
5	S1-139742025	S3-708455670	false_positive	India	KJ India Private Limited	31, The Gateway, Ceaser Road Andheri West, Mumbai, Mumbai, Mumbai City, Maharashtra	Kj Industry Private Limited		1
5	S1-139742025	S3-646240256	false_negative	India	KJ India Private Limited	31, The Gateway, Ceaser Road Andheri West, Mumbai, Mumbai, Mumbai City, Maharashtra	KJ Private Limited Center		1
5	S1-428531827	S2-991313274	false_negative	India	Dream Food Private Limited	Sagar, Shanti Bihar Colony, Shanti Nagar 1, Rajakhedi, Makronia, Hig-206, Madhya Pradesh	ड्रीम फूड प्राइवेट लिमिटेड	HN 85 HIG-206, SHANTI BIHAR COLONY, SHANTI NAGAR 1, RAJAKHEDI, MAKRONIA, SAGAR, Madhya Pradesh	1
5	S1-117765641	S2-564128052	false_negative	US	Ridgeline	12950 Meadow View Court, Unit UNIT 202, Huntley, IL	Ridgeline Ltd	2950 MEADOW VIEW COURT, HUNTLEY, IL	1
5	S1-843274643	S2-299638522	false_positive	India	Paradise Academy	Kurnool, Andhra Pradesh, H.No 1-49-1 Statan Puram	Paradise Academy Industries	H.NO ##1-49-10 STATAN PURAM, KURNOOL, Andhra Pradesh	1
5	S1-982647996	S2-305261520	false_negative	US	Vanet International, LLC	800 2nd Avenue, Unit UNIT 305, Great Falls, MT	VANETINTERNATIONALCOM	800-802 2RD AVE, GREAT FALLS, MT	1
5	S1-982647996	S2-332949451	false_negative	US	Vanet International, LLC	800 2nd Avenue, Unit UNIT 305, Great Falls, MT	VANET INTERNATIONAL, LLC		1
5	S1-982647996	S2-493381525	false_negative	US	Vanet International, LLC	800 2nd Avenue, Unit UNIT 305, Great Falls, MT	Vanet International, L.L.C.		1
5	S1-991332051	S3-731255655	false_negative	US	Fletcher & Ohara Lending P.C.	72-34 Thursby Avenue, Arverne, NY	F1etcher And Ohnaa Lending P.C.	72-34 Thursby Ave, Arverne, New York	1
5	S1-559798244	S2-951573995	blocking_miss	India	Silver Products Private Limited	H No - 305, 2Nd C Main 8Th Block, Koramangla, Bangalore, Karnataka	ಸಿಲ್ವರ್ ಪ್ರೊಡಕ್ಟ್ಸ್ ಪ್ರೈವೇಟ್ ಲಿಮಿಟೆಡ್	H NO - 305, BANGALORE, Karnataka	0
5	S1-559798244	S2-981038697	blocking_miss	India	Silver Products Private Limited	H No - 305, 2Nd C Main 8Th Block, Koramangla, Bangalore, Karnataka	ಸಿಲ್ವರ್ ಪ್ರೊಡಕ್ಟ್ಸ್ ಪ್ರೈವೇಟ್ ಲಿಮಿಟೆಡ್	H NO - 305, BANGALORE, Karnataka	0
5	S1-559798244	S3-759084947	blocking_miss	India	Silver Products Private Limited	H No - 305, 2Nd C Main 8Th Block, Koramangla, Bangalore, Karnataka	ಸಿಲ್ವರ್ ಪ್ರೊಡಕ್ಟ್ಸ್ ಪ್ರೈವೇಟ್ ಲಿಮಿಟೆಡ್	H No - 305, KA, N/A, Bengaluru	0
5	S1-638799848	S2-902691976	false_positive	India	Raviaksh Services Private Limited	2Nd Floor, Indo World Complex, Near Madhuli Appt., B/H Kadiwala School, Ring Road, Surat, Gujarat, Surat, Office No. 201-B	Ravieksh Services Private Ltd	BLOCK B-204 OFFICE NO. 201-B, 2ND FLOOR, INDO WORLD COMPLEX, NAER MADHULI APPT., B/H KADIWALA SCHOOL, RING ROAD, SURAT, Gujarat	1
5	S1-553757247	S3-280421825	blocking_miss	US	Bruce Green Perimeter LLC	313 Council Road, Georgetown, TX	8ruce Green Pedmetlr LLC	313 Council Road, Texas, Georgteown	0
5	S1-397402707	S2-140598664	blocking_miss	India	Sunrise Investment Private Limited	Flat No. 107, Tower 'Sat-02' Logix Blossom Zest, Sector-143, Uttar Pradesh, Gautam Buddha Nagar, Noida	सनराइज इन्वेस्टमेंट प्राइवेट लिमिटेड	96, null, NOIDA, Uttar Pradesh	0
5	S1-397402707	S3-42022469	false_negative	India	Sunrise Investment Private Limited	Flat No. 107, Tower 'Sat-02' Logix Blossom Zest, Sector-143, Uttar Pradesh, Gautam Buddha Nagar, Noida	Nexbrix	Flat No. 107, Tower 'Sat-02' Logix Blossom Zest, Sector-143, Noida, Gautam Buddha Nagar, Uttar Pradesh	1
5	S1-387346327	S3-825084595	false_negative	India	Black Investments Private Limited	Champasari Road, Prafulla Nagar Champasari, P.O. - Pradhan Nagar, Siliguri, West Bengal	Private Black Inveestmettns Limited	WB, Siliguri, Block G-873 Champasari Road, P.o. - Pradhan Nagar	1
5	S1-386796760	S3-144924128	false_negative	India	Balaji Foods Limited	F-No.902 Willowcrest Bldg, Hiranandani Park, Patlipad, Thane, Maharashtra	Smt Balaji Foods Limited	MH, F-no.9-02 Willowcrest Bldg, Thane	1
5	S1-753736564	S2-129339002	false_negative	US	Newman Enterprises LLC	195 Ashley 269 Road, Hamburg, AR	Newman Enterprises LLC		1
5	S1-509045172	S3-840545941	false_negative	US	Highland Charter School Inc	2531 Brandon Avenue, Springfield, MO	highland charter school inc		1
5	S1-740086822	S3-755335779	false_negative	US	Lower American Bread	7750 Ardmore Drive, MO, Dardenne Prairie	Lower American		1
5	S1-711335777	S2-489990309	blocking_miss	India	Aryan Charitable Trust Company	No. 248/5, Hesaraghatta Bangalore North, Bangalore, Karnataka	actrust.com	NO 248/5, BANGALORE, Karnataka	0
5	S1-682666729	S2-647664892	false_positive	US	Alvarado Royal LLC	1257 Evergreen Avenue, Des Plaines, IL	Frasier LLC Royal	1257 EVERGREEN AVE, DES PLAINES, IL	1
5	S1-989818813	S2-964711447	false_negative	India	Ishaan Global Private Limited	Opp Nagar Palika, Nathdwara, Rajsamand, Rajasthan, Sukhadiya Nagar	Ishaan Global Private Private Limited		1
5	S1-955731827	S2-405964462	blocking_miss	US	Physical Therapy Smart Medicine LLC	108 Oak Avenue, Broken Arrow, OK	smartphysicaltherapy.com	108 OAK AVENUE, BROKEN ARROW, OK	0
5	S1-658179279	S3-195649999	false_negative	India	Sun Media Pvt Ltd	S-147, Shakarpur Extn, Laxmi Nagar, East Delhi, Delhi	Sun Media Pvt	S-14, Shakarpur Extn, Laxmi Nagar, East Delhi, DL	1
5	S1-658179279	S3-552148377	false_negative	India	Sun Media Pvt Ltd	S-147, Shakarpur Extn, Laxmi Nagar, East Delhi, Delhi	सन मीडिया प्रा. लि.	S-14, Shakarpur Extn, Laxmi Nagar, East Delhi, DL	0
5	S1-335200321	S2-237027285	false_negative	US	Chen and Smith	8444 Fountain Rock Road, Walkersville, MD	CHEN AND SMITH CO	4444 FOUNTAIN ROCK RD, <NULL>, WALKERSVILLE, MD	1
5	S1-335200321	S3-206388977	false_negative	US	Chen and Smith	8444 Fountain Rock Road, Walkersville, MD	Chen and Smith Center	Maryland, Walkersville, 1444 Fountain Rock Road	1
5	S1-335200321	S3-327150368	false_negative	US	Chen and Smith	8444 Fountain Rock Road, Walkersville, MD	Chen & Smith-Center		0
5	S1-637980750	S3-327440415	false_positive	US	Prairie Trading LLC	3729 Buffalo Shoals Road, Maiden, NC	Prairie Tribeca LLC	3729 Buffalo Springs Tpke, Monoe, Virginia	1
5	S1-637980750	S2-977297609	blocking_miss	US	Prairie Trading LLC	3729 Buffalo Shoals Road, Maiden, NC	Prairie Trading		0
5	S1-77103670	S3-361153095	false_positive	US	EPU Live	10 1/2 Barnes Court, Cuba, NY	EPU Live Holdings	Cuba, 10 1/4 Barnes Ct, New York	1
5	S1-77103670	S2-785120136	false_negative	US	EPU Live	10 1/2 Barnes Court, Cuba, NY	EPU Live Corp		1
5	S1-699351594	S3-68741281	false_negative	US	Empire Animal Hospital	Duck, NC, 105 Sea Tern Drive	Empire Animal		0
5	S1-805374354	S2-123310787	false_negative	India	Assam Capital Pvt Ltd	B710 Sector C Mahanagar, Lucknow, Uttar Pradesh	Smt Assam Capital Pvt		1
5	S1-37643963	S2-167467529	false_positive	US	Quantify Alpine LLC	107-15 32 Avenue, East Elmhurst, NY	Quantify Alpine L.L.C.		1
5	S1-389897352	S3-596833629	false_negative	India	Sky Indo Investment Private Limited	247 1, Shanmuga Nagar, Near Sabari Dish Network, Salem, Tamil Nadu	ஸ்கை இண்டோ இன்வெஸ்ட்மெண்ட் பிரைவேட் லிமிடெட்	##247 1, Salem, TN	0
5	S1-669580989	S3-719686025	false_negative	US	Mikkelsen Gores Inc	916 34th Street, Vienna, WV	Mikkelsen Gores-Inc		1
5	S1-152895924	S3-826078877	false_negative	US	Integrated Total Flaherty Group	432 14th Street, Unit UNIT A, East Saint Louis, IL	Ariaveo	432 14th Street, Unit UNIT A, East Saint Louis, IL	1
5	S1-299555636	S2-437270550	false_negative	India	Krsna Public School	C-134, Sarashwati, Shishu Mandir, Lucknow, Uttar Pradesh	KRSNA PUBLIC	PLOT 22 C-134, SARASHWATI, SHISHU MANIR, LUCKNOW, उत्तर प्रदेश	1
5	S1-299555636	S2-838086088	false_negative	India	Krsna Public School	C-134, Sarashwati, Shishu Mandir, Lucknow, Uttar Pradesh	Krsna Pub1ic	Uttar Pradesh, PLOT 22 C-134, SARASHWATI, SHISHU MANDIR, LUCKNOW	1
5	S1-993116870	S2-629540802	blocking_miss	India	Indian Trading Private Limited	7Th Floor, 70/9(108/9), Westminster, Dr Radhakrishnan Salai, Tamil Nadu, Chennai	இந்தியன் டிரேடிங் பிரைவேட் லிமிடெட்	7TH FLOOR, MADRAS, CHENNAI, Tamil Nadu	0
5	S1-993116870	S3-287731879	blocking_miss	India	Indian Trading Private Limited	7Th Floor, 70/9(108/9), Westminster, Dr Radhakrishnan Salai, Tamil Nadu, Chennai	இந்தியன் டிரேடிங் பிரைவேட் லிமிடெட்	7Th Floor, Chennai, TN	0
5	S1-993116870	S3-839010847	false_negative	India	Indian Trading Private Limited	7Th Floor, 70/9(108/9), Westminster, Dr Radhakrishnan Salai, Tamil Nadu, Chennai	Private Indian Tráding Límited	7Th Floor, Chennai, TN, Chennai	1
5	S1-993116870	S3-948764371	blocking_miss	India	Indian Trading Private Limited	7Th Floor, 70/9(108/9), Westminster, Dr Radhakrishnan Salai, Tamil Nadu, Chennai	இந்தியன் டிரேடிங் பிரைவேட் லிமிடெட்	#7Th Floor, Chennai, TN	0
5	S1-398093721	S3-639679938	false_negative	India	Zen Sugar Center	L-11/2, G.F., Dlf City, Phase-Ii, Gurgaon, Haryana	Kordelta	L-11/2, G.f., Dlf City, Phase-ii, Gurgaon, हरियाणा	1
5	S1-717941769	S2-272468893	false_negative	India	Designers & Co	Unitno 355, 3Rd Flr., Vardhman Premium Mall, Delhi, North West Delhi, Delhi	Designers &		1
5	S1-537073910	S2-771981769	false_positive	India	Yamutech Phosphates Clinic	Basement Back Portion, Kh No.356 And 357 Vill Sultanpur, Delhi, South Delhi, Delhi	YAMUTOCH PHOSPHATES CLINIC	BASEMENT BACK PORTION, KH NO.356 AND 357 VILL SULTANPUR, DELHI, NULL, Delhi	1
5	S1-604917760	S3-986247349	false_negative	US	Juline Esch Controls	2002 Herman Street, Unit D, Nashville, TN	Juline Esch Service	Tennessee, 2000 Herman Street, # D, Nashville	1
5	S1-780051805	S2-787800115	blocking_miss	India	Balaji & Brothers Private Limited	Karnataka, Jyoti Towers 215/2 6Th Crossnazar Camp Karbhar Galli Madhavpur Vadgaon, Belgaum	Balaji + Br0thers Private Limited		0
5	S1-452840729	S2-816775405	false_negative	India	Apex Constructions Private Limited	Flat No-05111, Ats Advantage Ahinsa Khand-1, Indirapuram, Ghaziabad, Uttar Pradesh	एपेक्स कंस्ट्रक्शंस प्राइवेट लिमिटेड	FLAT NO-05111, INDIRAPURAM, GHAZIABAD, उत्तर प्रदेश	1
5	S1-118657682	S2-852881851	blocking_miss	India	Galaxy Enterprises Limited	No.183, 17Th Main Road, Banashankari 2Nd Stage, Bangalore, Karnataka	ಗ್ಯಾಲಕ್ಸಿ ಎಂಟರ್‌ಪ್ರೈಸಸ್ ಲಿಮಿಟೆಡ್	ಕರ್ನಾಟಕ, BANGALORE, H.NO 183	0
5	S1-118657682	S2-855545426	blocking_miss	India	Galaxy Enterprises Limited	No.183, 17Th Main Road, Banashankari 2Nd Stage, Bangalore, Karnataka	ಗ್ಯಾಲಕ್ಸಿ ಎಂಟರ್‌ಪ್ರೈಸಸ್ ಲಿಮಿಟೆಡ್	NO.183, BANGALORE, Karnataka	0
5	S1-118657682	S3-578063135	false_negative	India	Galaxy Enterprises Limited	No.183, 17Th Main Road, Banashankari 2Nd Stage, Bangalore, Karnataka	ಗ್ಯಾಲಕ್ಸಿ ಎಂಟರ್‌ಪ್ರೈಸಸ್ ಲಿಮಿಟೆಡ್	No.18, 17Th Main Road, Banashankari 2Nd Stage, Bangalore, ಕರ್ನಾಟಕ	0
5	S1-432975892	S2-596605103	false_positive	US	Montoya, Banda & Garner Fashion Inc	1300 Park Avenue, Harrison, AR	MONTOYA BANDA & GARNER FASHION		1
5	S1-705647061	S2-136232566	blocking_miss	India	First Logistics Private Limited	Bangalore, No.597, 10Th Main Road, 3Rd Block, Rajajinagar, Karnataka, Bangalore	ಫಸ್ಟ್ ಲಾಜಿಸ್ಟಿಕ್ಸ್ ಪ್ರೈವೇಟ್ ಲಿಮಿಟೆಡ್	00597, BANGALORE, Karnataka	0
5	S1-705647061	S2-33375877	blocking_miss	India	First Logistics Private Limited	Bangalore, No.597, 10Th Main Road, 3Rd Block, Rajajinagar, Karnataka, Bangalore	ಫಸ್ಟ್ ಲಾಜಿಸ್ಟಿಕ್ಸ್ ಪ್ರೈವೇಟ್ ಲಿಮಿಟೆಡ್	00597, BANGALORE, Karnataka	0
5	S1-566707310	S2-36334166	false_negative	US	Rapid Supply Digital Group	1342 John Fitch Highway, Fitchburg, MA	Rapid Digital Group Partners		1
5	S1-394785185	S3-99924563	blocking_miss	US	Ivenelle Indonesia	1328 Heritage Club Avenue, Wake Forest, NC	ivenelleindonesia.com	Heritage Club Avenue, Wake Forest, North Carolina	0
5	S1-885734302	S2-834038915	blocking_miss	US	Straight Edge Hair Studio!	4405 Effie Street, Bellaire, TX	straightedgehair.com	4387 EFFIE SAINT, TX, BELLAIRE	0
5	S1-885734302	S2-887431711	false_negative	US	Straight Edge Hair Studio!	4405 Effie Street, Bellaire, TX	Studio! Ee Ee Hair Straight	TX, BELLAIRE, 4387 EFFIE ST	1
5	S1-987655605	S3-411547425	blocking_miss	India	Black Media Private Limited	Garage No. 1, Kinjalk Apt., Dr. Ambedkar Road, Mulund West, Mumbai, Mumbai City, Maharashtra	ब्लैक मीडिया प्राइवेट लिमिटेड	H.no 334 Garage No. 1, Mumbai, Mumbai City, महाराष्ट्र	0
5	S1-617945340	S3-756946329	blocking_miss	India	Global Tech Private Limited	1/105, Vishwas Nagar, Shahdara, Delhi, East Delhi, Delhi	Global Tech Private	दिल्ली, Hn 742 1/105, Delhi, East Delhi	0
5	S1-86978185	S3-694518443	false_negative	India	United Agro Private Limited	D-34, Gf Mayapuri Ph 2, New Delhi, West Delhi, Delhi	United Agro Limited Services	Block G-8-877 D-34, Gf Mayapuri Ph 2, New Delhi, West Delhi, DL	1
5	S1-165890090	S3-279486632	false_negative	India	Bright Products Pvt Ltd	B-602, Riddhi Siddhi, Plot 69C Sector 21 Kharghar, Navi Mumbai, Maharashtra	Bright Products Pvt Limited		0
5	S1-568896004	S3-310495185	false_negative	US	Borough Of	1390 Pike Street, Martinsville, IN	Borough Of LP	#1284 Pike Street, Indiana, Martinsville	1
5	S1-656561456	S3-330564910	false_negative	US	Western Custom Giant LP	1236 118, Richfield, UT	Western LP Giant Custom		1
5	S1-492056248	S3-644110373	false_negative	US	Cornerstone Piedmont Canadian Care	6744 Nelson Siding Road, Cle Elum, WA	cornerstone piedmont canadian care		1
5	S1-997502538	S2-53777257	false_negative	India	Embark Infrahomes Private Limited	First Floor, Chirathalackal House Cheeranchira P O, Changanacherry, Kottayam, Kerala	Embark Private Limited Center		1
5	S1-997502538	S3-780230455	false_negative	India	Embark Infrahomes Private Limited	First Floor, Chirathalackal House Cheeranchira P O, Changanacherry, Kottayam, Kerala	Embark Infrahomes		1
5	S1-291819436	S3-692325570	false_negative	India	Sun Construction Private Limited	165 Burj Usman Kh Khurja, Bulandshahr, Uttar Pradesh	सन कंस्ट्रक्शन प्राइवेट लिमिटेड	16 Burj Usman Kh Khurja, Bulandshahr, N/A, UP	1
5	S1-426020781	S2-472753170	false_negative	US	Z 9 I Grading Inc.	2003 Ladera Way, Mansfield, TX	Z 9 GRADING INC. CENTER		1
5	S1-426020781	S3-125675859	false_negative	US	Z 9 I Grading Inc.	2003 Ladera Way, Mansfield, TX	9íz.com	200 Ladera Way, Mansfield, Texas	1
5	S1-211825264	S3-234202720	false_negative	India	Triveni Group	37/1 Nagli Rajapur, New Delhi, South Delhi, Delhi	Triveni Group Enterprises		0
5	S1-413446719	S3-876614027	false_negative	US	Foot & Ankle Secure Medicine Co	1705 Citico Avenue, Chattanooga, TN	Foot & Ankle Secure Medicine		1
5	S1-446539590	S2-434832979	false_negative	US	Newton and Hunter	5303 Elmwood Road, Rockford, IL	Newton and Húnter Inc	4991 ELMWOOD ROAD, ROCKORD, IL	1
5	S1-446539590	S3-169422799	false_negative	US	Newton and Hunter	5303 Elmwood Road, Rockford, IL	Newton and Hirb	991 Elmwood Road, Rockford, Illinois	1
5	S1-884256073	S2-31390125	false_negative	India	Aditaya Ice Limited	36, Strand Road Kolkata, Kolkata, Kolkata, Howrah, West Bengal	ADITAYA ICE LTD		1
5	S1-67576489	S3-665149732	false_negative	US	Tobrique Inc	MD, Hagerstown, 29 Breckenridge Drive	Tobrique	Breckenridge Drive, Hagerstown, Maryland	1
5	S1-538266288	S3-768621408	false_negative	India	Pluto Solutions Private Limited	Howrah, Diamond Harbour Road, Ideal Towers, Block-C, Flat-3D, Kolkata, Kolkata, 57, West Bengal	Smt Pluto Private Solutions Limited	Plot 8-30 57, Diamond Harbour Road, Ideal Towers, Block-c, Flat-3d, Kolkata, Kolkata, WB	1
5	S1-957866174	S2-862415300	false_negative	India	It Holdings	C/O.Mr.Gopal, Vill&P O Puwari Kalan, Prem Ngr Crossing, Nr Puwari Kalan, Pan Bhawan, Varanasi, Uttar Pradesh	It Company	HN 363 C/O.MR.GOPAL, VILL&P O PUWARI KALAN, PREM NGR CROSSING, NR PUWARI KALAN, PAN BHAWAN, VARANASI, <NULL>, उत्तर प्रदेश	1
5	S1-957866174	S3-573382829	blocking_miss	India	It Holdings	C/O.Mr.Gopal, Vill&P O Puwari Kalan, Prem Ngr Crossing, Nr Puwari Kalan, Pan Bhawan, Varanasi, Uttar Pradesh	It Hóldings		0
5	S1-949180091	S3-282470116	false_positive	US	Rosemonde's Choice Services	1017 Cr 3901, Pawhuska, OK	Rosemonde's Choice Sérvices		1
5	S1-373679593	S3-299585218	false_negative	US	Secure Intelligence Partners	21428 Liberty Place, Red Rock, AZ	Secure Intelligence Partners LLC	1428 Liberty Pl, Arizona, Red Rock	1
5	S1-512205184	S2-464413497	blocking_miss	US	Collinsworth's Management	132 High Street, Waynesville, OH	collinsworthsmanagement.com	132 HIGH ST, WAYNESVILLE, OH	0
5	S1-947648279	S3-253839364	false_negative	India	Southern Management Private Limited	Andhra Pradesh, Door No.27-22-38, Krishna, Vijayawada, 2Nd Floor Jd Hospital Road, Governorpet	సదర్న్ మేనేజ్‌మెంట్ ప్రైవేట్ లిమిటెడ్	H.no 27-22-38, Krishna, Vijayawada, AP	1
5	S1-858352715	S2-762527500	blocking_miss	India	Century Brothers Private Limited	862, Gh-13, Paschim Vihar, New Delhi, Delhi	Century Private Limited Partners		0
5	S1-858352715	S3-685265330	blocking_miss	India	Century Brothers Private Limited	862, Gh-13, Paschim Vihar, New Delhi, Delhi	Century Bibohteos Private Limited		0
5	S1-7872407	S2-13048117	blocking_miss	India	Baba Finance Private Limited	Plot No. 2/3, Balaji Nagar Extension, Tambaram, Kanchipuram, Tamil Nadu	பாபா ஃபைனான்ஸ் பிரைவேட் லிமிடெட்	PLOT NO. C-2/3, BALAJI NAGAR EXTENSION, TAMBARAM, PERUNGALATHUR, Tamil Nadu	0
5	S1-7872407	S2-528302891	blocking_miss	India	Baba Finance Private Limited	Plot No. 2/3, Balaji Nagar Extension, Tambaram, Kanchipuram, Tamil Nadu	babafinance.com	DOOR NO C-2/3 , BALAJI NAGAR EXTENSION, TAMBARAM, தமிழ்நாடு	0
5	S1-7872407	S2-628449843	blocking_miss	India	Baba Finance Private Limited	Plot No. 2/3, Balaji Nagar Extension, Tambaram, Kanchipuram, Tamil Nadu	பாபா ஃபைனான்ஸ் பிரைவேட் லிமிடெட்	PLOT NO. C-2/3, PERUNGALATHUR, தமிழ்நாடு, TAMBARAM, BALAJI NAGAR EXTENSION	0
5	S1-458330296	S2-165229417	blocking_miss	US	Miracle Waste LLC	5280 Miles Court, Prince William County, VA	Miracle Wstae LLC		0
5	S1-726480148	S2-740231717	false_positive	India	High Constructions Private Limited	3Rd Floor, New Delhi, 7/6, August Kranti Marg, Siri Fort Institutional Area, Delhi, South Delhi	New Delhi Construtions Limited	#3RD FLOOR, 7/6, AUGUST KRANTI MARG, SIRI FORT INSTITUTIONAL AREA, NEW DELHI, Delhi	1
5	S1-726480148	S3-137052436	false_positive	India	High Constructions Private Limited	3Rd Floor, New Delhi, 7/6, August Kranti Marg, Siri Fort Institutional Area, Delhi, South Delhi	New Delhi Constructions Limited	H.no 3Rd Floor, 7/6, August Kranti Marg, Siri Fort Institutional Area, South Delhi, South Extension Part I, दिल्ली	1
5	S1-726480148	S3-378089984	false_positive	India	High Constructions Private Limited	3Rd Floor, New Delhi, 7/6, August Kranti Marg, Siri Fort Institutional Area, Delhi, South Delhi	New Limited Constructions (Delhi)	Door No 3Rd Flor, 7/6, August Kranti Marg, Siri Fort Institutional Area, Delhi, South Delhi, DL	1
5	S1-187587374	S2-869814006	blocking_miss	US	Pinnacle Hospitality Holdings Inc	68 Edward Street, Fl Floor 2, Cohoes, NY	Inc Pinnacle Hospiatliyt Holdings	68 EDFARD ST, COHHOES, NY	0
5	S1-415155130	S3-408157626	blocking_miss	India	Energy Glen Technologies Limited	1403, One Lodha Place, Senapati Bapat Marg, Mumbai, Maharashtra	energyglentechnologies.com	MH, Mumbai, 1403, Bombay	0
5	S1-2888841	S2-717392059	false_negative	US	Glyphara Municipals PLLC	3 Gosnold Street, Mattapoisett, MA	Glyphara Municipals	64 GOSNOLD ST, MATTAPOISETT, MA	1
5	S1-840122505	S2-75411752	blocking_miss	India	Dream Services Private Limited	H No. 1, Gangwal Park, Jln Road, Jaipur, Rajasthan	ड्रीम सर्विसेज प्राइवेट लिमिटेड	#1, JAIPUR, Rajasthan	0
5	S1-228041883	S2-301406167	false_positive	India	SKE Lights Limited	Plot No 29, Bhamtee, C/O Ramrao Pakhale, Nagpur, Maharashtra, Nagpur	SKRE Lights Limited	##5 C/O RAMRAO PAKHALE, PLOT NO 29, BHAMTEE, NAGPUR, Maharashtra	1
5	S1-904675876	S3-441953820	blocking_miss	India	Inter Tech Ltd	108 Advent Atria, Chincholi Bunder Road Malad West, Malad West, Mumbai, Maharashtra	Inter Ltd Center		0
5	S1-73705135	S2-12353880	false_negative	US	Tri-State Allstate LLC	Petersburg, 4014 123rd Avenue, ND	Tri-State Allstate	ND, 4012 123RD AVE, PETERSBURG	1
5	S1-908414430	S2-229527297	blocking_miss	India	Eastern Software Private Limited	13, Kathwala Mansion, 101, Bhandari Street, Mumbai, Maharashtra	ईस्टर्न सॉफ्टवेयर प्राइवेट लिमिटेड	BHANDARI STREET, MUMBAI, HN 948 13, Maharashtra	0
5	S1-908414430	S2-926762790	blocking_miss	India	Eastern Software Private Limited	13, Kathwala Mansion, 101, Bhandari Street, Mumbai, Maharashtra	ईस्टर्न सॉफ्टवेयर प्राइवेट लिमिटेड	HN 948 13, BHANDARI STREET, MUMBAI, Maharashtra	0
5	S1-908414430	S3-510926047	false_negative	India	Eastern Software Private Limited	13, Kathwala Mansion, 101, Bhandari Street, Mumbai, Maharashtra	Dr Eastern Software Private		0
5	S1-844209273	S3-839068582	false_negative	US	Brewer, Joy and Hyde LLC	208 Garden Walk Drive, Durham, NC	Brewer, Joy and Hyde LLC		1
5	S1-269404387	S2-695974199	false_negative	India	Raj Nidhi Private Limited	C/O- Ajay Kumar, Hospital Road, Near Pani Tanki, Hajipur, Vaishali, Bihar	Shri Raj Raj Nidhi Private	PLOT 2-784 C/O- AJAY KUMAR, HOSPITAL ROAD, NEAR PANI TANKI, HAJIPUR, Bihar	1
5	S1-269404387	S2-722002968	false_negative	India	Raj Nidhi Private Limited	C/O- Ajay Kumar, Hospital Road, Near Pani Tanki, Hajipur, Vaishali, Bihar	Limited Raj Private Services	PLOT 2-784 C/O- AJAY KUMAR, HAJIPUR, VAISHALI, Bihar	1
5	S1-419374177	S3-680750827	false_negative	US	Flss Johnson Usa L.L.C.	4513 Rolling Hills Drive, Lake In The Hills, IL	Flss Johnson Usa		1
5	S1-857927969	S2-78201527	false_negative	US	Raleigh Polestar Inc	NC, 10533 Pleasant Branch Drive, Raleigh	Raleigh Polestar		1
5	S1-311338292	S3-109454563	false_negative	US	Desert Element PLLC	Kearns, 4330 5295, UT	Desert Element		1
5	S1-189903569	S2-845004961	false_positive	US	Ivenio Sachem, LLC	2100 Northern Lights Boulevard, Unit TOWER, Anchorage, AK	Ivenia Sachem, (LLC) (ID: 75949)	2100 NORTHERN LIGHTS BLVD, ANCHORAGE, AK	1
5	S1-875604638	S2-591154782	false_negative	US	Maid Barbershop	956 Jonathan Avenue, Akron, OH	ARCORBI	JONATHAN AVENUE, AKRON, OH	0
5	S1-644786941	S3-262333242	false_negative	India	Erode Leasing Limited	38/1, Raja Anugraga Apt., Varadharajan St.Ngo Colon, Erode, Tamil Nadu	Arconyx	38/1, Raja Anugraga Apt., Varadharajan St.ngo Colon, Erode, TN	1
5	S1-386498207	S3-935173368	false_positive	India	Blue Solutions Private Limited	470, Hossainpur, Lp-219/1/5, Kolkata, Kolkata, Howrah, West Bengal	blue solutions private limited	C-1, Kolkata, Howrah, WB	1
5	S1-831373550	S2-865163128	false_negative	India	Ayur Vision	H/O Ram Naresh Singh, Singhaul, Begusarai, Begusarai, Bihar	Ayur Vision [LLP]		1
5	S1-831373550	S3-521048552	false_negative	India	Ayur Vision	H/O Ram Naresh Singh, Singhaul, Begusarai, Begusarai, Bihar	Ayur-Vision Limited	No. 195 H/o Ram Naresh Singh, Begusarai, BR	1
5	S1-439242722	S2-183581043	false_negative	India	Maa Business Private Limited	Plot No - 1095, Satabdi Nagar Unit - Viii, Bhubaneswar, Khordha, Orissa	mbprivate.com	PLOT NO - 1095, SATABDI NAGAR UNIT - VIII, KHORDHA, BHUBANESWAR, Odisha	1
5	S1-439242722	S3-986907833	false_negative	India	Maa Business Private Limited	Plot No - 1095, Satabdi Nagar Unit - Viii, Bhubaneswar, Khordha, Orissa	mbprivate.com	Plot No - 1095, Satabdi Nagar Unit - Viii, Bhubaneswar, Khordha, OD	1
5	S1-963103645	S3-308470434	false_negative	India	Frank Racks Group	Shop No 3 & 4 (1St Floor), Sabzi Mandi, Sultanpur Rd, Kapurthala, Punjab	Smt Frank Racks Corp	Shop No 3 & 4 (1St Floor), Kapurthala, PB	1
5	S1-177501858	S2-660324625	false_positive	US	Webb Arc of Charlotte	7100 Brigmore Drive, Charlotte, NC	Webb Arc of Charlotte Group	CHARLOTTE, 710 BRIGMORE DR, NC	1
5	S1-177501858	S3-510275322	false_negative	US	Webb Arc of Charlotte	7100 Brigmore Drive, Charlotte, NC	Webb Arc of	Brigmore Drive, Charlotte CITY, North Carolina	1
5	S1-979662688	S2-537798007	false_negative	India	Mother (India) Super Limited	3993-A/1 First Floor Raghu Ganj, Chawri Bazar, Central Delhi, Delhi	TAVOBRIX	#3993-A/1 FIRST FLOOR RAGHU GANJ, NULL, CHAWRI BAZAR, CENTRAL DELHI, दिल्ली	1
5	S1-444408533	S3-890471105	false_negative	US	Ly Total Solana Inc	70 Foxcroft Road, West Hartford, CT	Inc Ly Total 5olana	1 Foxcroft Road, West Hartford, Connecticut	1
5	S1-226173295	S3-306367258	blocking_miss	India	South Healthcare Private Limited	Plot No. 673, Devi Nagar, Shyam Nagar, Jaipur, Rajasthan	South हेल्थकेयर Private Limited	H.no 73, Jaipur, RJ	0
5	S1-904134863	S2-276752051	false_positive	India	Swastik Exports Private Limited	1 S N Chatterjee Road, Kolkata, Howrah, West Bengal	Swastik Exports Private Ltd	22, LEE ROAD, 1ST FLOOR, KOLKATA, West Bengal	1
5	S1-904134863	S2-302059300	blocking_miss	India	Swastik Exports Private Limited	1 S N Chatterjee Road, Kolkata, Howrah, West Bengal	স্বস্তিক এক্সপোর্টস প্রাইভেট লিমিটেড	NO 1 S N CHATTERJEE ROAD, KOLKATA, KOLKATA REGION, CALCUTTA, West Bengal	0
5	S1-975803993	S2-975184661	false_negative	US	Highley Enterprises Inc	OH, 1161 Minnesota Avenue, Columbus	Highley Enterprises (ID: 51959)	1161 MINNESOTA AVE, PO BOX 9336, COLUMBUS, OH	1
5	S1-975803993	S3-173442187	false_negative	US	Highley Enterprises Inc	OH, 1161 Minnesota Avenue, Columbus	highley enterprises inc		1
5	S1-179580971	S3-273080518	blocking_miss	India	Media Brothers Private Limited	381/C Shaniwar Peth, Opp Ni Dhi Hotel Pune, Pune City, Pune, Maharashtra	Shri media brothers private (limited)		0
5	S1-180598516	S3-690888471	false_negative	US	Unified Analytics Dynamics Inc	8 Hawthorne Avenue, Troy, NY	Unified Ánalytics Dynamics		1
5	S1-907895939	S3-517188404	false_positive	India	Ambad Skills Private Limited	C/O. H.No.27 Reliance Petrol Puomp Ambad, Ambad, Jalna, Maharashtra	Private Ambad Interiors Limited	C/o. H.no.0027 Reliance Petrol Puomp Ambad, Jalna, Ambad, MH	1
5	S1-907895939	S3-361858498	false_negative	India	Ambad Skills Private Limited	C/O. H.No.27 Reliance Petrol Puomp Ambad, Ambad, Jalna, Maharashtra	Ambad Skills Private		1
5	S1-867844641	S2-660540859	false_negative	US	Housing Strategic Association LLC	Unit 101, 7273 Luther Drive, CA, Sacramento	Housing Strategic Association		1
5	S1-474316463	S3-815694015	false_negative	India	Viren Knowledge Private Limited	6, 7 & 8, 18Th Cross 4Th Main, Malleshwaram West, Bengaluru, Bangalore, Karnataka	Viren Private Limited Center	6, Bengaluru, Bangalore, KA	1
5	S1-904695716	S3-866816870	false_negative	India	Sarasavi Singh LLP	House No-182, Sector-17, Faridabad, Haryana	5arasavi Singh	House No-182, Faridabad, HR	1
5	S1-276536217	S2-263000370	blocking_miss	US	Asset Building League Ltd	950 Linscomb Road, Unit 2, Vidor, TX	assetbuildingleague.com	950 LINCOMB ROAD, VIDOR, TX	0
5	S1-844793664	S3-735375054	false_negative	India	Electro (India) Surveyors Private Limited	Elegant Towers 224A, Acharya Jagdish Chandra Bose Road, Kolkata, Howrah, West Bengal	Smt Electro (India) Private Limited Service	Elegant Towers 224A/1, Kolkata, Howrah, WB	1
5	S1-742991263	S3-493674000	blocking_miss	India	Marketing Manipal Integrated Private Limited	3, Dilkhusa Street, Kolkata, Howrah, West Bengal	Marketing Manipa1 Private Limited Partners	3, Howrah, WB	0
5	S1-897563034	S3-949382471	blocking_miss	US	Orthopedic Direct Specialists LLC	14 Lake Village Court, Johnson City, TN	*** orthopedicdirectspecialists.com	Lake Village Ct, Johnson City, Tennessee	0
5	S1-523201222	S3-328395934	false_negative	US	Granite Therapeutics Corp	5007 Majestic Drive, Austin, TX	Granite Therapeutics		1
5	S1-215460051	S2-30806418	false_negative	US	Universal Freight Innovations	1529 Berkeley Drive, Mansfield, TX	Universal Freight Innovations Corp		1
5	S1-867201579	S2-282388896	false_negative	US	Urology Superior Center Inc	980 Millstone Drive, Round Lake Beach, IL	Urology Superior Center		1
5	S1-933725701	S3-273647985	blocking_miss	India	Eastern Energy Private Limited	461/5, Lakeside 2 Project, B/2G, Puzhal Ambattur Road, Ponneri, Tiruvallur, Tamil Nadu	Eastern Energy Private Limited Trading		0
5	S1-650149254	S2-185340641	false_negative	US	Piedmont Dental Associates	AZ, 8834 26th Street, Tucson	PIEDMONT DENTAL ASSOCIATES Enterprises		1
5	S1-498939237	S3-61521769	false_negative	India	Supreme Constructions Pvt Ltd	G. No. 600, C. S. No. 11134/35/36, Behind Radhakrishna Talkies, Hatkanangle, Kolhapur, Maharashtra	सुप्रीम कंस्ट्रक्शंस प्रा. लि.	G. No. 600, <NULL>, Hatkanangle, Kolhapur, महाराष्ट्र	1
5	S1-498939237	S3-748746531	false_negative	India	Supreme Constructions Pvt Ltd	G. No. 600, C. S. No. 11134/35/36, Behind Radhakrishna Talkies, Hatkanangle, Kolhapur, Maharashtra	Supreme Cntruieons Pvt Pvt Ltd	G. No. 600, <NULL>, Kolhapur, Hatkanangle, MH	1
5	S1-766568174	S2-233445590	blocking_miss	US	Fresh Hair Studio LLC	2611 Drexel Lane, Naperville, IL	freshhairstudio.com	NAPERVILLE, DREXEL LN, IL	0
5	S1-647817602	S3-196023921	false_negative	India	Hourglass Blocks (India) Limited	178, Block-C, Pocket-3, Bindapur, Dwarka, New Delhi, West Delhi, Delhi	Hourglass (India) Limited Center		1
5	S1-647817602	S3-305537742	false_negative	India	Hourglass Blocks (India) Limited	178, Block-C, Pocket-3, Bindapur, Dwarka, New Delhi, West Delhi, Delhi	Hourglass Blocks		1
5	S1-360942428	S3-196646239	false_negative	US	Timber	4153 Long Avenue, Chicago, IL	Quomira	4153 Long Ave, Chicago, Illinois	1
5	S1-190751650	S2-507680480	false_negative	US	Youth Guild	9 Gallowgate Court, Clay, NY	JAXMIRA	168 GALLOWGATE COURT, LIVERPOOL, NY	0
5	S1-860726576	S3-930124024	blocking_miss	India	Alwar Traders Private Limited	No.88, Borewell Road, Whitefeild Post Office, Whitefield, Bangalore, Karnataka	Alwar Alwar Traders Limited Center		0
5	S1-915105775	S3-572769350	blocking_miss	India	Services Lusso Engineers Pvt Ltd	Shop No. 42, Dda Market, Block-E, Delhi, North West Delhi, Delhi	Nylamira	Shop No. A-42, NULL, Delhi, North West Delhi, DL	0
5	S1-571033010	S2-809063672	blocking_miss	US	Lower Pediatrics	12 25th Street, Troy, NY	Lower-Pedaitics	12 25ST ST, TROY, NY	0
5	S1-571033010	S3-975093032	blocking_miss	US	Lower Pediatrics	12 25th Street, Troy, NY	Lowerpediatrics.Com	25th Street, Troy, New York	0
5	S1-337755708	S2-906061826	blocking_miss	India	Sai Logistics	Delhi, C-73, Delhi, New Delhi, Third Floor Okhla Phase - I, Dda Shed, New Delhi-110, 020	साईं लॉजिस्टिक्स	Delhi, C-73, NEW DELHI, DELHI	0
5	S1-113678883	S3-201282631	false_negative	India	Supreme Investment Private Limited	Gat No-197, Near, Sara City Kharabwadi, Khed, Pune, Maharashtra	Supreme Investment Limited Service		0
5	S1-695249406	S2-517518044	false_negative	US	Cook and Sturgeon LLC	12 Stage Road, Ulster, NY	Cook and Sutgron LLC		1
5	S1-808678741	S2-420868486	false_negative	US	Roxbury Stone	1345 Hill Road, Roxbury, VT	The Roxbury Stone		1
5	S1-883816897	S3-4109550	false_negative	US	Main Street Hair Studio	DE, 129 Downey Oak Circle, Camden Wyoming	Main Hair Street Studio		1
5	S1-947584319	S3-622893179	false_negative	US	Yuan Empire Tree	296 Brook Street, Carlisle, MA	Dovapyra	296 Brook Street, Carlisle, Massachusetts	1
5	S1-171903193	S3-822918534	false_negative	US	OE Healthcare	Katy, TX, 24415 Wild Bramble Lane	OE Healthcare		1
5	S1-133594919	S2-265288296	false_negative	India	Karad Buildcon Corporation	M.No-30 Vadoli N. Karad, Satara Vadoli Nileshwar, Karad, Satara, Maharashtra	Karad Buildcon Corporation		1
5	S1-126635616	S2-686051815	false_negative	US	South's Produce Inc	60 Hempstead Avenue, Unit Apartment 2T, Lynbrook, NY	South's Produce Inc.		1
5	S1-467406791	S3-630368551	false_negative	US	Straight Edge Bistro	6914 352nd Street, Eatonville, WA	Bistroedgestraight.Com	6914-B 352th St, Eatonville, Washington	0
5	S1-524770667	S2-913899000	false_positive	US	Abed Jab Inc	New Baden, IL, 6812 Billhartz Road	Abed Jab		1
5	S1-784803662	S3-256447907	false_negative	US	Danvers Community Chiropractic	18918 600 Road E, Danvers, IL	danvers community chiropractic chiropractic		1
5	S1-218672529	S2-390278823	false_negative	India	Surya Construction Private Limited	902 B Wing, Neel Tower Chs Ltd., Devidas Lane Borivali (W), Mumbai, Mumbai City, Maharashtra	सूर्य कंस्ट्रक्शन प्राइवेट लिमिटेड	NO 5-902 B WING, NEEL TOWER CHS LTD., DEVIDAS LANE BORIVALI (W), MUMBAI, MUMBAI CITY, महाराष्ट्र	1
5	S1-218672529	S3-161995006	blocking_miss	India	Surya Construction Private Limited	902 B Wing, Neel Tower Chs Ltd., Devidas Lane Borivali (W), Mumbai, Mumbai City, Maharashtra	सूर्य कंस्ट्रक्शन प्राइवेट लिमिटेड	Mumbai, MH, B Wing	0
5	S1-218672529	S3-49585146	blocking_miss	India	Surya Construction Private Limited	902 B Wing, Neel Tower Chs Ltd., Devidas Lane Borivali (W), Mumbai, Mumbai City, Maharashtra	सूर्य कंस्ट्रक्शन प्राइवेट लिमिटेड	B Wing, Mumbai, MH	0
5	S1-218672529	S3-685407605	false_negative	India	Surya Construction Private Limited	902 B Wing, Neel Tower Chs Ltd., Devidas Lane Borivali (W), Mumbai, Mumbai City, Maharashtra	Smt surya construction private limited	B Wing, Mumbai, महाराष्ट्र	1
5	S1-678790597	S3-174256279	blocking_miss	US	Bernetta Baca, D.D.S. Group	3234 6, Hector, NY	bérnettabacadds.com	3234 6, Allpine, New York	0
5	S1-673823503	S3-829630309	false_positive	US	Vadyne Line L.L.C.	7008 Eversfield Drive, MD, Hyattsville	Vadyne LLC		1
5	S1-673823503	S3-124115334	false_negative	US	Vadyne Line L.L.C.	7008 Eversfield Drive, MD, Hyattsville	Vadyne L.L.C. Service		1
5	S1-919439096	S2-447827066	false_negative	India	Turner Bros	West Delhi, Janakpuri, B-1/637 Third Floor, New Delhi, Delhi	Wexpyramira	WEST DELHI, Delhi, NEW DELHI, JANAKPURI, B-1/637 THIRD FLOOR	1
5	S1-919439096	S3-622280319	false_negative	India	Turner Bros	West Delhi, Janakpuri, B-1/637 Third Floor, New Delhi, Delhi	Miranexdova	B-1/637 Third Floor, New Delhi, West Delhi, DL	1
5	S1-140378760	S2-437530632	false_negative	US	Choice Research Works Inc.	1928 Newport Way, Issaquah, WA	Choice Research Works Inc.		1
5	S1-163258727	S3-883416247	false_negative	US	Corabelle's Data	Brooken, OK, 10191 71 Highway	Corabelle's Dtraa		1
5	S1-3866500	S3-488566173	false_negative	US	Malinde Kennett Peak Compania, LLC	Fish Haven, 35 Buckwheat Circle, ID	malinde kennett peak compania, llc		1
5	S1-43708324	S2-271967730	blocking_miss	US	Behavioral Health Care Associates LLC	Bowling Green, KY, 141 Robins Nest Drive	BEHAVIORAL HEALTH CARE ASSOCIATES L.L.C.		0
5	S1-43708324	S3-499759401	blocking_miss	US	Behavioral Health Care Associates LLC	Bowling Green, KY, 141 Robins Nest Drive	Behavioral Health [Care]		0
5	S1-506880602	S2-363553473	false_negative	US	4033 Church Drive Holdings P.C.	3707 Oakridge Road, Town Of Clayton, WI	4033 4033 Church Drive Holdings P.C.		1
5	S1-500432042	S3-436114767	false_negative	US	Apex Deep Inc	210 Easter Street, IL, Spillertown	Apex Deep-Inc	410 Easter Saint, Marion, Illinois	1
5	S1-500432042	S3-538613045	false_negative	US	Apex Deep Inc	210 Easter Street, IL, Spillertown	Apex Deep	410 Easter St, Marion, Illinois	1
5	S1-500432042	S3-784669510	false_negative	US	Apex Deep Inc	210 Easter Street, IL, Spillertown	Apex Deep Inc	410 Easter St, Marion, Illinois	1
5	S1-500432042	S3-890208413	false_negative	US	Apex Deep Inc	210 Easter Street, IL, Spillertown	Apex Deep	410 Easter Street, Marion, Illinois	1
5	S1-338568790	S2-560115171	false_negative	India	Arch Mills Private Limited	Tower- B, Suncity Success Tower, Golf Course Extension Road, Sector -65, Air Force, Gurgaon, Haryana	AMPRIVATE.COM	TOWER- B, SUNCITY SUCCESS TOWER, GOLF COURSE EXTENSION ROAD, SECTOR -65, AIR FORCE, GURGAON, Haryana	1
5	S1-338568790	S3-160398005	false_negative	India	Arch Mills Private Limited	Tower- B, Suncity Success Tower, Golf Course Extension Road, Sector -65, Air Force, Gurgaon, Haryana	Arch Mills Private [Limited]	Tower- B, Gurgaon, HR	1
5	S1-338568790	S3-245430681	false_negative	India	Arch Mills Private Limited	Tower- B, Suncity Success Tower, Golf Course Extension Road, Sector -65, Air Force, Gurgaon, Haryana	Arch Private Mills Mills Limited	Tower- B, Gurgaon, HR	0
5	S1-748423931	S3-994355692	false_negative	India	Ami Agritech (India) Co	Bidar, Karnataka, C/O Sagar Ganga, 22-624, Basava Nagar Colony Humnabad Dubalgundi, Bidar	Smt Ami Agritech (India) Co	Hn 787 C/o Sagar Ganga, Bidar, KA	1
5	S1-219491830	S2-934588898	blocking_miss	India	Apex Foundation Private Limited	Borate Wasti, S No .58/2, Kharadi, Nr Glass Factory, Pune, Pune, Maharashtra	APEX FOUNDATlON		0
5	S1-656143800	S2-532501356	false_negative	US	Crystal Materials Company	88 Rapidan Church Lane, Madison County, VA	Crystal Materials		1
5	S1-610584987	S3-441379052	singleton_false_merge	US	Lumance Electronics Inc	969 Avagail Avenue, Springtown, TX	Lumanora Elcetonirs [Inc]	969 Avagail Avenue, Springtown, Texas	1
5	S1-929948493	S2-5767015	false_negative	US	Economic Development Guild LLC	247 Norwell Street, Unit 1, Boston, MA	Economic Development [Gúild]		1
5	S1-929948493	S3-934159484	false_negative	US	Economic Development Guild LLC	247 Norwell Street, Unit 1, Boston, MA	Economic Dcegeolpmnt Guild LLC		0
5	S1-46751231	S3-781120973	false_negative	US	MNX Farms Inc	341 Saddlebrook Drive, Medina, TN	MNX Inc Services	Saddlebrook Drive, Medina, Tennessee	1
5	S1-275584202	S2-853495462	false_negative	India	International Surya Finance Pvt Ltd	K-2/6, Pipal Chowk Mohan Garden, Uttam Nagar, New Delhi, South Delhi, Delhi	इंटरनेशनल सूर्या फाइनेंस प्रा. लि.	K-2/6/9, PIPAL CHOWK MOHAN GARDEN, UTTAM NAGAR, SOUTH DELHI, दिल्ली	1
5	S1-628256983	S3-737948449	false_negative	US	Renda Live	170 Hadley Road, Unit 77, Amherst, MA	Renda Center	170 Hadley Rd, PO Box 7007, Amherst, Massachusetts	1
5	S1-65206257	S3-791712605	false_negative	US	Community Center LLC	Fl 1, Lacey, WA, 2317 Leisure Lane	Community Ceneter LLC	002334 Leisure Ln, Floor 1, Lacey, Washington	1
5	S1-348922779	S2-249652829	false_negative	US	Terrell Preferred Inc	6 Johnson Street, Waverly, NY	Terrell Inc Services	6-8 JOHNSON ST, ST REGIIS FALLS, NY	1
5	S1-348922779	S3-169309979	false_negative	US	Terrell Preferred Inc	6 Johnson Street, Waverly, NY	Terrell Preferred		1
5	S1-348922779	S3-353878337	false_negative	US	Terrell Preferred Inc	6 Johnson Street, Waverly, NY	Terrell Preferred		1
5	S1-35232433	S3-15999669	false_negative	India	Pioneer It Limited	No 506, Mkn Road, Alandur, Chennai, Tamil Nadu	Dr Pioneer It It Límited	No 5-06, Mkn Road, Alandur, Madras, Chennai, தமிழ்நாடு	1
5	S1-259615910	S3-815445141	false_negative	US	Big Bike Shop LLC	1411 Calicut Road, Rio Rancho, NM	Big Bike Shop Llc - 1085879498		1
5	S1-485462223	S2-953451505	false_positive	India	High Infrastructure Private Limited	4Th Floor, Fl-4B 344, Ramchandrapur(R.C.Thakurani)M G Road, Kolkata, Howrah, Kolkata, West Bengal, Bl-K	High Infrastructure Foods Private	DOOR NO #63 BL-K, 4TH FLOOR, FL-4B 344, RAMCHANDRAPUR(R.C.THAKURANI)M G ROAD, KOLKATA, KOLKATA, West Bengal	1
5	S1-485462223	S3-383852463	false_negative	India	High Infrastructure Private Limited	4Th Floor, Fl-4B 344, Ramchandrapur(R.C.Thakurani)M G Road, Kolkata, Howrah, Kolkata, West Bengal, Bl-K	High Infrastructure Private Ltd	Bl-k, Calcutta, Howrah, WB	1
5	S1-162925841	S2-755095743	blocking_miss	India	Siddhi Logistics Pvt Ltd	No:27, I Floor, 2Nd Cross, Bannerghatta Road, Doresanipalya, Venkatad, Ari Layout Doresanipalya, Venkatadari Layout, Bangalore, Karnataka	5iddhi Logistics Pvt Ltd	NO:27, BANGALORE, Karnataka	0
5	S1-168992525	S2-106236482	blocking_miss	India	Real Impex Private Limited	8-2-413/B, Road No.4 Banjara Hills, Hyderabad, Telangana	రియల్ ఇంపెక్స్ ప్రైవేట్ లిమిటెడ్	PLOT 654 8-2-413/B, HYDERABAD, Telangana	0
5	S1-168992525	S2-130796898	blocking_miss	India	Real Impex Private Limited	8-2-413/B, Road No.4 Banjara Hills, Hyderabad, Telangana	రియల్ ఇంపెక్స్ ప్రైవేట్ లిమిటెడ్	PLT 654 8-2-413/B, HYDERABAD, తెలంగాణ	0
5	S1-168992525	S2-171772238	blocking_miss	India	Real Impex Private Limited	8-2-413/B, Road No.4 Banjara Hills, Hyderabad, Telangana	రియల్ ఇంపెక్స్ ప్రైవేట్ లిమిటెడ్	PLOT 654 8-2-413/B, HYDERABAD, Telangana	0
5	S1-39421815	S3-643383243	false_negative	US	XUI Pearl	3711 Hillcrest Lane, Sacramento, CA	XUI Pearl Inc	4071 Hillcrets Ln, Sacramento, California	1
5	S1-289076965	S2-673857533	false_negative	India	Galaxy Constructions	C/O Mini Paul, Viii/336-A, Austin Bhavan Near Kadackamon Bridge, Kadakkamon, Pathanapuram, Kollam, Kerala	ഗാലക്സി കൺസ്ട്രക്ഷൻസ്	C/O MINI PAUL, PATHANAPURAM, KOLLAM, Keralam	1
5	S1-642072400	S3-650369903	false_negative	India	Malegaon Services Private Limited	Office No 314, Kaillash Ind.Complex, F Wing, Park Site, Behind Godrej, Vikhroli West, Mumbai, Mumbai City, Maharashtra	Smt Malegaon-Services Private	Ofice No G-314, Mumbai, Mumbai City, MH	1
5	S1-365304730	S3-308570825	false_negative	US	Complete Frontier Kpet Inc	IA, 2727 Linden Street, Des Moines	Complete Frontier Inc Kpet		1
5	S1-574363043	S2-589343781	false_negative	US	Clear Staffing Studios	110 Harris Street, Unit K5, Goodlettsville, TN	Clear Staffing	610 HARRIS ST, GOODLETTSVILLE, TN	1
5	S1-421208180	S2-425553163	false_negative	US	Atlantic Asset Global LP	North Highlands, CA, Unit 154, 5350 Jackson Street	ATLANTIC ASSET		1
5	S1-930187817	S2-346434874	false_negative	US	Duhon's Value Recruiting LLC	2817 Wedgewood Drive, Naperville, IL	Duhon's Value Recruiting	2818 WEDGEWOOD DRIVE, NAPERVILLE, IL	1
5	S1-930187817	S2-380716219	false_negative	US	Duhon's Value Recruiting LLC	2817 Wedgewood Drive, Naperville, IL	Services Duhon's Recruiting LLC	2818 WEDGEWOOD DR, NAPERVILLE, IL	1
5	S1-760226183	S2-600210071	blocking_miss	India	Abacus Brothers Private Limited	Plot No.21 And 22, Road No.10C, Mla And Mp Colony Gayathri Hills, Jubilee Hills, Hyderabad, Telangana	ABACUS BROTHERS-LIMITED SERVICES #4921		0
5	S1-17733472	S2-196060518	false_negative	US	Murphy Therapies LLC	Altoona, IA, 242 Fir Street	Murphy Therapies LLC		1
5	S1-17733472	S2-310264388	false_negative	US	Murphy Therapies LLC	Altoona, IA, 242 Fir Street	Murphy Therapies		1
5	S1-17733472	S3-883221170	false_negative	US	Murphy Therapies LLC	Altoona, IA, 242 Fir Street	Murphy LLC Service	Iowa, 241 Fir St, Altoona	1
5	S1-733200646	S2-470170590	false_negative	India	Surya Infotech	130, Extension 2Nd Cross, Vinayaka Nagar, Near Stella Marys English School, Gubbi, Tumkur, Karnataka	ಸೂರ್ಯ ಇನ್‌ಫೋಟೆಕ್	DOOR NO 00847 130, GUBBI, TUMKUR, Karnataka	1
5	S1-9376752	S2-30027194	blocking_miss	US	Christian Clemons Fargo	207 Brown Place, Hueytown, AL	christianclemonsfargo.com	207 BROWN PL, NULL, BESSEMER, AL	0
5	S1-974360670	S2-292220648	blocking_miss	India	Laxmi Star Systems Pvt Ltd	Opp- Oshiwara Police Station New Link Road Andheri West, Mumbai City, Maharashtra, 3/103, Mumbai	लक्ष्मी स्टार सिस्टम्स प्रा. लि.	3/103, MUMBAI, Maharashtra	0
5	S1-974360670	S3-222472643	blocking_miss	India	Laxmi Star Systems Pvt Ltd	Opp- Oshiwara Police Station New Link Road Andheri West, Mumbai City, Maharashtra, 3/103, Mumbai	लक्ष्मी स्टार सिस्टम्स प्रा. लि.	3/103, MH, Mumbai, Mumbai City	0
5	S1-974360670	S3-693597404	blocking_miss	India	Laxmi Star Systems Pvt Ltd	Opp- Oshiwara Police Station New Link Road Andheri West, Mumbai City, Maharashtra, 3/103, Mumbai	लक्ष्मी स्टार सिस्टम्स प्रा. लि.	3/103, Mumbai, Mumbai City, महाराष्ट्र	0
5	S1-510536776	S3-447944363	false_negative	US	The Dent Auto Body	5119 Flower Ridge Court, Katy, TX	The Dent Auto		1
5	S1-510536776	S3-760051212	blocking_miss	US	The Dent Auto Body	5119 Flower Ridge Court, Katy, TX	The Dent Aut0	Flower Ridge Ct, KTAY CITY, Texas	0
5	S1-488682823	S2-638655089	blocking_miss	India	Indian Logistics Private Limited	Flat No. 302, 3Rd Floor, Deccan Greens, 80Feetroad, Mallathahalli, Jnanabharathi, Bengaluru, Bangalore, Karnataka	ಇಂಡಿಯನ್ ಲಾಜಿಸ್ಟಿಕ್ಸ್ ಪ್ರೈವೇಟ್ ಲಿಮಿಟೆಡ್	DOOR NO 302, BENGALURU, BANGALORE, Karnataka	0
5	S1-488682823	S3-357286823	blocking_miss	India	Indian Logistics Private Limited	Flat No. 302, 3Rd Floor, Deccan Greens, 80Feetroad, Mallathahalli, Jnanabharathi, Bengaluru, Bangalore, Karnataka	ಇಂಡಿಯನ್ ಲಾಜಿಸ್ಟಿಕ್ಸ್ ಪ್ರೈವೇಟ್ ಲಿಮಿಟೆಡ್	Falt No. 302, Bangalore, Bengaluru, KA	0
5	S1-258124951	S3-327771776	blocking_miss	India	Classic Foods Private Limited	295, Sector 10 Panchkula, Panchkula, Haryana	C1assic Foods Private	Door No 385 295, Sector 10 Panchkula, Barwala, HR	0
5	S1-258124951	S3-702022982	blocking_miss	India	Classic Foods Private Limited	295, Sector 10 Panchkula, Panchkula, Haryana	क्लासिक फूड्स प्राइवेट लिमिटेड	No 385 295, Sector 10 Panchkula, Barwala, HR	0
5	S1-198166489	S3-803313449	false_negative	US	Blue Auto Body	154 Pekin Road, Lebanon, OH	Blue Auto-Body LP	Pekin Rd, Clearcreek Twp, Ohio	1
5	S1-667480918	S2-352916769	false_negative	US	Chaviano Endocrinology	8510 W Ridge Drive, Quinlan, TX	CHAVIAN0 ENDOCRINOLOGY	851 W RIDGE DR, QUINLAN, TX	1
5	S1-92162108	S2-588137048	blocking_miss	India	Apex Exports Private Limited	146, Gadodia Market Khari Baoli, Fateh Puri, New Delhi, Delhi	एपेक्स एक्सपोर्ट्स प्राइवेट लिमिटेड	146, NEW DELHI, null, Delhi	0
5	S1-967208707	S3-441198853	singleton_false_merge	US	Johnson, Blair and Simpson LLC	2303 Buddy Court, Highland, IN	Johnson, Bláir and Simpson LLC		1
5	S1-476721607	S3-635801326	false_negative	US	American Gulf Select	Great Mills, 21984 Barkentine Court, MD	American Gulf Select Corp	22160 Barkentine Court, Grreat Mills CITY, Maryland	1
5	S1-165029754	S2-314523037	false_negative	US	Lantern Inc	2211 45th Court, Sand Springs, OK	Lantern Lantern Inc Services		0
5	S1-105325857	S2-658127576	false_negative	India	Aarvavi Farmer Private Limited	Unit No.28, Hyderabad, Telangana, Saroor Nagar, S.No.31, Sri Vishnu House Bhagyanagar Colony	Aarvavi Fbnr Private Limited	#88 UNIT NO.28, S.NO.31, SRI VISHNU HOUSE BHAGYANAGAR COLONY, SAROOR NAGAR, Telangana	1
5	S1-158154199	S3-251423642	false_negative	US	Insurance LLC	IN, Mooresville, 786 Gasburg Lane	Insurance LLC Services	934 Gasburg Lane, Mooresville, Indiana	1
5	S1-778366693	S2-544957780	false_negative	US	Reed & Lyons Oneim, Inc	1320 Exmoor Lane, Bel Air, MD	REED & [LYONS]		1
5	S1-809627094	S2-587141784	false_negative	India	Eldorado Consul Pvt. Ltd.	Dukan No 5 Ground Floor Shri Nath Hotel New Bus Stand Garoth, Garoth, Mandsaur, Madhya Pradesh	Eldorado Consul Pvt. Ltd		1
5	S1-633986058	S2-561844086	false_negative	US	BL Kgaa Inc	1330 Pyramid Drive, Conway, AR	BL Inc Kgaa		1
5	S1-477612638	S2-752304340	false_positive	US	Patriot Center VI	1767 Siebert Way, Fl 0, Grants Pass, OR	PATRIOT CENTER XVI	GRANTS PASS CITY, 1767 SIEBERT WAY, OR	1
5	S1-477612638	S3-160944090	blocking_miss	US	Patriot Center VI	1767 Siebert Way, Fl 0, Grants Pass, OR	Patriot Center VI LP		0
5	S1-477612638	S3-561825201	false_negative	US	Patriot Center VI	1767 Siebert Way, Fl 0, Grants Pass, OR	Patriot Center	2767 Siebert Way, Grants Pass, Oregon	1
5	S1-7534300	S3-666179938	false_negative	India	Omega Law Chambers	C/O Goutam Debnath, Vill-Basudha Po-Moukhira, Basudha, Bardhaman, West Bengal	Omega Law Chsamibes - 6980225308	No. 692 C/o Goutam Debnath, Vill-basudha Po-moukhira, Basudha, Bardhaman, WB	1
5	S1-994375599	S2-332152729	false_negative	US	Jillana Botelho Total Aviation LLC	801 Pine Street, IL, Delavan	jillana botelho total aviation llc		1
5	S1-601914564	S2-198221875	blocking_miss	US	Continental Academy LLC	1717 40th Street, Unit Apartment 132, Fargo, ND	CÓNTINENTALACADEMY.COM	1506 40ST SAINT, ND, FARGO	0
5	S1-601914564	S2-21023075	false_negative	US	Continental Academy LLC	1717 40th Street, Unit Apartment 132, Fargo, ND	continental academy llc	FARGO, ND, 1506 40ST STREET	1
5	S1-601914564	S3-276120989	false_negative	US	Continental Academy LLC	1717 40th Street, Unit Apartment 132, Fargo, ND	Continental Academy	01506 40th Street, Fargo, North Dakota	1
5	S1-587996766	S2-865529125	false_negative	US	Osorno Analytics of Hickory Inc	480 Cape Hickory Road, Hickory, NC	ARCORBIORBI	NC, 480 CHPE HICKORY ROAD, HICKORY	1
5	S1-829968985	S3-405300057	false_negative	India	India Trikaal Information Private Limited	Ram Swaroop Road, Behind Sbi Guru Nanak Colony, Chandausi, Chandauli, Uttar Pradesh	Private India Trkiala Information Limited	UP, No. 561 Ram Swaroop Road, Chandausi, Behind Sbi Guru Nanak Colony, Chandauli	1
5	S1-829968985	S3-519688177	false_negative	India	India Trikaal Information Private Limited	Ram Swaroop Road, Behind Sbi Guru Nanak Colony, Chandausi, Chandauli, Uttar Pradesh	India Trikaal Information Limited Center Center	H.no 561 Ram Swaroop Road, Behind Sbi Guru Nanak Colony, Chandauli, Chandausi, UP	1
5	S1-722757454	S2-555406196	blocking_miss	US	Surgical Health	OH, Franklin, 919 2nd Street	Surgical Health Enterprises		0
5	S1-722757454	S3-911083390	blocking_miss	US	Surgical Health	OH, Franklin, 919 2nd Street	surgicalhealth.com	919 2nd St, Franklin, Ohio	0
5	S1-274908266	S3-660397469	singleton_false_merge	India	LOU Motor Private Limited	Panikketty House, Vi/366 B, Thrithalloor, Vadanappally Po, Chavakkad, Thrissur, Kerala	LU Motor Private Limited	No 5 Panikketty House, Vi/366 B, Thrithalloor, Vadanappally Po, Chavakkad, Thrissur, കേരളം	1
5	S1-443991257	S2-377903658	blocking_miss	US	Primary Care Specialists Inc	1338 Waco Avenue, Springfield, MO	Jaxsolquo	MO, SRPINGFIELD CITY, 1338 WCAO AVE	0
5	S1-673388823	S2-25188961	false_negative	US	Mius, LLC	757 Irving Park Boulevard, Sheffield Lake, OH	Mius, LLC Center	766. IRVING PARK BLVD, PMB 3422, SHEFFIELD LAKE, OH	1
5	S1-673388823	S2-333640858	false_negative	US	Mius, LLC	757 Irving Park Boulevard, Sheffield Lake, OH	MDIUF,-LLC	766. Irving Park Blvd, OH, SHEFFIELD LAKE	0
5	S1-673388823	S2-695525767	false_negative	US	Mius, LLC	757 Irving Park Boulevard, Sheffield Lake, OH	Mius, Llc		1
5	S1-140690062	S3-948645655	false_negative	US	Mei's Trading	1112 103 Spruce Street, Yakima, WA	Mei'5 Services		0
5	S1-53206053	S3-493679527	false_negative	India	Kal & Co	E-21, Galaxy Appartment Sector 43, Gurgaon, Haryana	Yumavio	E-21, Galaxy Appartment Sector 43, Gurgaon, हरियाणा	1
5	S1-53206053	S3-689014723	false_negative	India	Kal & Co	E-21, Galaxy Appartment Sector 43, Gurgaon, Haryana	Kal & Co		1
5	S1-415257659	S3-548948829	false_negative	US	Overly College	824 Spur, Mesa, AZ	Ariabrix	824B Spur, Mesa, Arizona	0
5	S1-371111778	S3-886740758	blocking_miss	India	Cochin Renewable Pvt Ltd	3, Kirtidham Complex, Nr. Textile Tech Soc, Income Tax Bridge, Ahmedabad, Gujarat	Cochin Pvt Ltd Partners	Hn 655 3, Ahmedabad Hq Region, Ahmedabad, GJ	0
5	S1-784705632	S3-637967276	false_negative	US	Lin Liberty Northwest Group	3272 Balmer Fenwick Road, Floyds Knobs, IN	Lin Liberty Northwest ([Group])		1
5	S1-406288649	S2-829487542	false_negative	India	Rkk Developers (India) LLP	Plot No: 421/P/2, Hyderabad, Industrial Area Electronics Complex, Telangana, Kushaiguda	Rkk Devel0pers (India)	H.NO 118 PLOT NO: 421/P/2, INDUSTRIAL AREA ELECTRONICS COMPLEX, KUSHAIGUDA, Telangana	1
5	S1-605821539	S3-408399236	false_negative	US	Shelba Bland, D.C., PC Corp	70 Melrose Avenue, Staten Island, NY	Zetahalo	70 1/2 Melrose Ave, Staten Island, New York	1
5	S1-559635398	S3-97161899	false_negative	US	Bright Rre Inc	2451 Midtown Avenue, Unit STE 825, Fairfax County, VA	Bright Rre	245 Midtown Ave, # STE 825, Alexandria, Virginia	1
5	S1-105514973	S2-225852007	false_negative	US	Granite Kensington LLC	3736 Saddle Horn Trail, Ogden, KS	Granite Kensington Llc		1
5	S1-105514973	S3-24870359	false_negative	US	Granite Kensington LLC	3736 Saddle Horn Trail, Ogden, KS	Granite LLC Kensington		1
5	S1-492032399	S2-125139033	blocking_miss	US	Safe Championsgate LLC	9901 Nocturne Cove, Austin, TX	Safe Champi0nsgate L.L.C.		0
5	S1-329276899	S2-832226752	false_negative	India	Sun Consultants Private Limited	Plot No. 55, Sector-8 Office No. 210, Second Floor, Gandhidham, Kachchh, Gujarat	સન કન્સલ્ટન્ટ્સ પ્રાઇવેટ લિમિટેડ	DOOR NO 55, KACHCHH, GANDHIDHAM, Gujarat	0
5	S1-569470365	S3-763733005	false_positive	US	Alida Johnson Legacy Bright LLC	MA, Beverly, Unit 302, 95 Rantoul Street	Lombard Johnson Legacy Bright LLC	95 Rantoul Saint, Unit 302, Beverly, Massachusetts	1
5	S1-569470365	S3-74857629	false_negative	US	Alida Johnson Legacy Bright LLC	MA, Beverly, Unit 302, 95 Rantoul Street	Alida Johnson Legacy	Beverly, 95 Rantoul Street, Massachusetts	1
5	S1-174182928	S3-775746012	blocking_miss	US	Oncology Health LLC	98 Black Walnut Drive, Durham, CT	The Oncology Health LLC		0
5	S1-123430289	S3-543847154	blocking_miss	India	North Trading	X- 973/128/64, Chand Mohalla Gandhi Nagar, New Delhi, East Delhi, Delhi	North Trading Co		0
5	S1-65670021	S3-649699946	false_negative	US	Billingsley's Systems	76 Coleman Place, Nelson County, VA	Billingsley'S Systems Ltd		1
5	S1-329506814	S3-651623514	false_negative	US	Allied Charities	957 Wisconsin Lane, Town Of Lincoln, WI	Gildflux	957 Wisconsin Lane, Town Of Lincoln, WI	1
5	S1-738229015	S3-609462663	false_negative	India	India Snow Realty Ltd	3 Rd Floor, J C Chambers, Ernakulam, Kerala, 60/44, Ernakulam	India Snow Ltd [Center]	60/44, Ernakulam, Keralam, Ernakulam	1
5	S1-55895304	S2-952334127	false_positive	US	Zamora, Moore and Minor Lng Inc	ME, Belfast, 53 B Battery Road	Mcleod, Moore and Minor Lng Inc	53 B BATTERY ROAD, BELFATS, ME	1
5	S1-995898549	S3-189536922	blocking_miss	India	White Trade Private Limited	Ahmedabad, Plot No. 05, Gujarat, Sardar Patel Ind.Park-1, Dhamatvan Road, Dhamatvan, Daskroi, Ahmedabad	White Trade Prviaie [Limited]	No 0-5, Ahmedabad, GJ	0
5	S1-791357986	S2-651802508	blocking_miss	India	Supreme Producer	C-41, Kailash Apartments Kailash Colony, New Delhi, South Delhi, Delhi	सुप्रीम प्रोड्यूसर	NEW DELHI, 87 C-41, Delhi, SOUTH DELHI	0
5	S1-791357986	S3-823767150	blocking_miss	India	Supreme Producer	C-41, Kailash Apartments Kailash Colony, New Delhi, South Delhi, Delhi	सुप्रीम प्रोड्यूसर	C-g-41, <NULL>, South-east Delhi, South Delhi, DL	0
5	S1-791357986	S3-902185411	blocking_miss	India	Supreme Producer	C-41, Kailash Apartments Kailash Colony, New Delhi, South Delhi, Delhi	Supreme प्रोड्यूसर	C-g-41, <NULL>, South-east Delhi, South Delhi, DL	0
5	S1-692029490	S2-23690951	blocking_miss	India	Bright Universal Food Private Limited	503, Ekdant Apartment, Oshiwara Link Road, Oshiwara, Jogeshwari (W), Mumbai, Mumbai City, Maharashtra	ब्राइट यूनिवर्सल फूड प्राइवेट लिमिटेड	Maharashtra, MUMBAI CITY, MUMBAI, 503	0
5	S1-692029490	S2-856027596	blocking_miss	India	Bright Universal Food Private Limited	503, Ekdant Apartment, Oshiwara Link Road, Oshiwara, Jogeshwari (W), Mumbai, Mumbai City, Maharashtra	ब्राइट यूनिवर्सल फूड प्राइवेट लिमिटेड	503, MUMBAI, MUMBAI CITY, Maharashtra	0
5	S1-702231062	S2-991022046	false_negative	US	Colonial Apollo Inc	20026 Apperson Place, Germantown, MD	Colonial Apollo Inc		1
5	S1-702231062	S3-341122539	blocking_miss	US	Colonial Apollo Inc	20026 Apperson Place, Germantown, MD	Colonial Inc Services Trading		0
5	S1-702231062	S3-549299214	blocking_miss	US	Colonial Apollo Inc	20026 Apperson Place, Germantown, MD	Colonial Inc Center Trading		0
5	S1-401975859	S2-6388017	blocking_miss	India	Devanth Sun	Shop No-6, Ground Floor, Block-D, Asad Market, Abul Fazal Enclave-I, Jamia Nagar, Okhla, New Delhi, Delhi	Devanth Sun		0
5	S1-513036112	S3-741274777	false_negative	India	Raigarh Christian Co	At H.No 1885. B Wing, Flat No.101 Mhasala, Tal-Mhasala, Dist-Raigarh, Raigarh, Maharashtra	Raigarh Christian Co		1
5	S1-88701835	S2-679956803	false_positive	India	Ambika Traders Private Limited	C/O Jogesh Kumar Amat, Plot No. 2881 Po-Kirmira, Ps-Laikera, Dist-Jharsuguda, Jharsuguda, Orissa	Private Ambika Trscdsc Holdings Limited	DOOR NO 20 C/O JOGESH KUMAR AMAT, PLOT NO. 2881 PO-KIRMIRA, PS-LAIKERA, DIST-JHARSUGUDA, JHARSUGUDA, Odisha	1
5	S1-88701835	S2-873497201	blocking_miss	India	Ambika Traders Private Limited	C/O Jogesh Kumar Amat, Plot No. 2881 Po-Kirmira, Ps-Laikera, Dist-Jharsuguda, Jharsuguda, Orissa	Ambika Traders		0
5	S1-99342424	S3-299696420	false_negative	US	All Motors	215 Sunny Side Drive, Libby, MT	All Motors		1
5	S1-788234255	S3-669290720	singleton_false_merge	US	National Neurosciences	228 Greenfield Drive, Benton, AR	Nationa1 Neuroscienes Corp	230 Greenfield Drive, Benton, Arkansas	1
5	S1-915687985	S3-190496775	blocking_miss	India	Mumbai Oil Private Limited	501, Ctc No. 893, Juhu Tara Road, Above Honey Home, Santacruz (West), Mumbai, Mumbai City, Maharashtra	Mumbaioilprivate.Com	Mumbai (SUBURBAN), MH, 0501	0
5	S1-915687985	S3-305109668	blocking_miss	India	Mumbai Oil Private Limited	501, Ctc No. 893, Juhu Tara Road, Above Honey Home, Santacruz (West), Mumbai, Mumbai City, Maharashtra	Mumbai 0il Private Limited	0501, Mumbai (SUBURBAN), महाराष्ट्र	0
5	S1-915687985	S3-323161860	blocking_miss	India	Mumbai Oil Private Limited	501, Ctc No. 893, Juhu Tara Road, Above Honey Home, Santacruz (West), Mumbai, Mumbai City, Maharashtra	Mumbai Mumbai Oil Prívate Limited	0501, Mumbai (SUBURBAN), MH	0
5	S1-915687985	S3-8745256	blocking_miss	India	Mumbai Oil Private Limited	501, Ctc No. 893, Juhu Tara Road, Above Honey Home, Santacruz (West), Mumbai, Mumbai City, Maharashtra	Mumbai Oil Private	0501, Mumbai (SUBURBAN), MH	0
5	S1-476030936	S2-597031254	false_negative	India	Ss Consulting Private Limited	Plot No. 7A & B, Opp. Police Station Road No.5, Sikar Road, Jaipur, Rajasthan	एसएस कंसल्टिंग प्राइवेट लिमिटेड	PLOT NO. 7A & B, null, JAIPUR, राजस्थान	0
5	S1-61278120	S3-470694902	false_negative	US	Tedder Midwest Pampa	OK, 1919 125th Avenue E, Tulsa	Evozeph	125th Ave East, Tulsa, Oklahoma	1
5	S1-960486847	S3-526173332	false_negative	India	Kota Non Pvt Ltd	Plot No.33, Siddi Vinayak Nagar, Kota, Rajasthan	Ltd Kota Pvt Center	Plot No.33, Kota, RJ	1
5	S1-944787991	S2-450684838	false_negative	US	Bureau of Finance LLC	4603 Tuckerman Street, Riverdale, MD	Center Bureau of LLC	TUCKERMAN ST, RIVERALE TOWNSHIP, MD	0
5	S1-689960537	S2-649154835	false_positive	India	Indo Consulting	Lower Ground Floor, Hotel Conclave Boutique, A-20, Kailash Colony, New Delhi, Delhi	Indo Consulting (Furniture)	DOCR NO 38 LOWER GROUND FLOOR, HOTEL CONCLAVE BOUTIQUE, A-20, KAILASH COLONY, NEW DELHI, Delhi	1
5	S1-689960537	S2-107657694	false_negative	India	Indo Consulting	Lower Ground Floor, Hotel Conclave Boutique, A-20, Kailash Colony, New Delhi, Delhi	Sri Indo Consulting Co		0
5	S1-689960537	S2-257078758	false_negative	India	Indo Consulting	Lower Ground Floor, Hotel Conclave Boutique, A-20, Kailash Colony, New Delhi, Delhi	Mr Indo Consulting Consulting		0
5	S1-689960537	S3-617834074	false_negative	India	Indo Consulting	Lower Ground Floor, Hotel Conclave Boutique, A-20, Kailash Colony, New Delhi, Delhi	Indo Consulting		1
5	S1-589892008	S3-638665399	blocking_miss	India	EV Payments Corp	45, Mahatma Gandhi Road, P S Amherst Street, Amherst Street, Kolkata, Howrah, West Bengal	Rizazetazeph	45, Kolkata, Howrah, WB	0
5	S1-573035907	S2-149790346	false_negative	US	Optimal Hospital	701 Second Street, Watervliet, NY	Optimal Hospital		1
5	S1-113014648	S2-34163158	false_negative	US	Desert Platinum Security LLC	3408 Mountainside Road, Vestavia Hills, AL	Desert Security LLC Service		1
5	S1-889215581	S2-145476116	false_negative	US	Dimick Continental Brc Clinic	203 Dresel Circle, Muldraugh, KY	Dimick Continental [Brc]	201 DRESEL CIRCLE, PMB 8327, MULDRAUGH, KY	1
5	S1-889215581	S2-202768908	false_negative	US	Dimick Continental Brc Clinic	203 Dresel Circle, Muldraugh, KY	Dimick Continental Brc	KY, 201 DRESEL CIR, MULDRAUGH	1
5	S1-53796889	S2-729246514	blocking_miss	India	Real Consultants Private Limited	House No. 52, Sector - 21B Faridabad, Faridabad, Haryana	रियल कंसल्टेंट्स प्राइवेट लिमिटेड	HOUSE NO. 0052, FARIDABAD, Haryana	0
5	S1-53796889	S3-832288298	blocking_miss	India	Real Consultants Private Limited	House No. 52, Sector - 21B Faridabad, Faridabad, Haryana	Real Consultants Private [Limited]		0
5	S1-960601743	S3-624164660	false_negative	US	Miller Apollo	MD, Salisbury, 302 Locust Terrace	Arciriarc	302. Locust Ter, Salisbury, Maryland	0
5	S1-872901495	S2-436740717	false_negative	US	Montara Stellar LLC	2550 Crawford Street, Deer Park, WA	Montara (Stellar)	2537 CRAWFORD STREET, DEER PARK, WA	1
5	S1-872901495	S3-474762302	false_negative	US	Montara Stellar LLC	2550 Crawford Street, Deer Park, WA	Montara Stellar	2537 Crawford Street, Der Park, Washington	1
5	S1-872901495	S3-951920958	blocking_miss	US	Montara Stellar LLC	2550 Crawford Street, Deer Park, WA	Montara Stelar Stelar LLC	2537 Crawford St, Der Park, Washington	0
5	S1-818022629	S2-704171632	false_negative	US	S E & T Transportation Associates	32 Crescent Lane, North Oaks, MN	S E + + T Transportation Associates Corp		1
5	S1-109104946	S2-196099572	false_negative	India	Aruna Vidyalaya	41A, A.J.C. Bose Road, 6Th Floor, Room No. 615, Kolkata, Kolkata, Howrah, West Bengal	Aruna Vidyalaya		1
5	S1-109104946	S3-692957264	false_negative	India	Aruna Vidyalaya	41A, A.J.C. Bose Road, 6Th Floor, Room No. 615, Kolkata, Kolkata, Howrah, West Bengal	Shri Aruna Vidyalaya Limited	41A, Kolkata, Howrah, WB	1
5	S1-109104946	S3-825710608	false_negative	India	Aruna Vidyalaya	41A, A.J.C. Bose Road, 6Th Floor, Room No. 615, Kolkata, Kolkata, Howrah, West Bengal	Mr arunavidyalaya.com	41A, Howrah, Kolkata, WB	0
5	S1-182224438	S2-732429878	blocking_miss	US	Self Family Practice	37 Blue Bird Drive, Chester, WV	Yumasyntavo	37 BLUE BIRD DRIVE, CHESTR, WV	0
5	S1-560814696	S2-295722566	false_positive	India	Bal Public School	Tf, Office-306, Metro Plaza, Bhilvas Chowk, Rajkot, Gujarat	Bal Public School Enterprises	NO 9 TF, OFFICE-306, METRO PLAZA, BHILVAS CHOWK, RAJKOT, Gujarat	1
5	S1-560814696	S3-156089216	false_negative	India	Bal Public School	Tf, Office-306, Metro Plaza, Bhilvas Chowk, Rajkot, Gujarat	Bal Public School [Limited]	H.no B3/148 Tf, Office-306, Metro Plaza, Bhilvas Chowk, Rajkot, GJ	1
5	S1-560814696	S3-481216837	false_negative	India	Bal Public School	Tf, Office-306, Metro Plaza, Bhilvas Chowk, Rajkot, Gujarat	Bal-Public School	Rajkot, GJ, Rajkot, H.no B3/148 Tf	1
5	S1-803904480	S3-961947196	false_negative	India	Master Shipping Pvt Ltd	A-108, East Delhi, Ground Floor Vivek Vihar, Delhi	Master Shiosipg Pvt Ltd | www.mastershi.com	दिल्ली, Delhi, Ground Floor Vivek Vihar, East Delhi, Plot 467 A-108	1
5	S1-980963250	S2-112600991	false_negative	US	Evans Classic Select	17536 Rabon Chapel Road, Montgomery, TX	Evans Cliagaaic Select	TX, MONTGOMERY, 17350 RABON CHAPEL RD	1
5	S1-980963250	S3-937504997	false_negative	US	Evans Classic Select	17536 Rabon Chapel Road, Montgomery, TX	Evans Classic	Texas, 1735 Rabon Chapel Rd, Montgomery	1
5	S1-959700012	S3-750138668	false_negative	US	Jones, Juarez & Villalva Inc.	1812 Missouri Avenue, East Saint Louis, IL	Jones, Juarez Villalva & lnc.	Missouri Ave, East Saint Louis, Illinois	1
5	S1-284948133	S2-751610292	false_negative	India	Dream Finance Private Limited	33 Kustia Road, Kolkata, Howrah, West Bengal	Haloiri	NO 33 KUSTIA ROAD, PICNIC GARDEN KOLKATA, HOWRAH, West Bengal	1
5	S1-494090113	S3-203735842	blocking_miss	India	Bhalla Brothers Pvt. Ltd.	110, Suvarnakala Avenue 8, Narnarayan Govt. Servant Society, Swas, Tik Road, Ahmedabad, Gujarat	bhallabrothers.com	110, Ahmedabad Hq Region, Ahmedabad, ગુજરાત	0
5	S1-494090113	S3-721729351	blocking_miss	India	Bhalla Brothers Pvt. Ltd.	110, Suvarnakala Avenue 8, Narnarayan Govt. Servant Society, Swas, Tik Road, Ahmedabad, Gujarat	@bhallabrothers	110, Ahmedabad Hq Region, Ahmedabad, GJ	0
5	S1-615708510	S3-674837788	blocking_miss	US	Behavioral Health Center LLC	Bloomington, 514 Douglas Street, IL	Behavioral Health Center Ventures		0
5	S1-10544628	S3-757481526	false_negative	India	Maa Trading Private Limited	5263 Near Lions Bus Stop, Udhna Main Road, Mangrol, Surat, Gujarat	Maa Trading Private	5261 Near Lions Bus Stop, Udhna Main Road, Surat, Mangrol, GJ	1
5	S1-748257044	S2-227047797	false_negative	US	Big Coffee	60 Hidden Meadow Drive, Hendersonville, NC	The Big Coffee	PO BOX 8607, NC, HENDERSONVILLE, 60 1/2 HIDDEN MEADOW DR	1
5	S1-748257044	S3-757545574	blocking_miss	US	Big Coffee	60 Hidden Meadow Drive, Hendersonville, NC	Big Corfrfsee		0
5	S1-398919014	S3-185421268	blocking_miss	India	Cheetah & Sons Private Limited	West Bengal, 18, Howrah, Kolkata, Rabindra Sarani, Poddar Court, 3Rd Floor, Room No.322, Kolkata	Cheetah & Sons	88, Howrah, পশ্চিমবঙ্গ	0
5	S1-861513134	S2-171547727	false_negative	India	Kavita Studios	101-Ff, Ship Aperia, Nr. Landmark Hotel, Iscon-Ambli Road, Bodakdev, Ahmadabad City, Ahmedabad, Gujarat	Kavita Studios		1
5	S1-529491231	S2-858166965	false_negative	India	Agrasen Vidyalaya	9-10-10/3/1, Ganapathi Street, Tadepalligudem, West Godavari, Andhra Pradesh	Agrasen Vidyalaya Ltd		1
5	S1-858611081	S3-77084623	false_negative	India	Raj Developers Private Limited	Salem, Srirangapalayam Road Salem, Salem, Tamil Nadu, 38	ராஜ் டெவலப்பர்ஸ் பிரைவேட் லிமிடெட்	No 3-38 38, Salem, TN	1
5	S1-561506204	S3-724562586	blocking_miss	US	Urgent Care Valley Health PLLC	10267 Jamestown Drive, Unit COND 708, Anchorage, AK	Urgent Valley Health-PLLC Partners	10267d Jamestown Drive, Anchorae CITY, Alaska	0
5	S1-837680715	S3-838938791	false_negative	US	Vision Group	315 Evans Creek Road, Unit 17, Rogue River, OR	Vision Group Authority	315 Evans Creek Rd, PMB 3306, Rogue River, Oregon	1
5	S1-332330053	S2-192332345	false_negative	US	QCC Anchor Atlanticus	Sand Springs, 1115 Maple Avenue, OK	QCC Anchor Atlanticus Inc.	OK, SAND SPRINGS, ##1101 MAPLE AVENUE	1
5	S1-332330053	S3-21051716	false_negative	US	QCC Anchor Atlanticus	Sand Springs, 1115 Maple Avenue, OK	QCC QCC Anchor Atamlntihhns	01111 Maple Ave, Sand Springs, Oklahoma	1
5	S1-382645931	S2-14811120	false_negative	US	Crestline Inc	5937 Turcks Trailer Park, Watson, NY	Crestline Inc Center	5936 TURCKS TRAILER PARK, <NULL>, LOWVILLE, NY	1
5	S1-895823056	S3-348668129	false_negative	India	Balaji Trading Private Limited	Om, Plot No. 27, Suraj Society, Near Jayanti Mansion 6, Opposite To Kachore Lawn, Manish Nagar, Nagpur, Maharashtra	Balaji Trading Private	Om, Nagpur, MH	1
5	S1-895823056	S3-40206530	false_negative	India	Balaji Trading Private Limited	Om, Plot No. 27, Suraj Society, Near Jayanti Mansion 6, Opposite To Kachore Lawn, Manish Nagar, Nagpur, Maharashtra	Balaji Trading Private	Om, Nagpur, महाराष्ट्र	1
5	S1-932897101	S2-113406742	blocking_miss	India	Green Super Consultancy Private Limited	No 106 Fourth Street, Abhiramapuram, Madras, Chennai, Tamil Nadu	கிரீன் சூப்பர் கன்சல்டன்சி பிரைவேட் லிமிடெட்	H.NO 106 FOURTH STREET, CHENNAI, தமிழ்நாடு	0
5	S1-932897101	S3-611712133	blocking_miss	India	Green Super Consultancy Private Limited	No 106 Fourth Street, Abhiramapuram, Madras, Chennai, Tamil Nadu	கிரீன் சூப்பர் கன்சல்டன்சி பிரைவேட் லிமிடெட்	#108 Fourth Street, Abhiramapuram, Chennai, Madras, TN	0
5	S1-584843527	S3-519810430	false_negative	India	Sgb Trading Private Limited	37/2879-B5, Sivasailam, Changampuzha Samadhi Road, Ernakulam, Kerala	Sri Pyraariakor	Door No 261 37/2879-B5, Sivasailam, Changampuzha Samadhi Road, Ernakulam, KL	1
5	S1-584843527	S3-667406311	false_negative	India	Sgb Trading Private Limited	37/2879-B5, Sivasailam, Changampuzha Samadhi Road, Ernakulam, Kerala	sptrading.com	H.no 261 37/2879-B5, Sivasailam, Changampuzha Samadhi Road, Ernakulam, KL	1
5	S1-132486634	S2-381077156	blocking_miss	US	B 2 X Healthy	11120 Avenue N, IL, Chicago	B 2 X Partners		0
5	S1-195103629	S3-128898319	false_negative	India	Catalyst Public School	Door No.16/714 Naduthodi, Building, Moonampadiuphill, Ernad, Malappuram, Malapuram, Kerala	Dr Catalyst Public Public School Ltd		1
5	S1-743670981	S3-665984205	false_negative	India	Al Infotech Private Limited	H-277, 2Nd Floor Sector-22, Noida, Gautam Buddha Nagar, Uttar Pradesh	Nexverafaye	H-277, Noida, Gautam Buddha Nagar, उत्तर प्रदेश	1
5	S1-264959793	S3-559767864	false_negative	India	Shree Fine Private Limited	S/O. Kaliyappan, C/O. Murugesan K 36 Dpi Main Road Sree Vinaya Electrical Bommidi Dharmapur, I District, Dharmapuri, Tamil Nadu	Dr Shree Fine Private Ltd	S/o. Kaliyappan, Dharmapuri, Bommidi, TN	1
5	S1-257054742	S3-552065753	false_negative	India	Sanjog & Co	133, Chanakyapuri Sector No 2, Near Gayatri Dairy, Gathlodiya, Ahmedabad, Gujarat	s.com	133, Ahmedabad, GJ	0
5	S1-762671885	S3-905260281	blocking_miss	India	Bhaskara Enterprises Private Limited	B 9, 2Nd Floor, Roshni, Manzil, Okhla Vihar, New Delhi, South Delhi, Delhi	8haskara Enterprises Private Limited	B 9, New Delhi, दिल्ली	0
5	S1-565404249	S3-94886380	false_negative	US	Urology Keystone Clinic	17007 Pheasant Ridge Drive, Sugar Land, TX	Urology Keystone Clinic [LLC]	Pheasant Ridge Dr, Sugar LAND CDP, Texas	1
5	S1-155043116	S2-62461051	false_negative	US	Pioneer Network Worldwide	7785 Virginia Oaks Drive, Prince William County, VA	Pioneer Network Wreldwide	GAINESVILLE, VIRGINIA OAKS DRIVE, VA	1
5	S1-496559608	S3-936035555	false_negative	US	Brown's Metal Works	156 Jack Mountain Road, Hot Springs National Park, AR	Brown's Metal	Jack Mountain Road, HOT Prings National PARK, Arkansas	1
5	S1-416090939	S2-979998503	false_negative	India	Bombay Hospitality Private Limited	S.No.391, Palikkadu, Erra, Paiyanahalli, Nallampalli, Pennagaram, Dharmapuri, Tamil Nadu	BHPRIVATE.COM	S.NO.391, PALIKKADU, ERRA, PAIYANAHALLI, NALLAMPALLI, PENNAGARAM, DHARMAPURI, தமிழ்நாடு	1
5	S1-416090939	S3-960951181	blocking_miss	India	Bombay Hospitality Private Limited	S.No.391, Palikkadu, Erra, Paiyanahalli, Nallampalli, Pennagaram, Dharmapuri, Tamil Nadu	Bombay Hospitality (Private)		0
5	S1-362494451	S2-757668425	blocking_miss	India	Good Producer Private Limited	Delhi, Plot No 20 Sector 6 Dwarka, South West Delhi, Delhi, B-16 R D Apartment	गुड प्रोड्यूसर प्राइवेट लिमिटेड	NO 808 B-16 R D APARTMENT, DELHI, SOUTH WEST DELHI, Delhi	0
5	S1-247826494	S2-453571533	false_negative	US	Canyon Community Chiropractic	31601 Brown Road, Canyon, TX	Canyon Chiropractic Services		1
5	S1-727253834	S2-953199325	blocking_miss	India	Black Chemicals Private Limited	House No. 02/6, Scheme No. 5, 6, Jind, Jind, Haryana	8lack Limited Private Chemicals	PLOT 646- HOUSE NO. 02/6, JIND, हरियाणा	0
5	S1-727253834	S3-925628200	blocking_miss	India	Black Chemicals Private Limited	House No. 02/6, Scheme No. 5, 6, Jind, Jind, Haryana	8lack Chémicals Private Limited	Block G-733 House No. 02/6, Jind, HR	0
5	S1-589821733	S2-334621252	false_negative	US	Rodriguez Regional Corp	802 Old Stagecoach Road, Danville, VT	Rodriguez Rcgionsal Corp		1
5	S1-652129878	S3-751029885	false_positive	India	Noida Infra Private Limited	B-31, Sector-36, Noida, Gautam Buddha Nagar, Uttar Pradesh	Noida Private Limited Services	Noida G B Nagar G-31 C, Noida, Gautam Buddha Nagar, UP	1
5	S1-652129878	S3-205255347	blocking_miss	India	Noida Infra Private Limited	B-31, Sector-36, Noida, Gautam Buddha Nagar, Uttar Pradesh	Noida Ir Private Limited	B-31, Noida, Gautam Buddha Nagar, UP	0
5	S1-356202499	S3-921482073	blocking_miss	India	Maa Systems Private Limited	H.No:17-1-376/14, Mig-Vi, Santhosh Nagar New Santhosh Nagar, Near Yadadri Theater, Hyderabad, Telangana	మా సిస్టమ్స్ ప్రైవేట్ లిమిటెడ్	TG, Hyderabad, Plot 5/6 H.no:17-1-376/14	0
5	S1-367390368	S3-736875269	false_negative	India	Daskroi Rubber Private Limited	Plot - 07, Nakshatra Ind., Estate Bakrol Gatrad Road, Daskroi, Ahmedabad, Gujarat	Priccmt Daskroi Rubber Limited	Daskroi, GJ, Ahmedabad, Hn 89 Plot - 07, Nakshatra Ind., Estate Bakrol Gatrad Road	1
5	S1-449683514	S3-803250132	false_negative	US	Urology Clear Center Inc	1029 Walnut Street, Glenwood, IA	Urology Clear		0
5	S1-565900586	S2-412206904	false_negative	US	Lonet Enterprises PLLC	2211 State Highway, Eastham, MA	Lonet Enterprises		1
5	S1-65181191	S3-123257564	blocking_miss	India	Mumbai Planters Private Limited	6, Floor 3Rd, Plot 74/76, Subhadra Mansion, Walkeshwar Road, Malabar Hill, Mumbai, Mumbai City, Maharashtra	mumbai planters private limited	Door No 570 6, Mumbai City, Bombay, महाराष्ट्र	0
